"","model","formula","col(Biotic:Tmin)","SEcol(Biotic:Tmin)","col(Biotic)","SEcol(Biotic)","col(ForestGainCT)","SEcol(ForestGainCT)","col(Int)","SEcol(Int)","col(Tmax:Biotic)","SEcol(Tmax:Biotic)","col(Tmax)","SEcol(Tmax)","col(Tmin)","SEcol(Tmin)","col(Tvar:Biotic)","SEcol(Tvar:Biotic)","col(Tvar)","SEcol(Tvar)","ext(Biotic:Tmin)","SEext(Biotic:Tmin)","ext(Biotic)","SEext(Biotic)","ext(ForestGainCT)","SEext(ForestGainCT)","ext(Int)","SEext(Int)","ext(Tmax:Biotic)","SEext(Tmax:Biotic)","ext(Tmax)","SEext(Tmax)","ext(Tmin)","SEext(Tmin)","ext(Tvar:Biotic)","SEext(Tvar:Biotic)","ext(Tvar)","SEext(Tvar)","p(Biotic:Tmin)","SEp(Biotic:Tmin)","p(Biotic)","SEp(Biotic)","p(ForestGainCT)","SEp(ForestGainCT)","p(Int)","SEp(Int)","p(Tmax:Biotic)","SEp(Tmax:Biotic)","p(Tmax)","SEp(Tmax)","p(Tmin)","SEp(Tmin)","p(Tvar:Biotic)","SEp(Tvar:Biotic)","p(Tvar)","SEp(Tvar)","psi(Elevation)","SEpsi(Elevation)","psi(Int)","SEpsi(Int)","Converge","CondNum","negLogLike","nPars","n","AIC","delta","AICwt","Rsq","cumltvWt"
"15","15","~1 ~ Tvar ~ 1 ~ Tvar",NA,NA,NA,NA,NA,NA,0.310458423347451,0.922890496594602,NA,NA,NA,NA,NA,NA,NA,NA,2.81349120155253,1.58663471228929,NA,NA,NA,NA,NA,NA,0.548607048867527,0.516342058273021,NA,NA,NA,NA,NA,NA,NA,NA,NA,NA,NA,NA,NA,NA,NA,NA,-1.89793684612442,0.238342857096988,NA,NA,NA,NA,NA,NA,NA,NA,0.117806764058835,0.174224945460217,NA,NA,2.18341019642593,2.68707295697633,0,304.410060938648,180.615990346411,6,60,373.231980692821,0,0.0474579984781448,NA,0.0474579984781448
"69","69","~1 ~ Tvar^2 ~ 1 ~ Tvar^2",NA,NA,NA,NA,NA,NA,0.310458423347451,0.922890496594602,NA,NA,NA,NA,NA,NA,NA,NA,2.81349120155253,1.58663471228929,NA,NA,NA,NA,NA,NA,0.548607048867527,0.516342058273021,NA,NA,NA,NA,NA,NA,NA,NA,NA,NA,NA,NA,NA,NA,NA,NA,-1.89793684612442,0.238342857096988,NA,NA,NA,NA,NA,NA,NA,NA,0.117806764058835,0.174224945460217,NA,NA,2.18341019642593,2.68707295697633,0,304.410060938648,180.615990346411,6,60,373.231980692821,0,0.0474579984781448,NA,0.0949159969562896
"30","30","~1 ~ 1 ~ Biotic * Tmin ~ Biotic * Tmin",NA,NA,NA,NA,NA,NA,-0.59155510312234,0.518222890947302,NA,NA,NA,NA,NA,NA,NA,NA,NA,NA,2.93244383172069,2.13298478965042,2.59992465675637,2.00570031938483,NA,NA,1.6649880189764,1.16086844637383,NA,NA,NA,NA,1.52660579290168,1.26726135691109,NA,NA,NA,NA,-0.528035863296585,0.311990785294924,-0.396591709310499,0.423747951529865,NA,NA,-1.7685690778532,0.351120952009451,NA,NA,NA,NA,-0.0204342464208192,0.319039948758137,NA,NA,NA,NA,NA,NA,1.30937155266162,1.32395374503823,0,443.317829753628,176.676109118964,10,60,373.352218237928,0.120237545106363,0.0446889516654995,NA,0.139604948621789
"81","81","~1 ~ 1 ~ Biotic * Tmin^2 ~ Biotic * Tmin^2",NA,NA,NA,NA,NA,NA,-0.59155510312234,0.518222890947302,NA,NA,NA,NA,NA,NA,NA,NA,NA,NA,2.93244383172069,2.13298478965042,2.59992465675637,2.00570031938483,NA,NA,1.6649880189764,1.16086844637383,NA,NA,NA,NA,1.52660579290168,1.26726135691109,NA,NA,NA,NA,-0.528035863296585,0.311990785294924,-0.396591709310499,0.423747951529865,NA,NA,-1.7685690778532,0.351120952009451,NA,NA,NA,NA,-0.0204342464208192,0.319039948758137,NA,NA,NA,NA,NA,NA,1.30937155266162,1.32395374503823,0,443.317829753628,176.676109118964,10,60,373.352218237928,0.120237545106363,0.0446889516654995,NA,0.184293900287289
"4","4","~1 ~ 1 ~ Tmin ~ Tmin",NA,NA,NA,NA,NA,NA,-0.519532339207301,0.516046461964803,NA,NA,NA,NA,NA,NA,NA,NA,NA,NA,NA,NA,NA,NA,NA,NA,1.33321317212909,0.818525428823905,NA,NA,NA,NA,1.69824636804422,1.07428014003912,NA,NA,NA,NA,NA,NA,NA,NA,NA,NA,-1.88869114551298,0.291751935587272,NA,NA,NA,NA,-0.202880446548814,0.30874754290032,NA,NA,NA,NA,NA,NA,1.09394706585358,1.11408164521029,0,69.7997322118056,180.974120826966,6,60,373.948241653932,0.716260961110265,0.0331722803098277,NA,0.217466180597116
"58","58","~1 ~ 1 ~ Tmin^2 ~ Tmin^2",NA,NA,NA,NA,NA,NA,-0.519532339207301,0.516046461964803,NA,NA,NA,NA,NA,NA,NA,NA,NA,NA,NA,NA,NA,NA,NA,NA,1.33321317212909,0.818525428823905,NA,NA,NA,NA,1.69824636804422,1.07428014003912,NA,NA,NA,NA,NA,NA,NA,NA,NA,NA,-1.88869114551298,0.291751935587272,NA,NA,NA,NA,-0.202880446548814,0.30874754290032,NA,NA,NA,NA,NA,NA,1.09394706585358,1.11408164521029,0,69.7997322118056,180.974120826966,6,60,373.948241653932,0.716260961110265,0.0331722803098277,NA,0.250638460906944
"14","14","~1 ~ Tvar ~ Tvar ~ Tvar",NA,NA,NA,NA,NA,NA,0.175061723040593,0.958160605937445,NA,NA,NA,NA,NA,NA,NA,NA,2.43187691839302,1.58910440192132,NA,NA,NA,NA,NA,NA,0.5274915700785,0.531190520967608,NA,NA,NA,NA,NA,NA,NA,NA,-0.547916330288902,0.541167760500167,NA,NA,NA,NA,NA,NA,-1.88548048390174,0.252962788143637,NA,NA,NA,NA,NA,NA,NA,NA,0.0837135876434947,0.17161668652012,NA,NA,1.96420079213527,2.33979260342243,0,251.436622500748,180.008770481232,7,60,374.017540962464,0.785560269642929,0.0320425575438588,NA,0.282681018450803
"68","68","~1 ~ Tvar^2 ~ Tvar^2 ~ Tvar^2",NA,NA,NA,NA,NA,NA,0.175061723040593,0.958160605937445,NA,NA,NA,NA,NA,NA,NA,NA,2.43187691839302,1.58910440192132,NA,NA,NA,NA,NA,NA,0.5274915700785,0.531190520967608,NA,NA,NA,NA,NA,NA,NA,NA,-0.547916330288902,0.541167760500167,NA,NA,NA,NA,NA,NA,-1.88548048390174,0.252962788143637,NA,NA,NA,NA,NA,NA,NA,NA,0.0837135876434947,0.17161668652012,NA,NA,1.96420079213527,2.33979260342243,0,251.436622500748,180.008770481232,7,60,374.017540962464,0.785560269642929,0.0320425575438588,NA,0.314723575994662
"46","46","~1 ~ Tvar * Biotic ~ Tvar * Biotic ~ Tvar * Biotic",NA,NA,-0.415173471469,0.664866456434872,NA,NA,0.593233449946885,0.921784245376642,NA,NA,NA,NA,NA,NA,-2.96588711468951,1.67760671062464,5.2815453259215,2.81059900924205,NA,NA,1.52448029722321,1.04408014437532,NA,NA,0.967429671003996,0.600568074908693,NA,NA,NA,NA,NA,NA,-3.94466164863769,2.20700801574174,0.256923650406677,1.07174046048157,NA,NA,-0.0688734087056437,0.227862720394992,NA,NA,-2.03805830228087,0.212602552076929,NA,NA,NA,NA,NA,NA,0.418994638052332,0.217379703739529,-0.219816482126535,0.316633813774476,NA,NA,2.85439820379873,3.89468908955202,0,1206.31198230214,174.014352291505,13,60,374.02870458301,0.796723890188446,0.0318642003082038,NA,0.346587776302865
"93","93","~1 ~ Tvar^2 * Biotic ~ Tvar^2 * Biotic ~ Tvar^2 * Biotic",NA,NA,-0.415173471469,0.664866456434872,NA,NA,0.593233449946885,0.921784245376642,NA,NA,NA,NA,NA,NA,-2.96588711468951,1.67760671062464,5.2815453259215,2.81059900924205,NA,NA,1.52448029722321,1.04408014437532,NA,NA,0.967429671003996,0.600568074908693,NA,NA,NA,NA,NA,NA,-3.94466164863769,2.20700801574174,0.256923650406677,1.07174046048157,NA,NA,-0.0688734087056437,0.227862720394992,NA,NA,-2.03805830228087,0.212602552076929,NA,NA,NA,NA,NA,NA,0.418994638052332,0.217379703739529,-0.219816482126535,0.316633813774476,NA,NA,2.85439820379873,3.89468908955202,0,1206.31198230214,174.014352291505,13,60,374.02870458301,0.796723890188446,0.0318642003082038,NA,0.378451976611069
"52","52","~1 ~ 1 ~ Tvar + Biotic ~ Tvar + Biotic",NA,NA,NA,NA,NA,NA,-0.620348493561724,0.479018085058149,NA,NA,NA,NA,NA,NA,NA,NA,NA,NA,NA,NA,1.43385540566013,1.17955893732083,NA,NA,0.271131281699234,0.748968581152026,NA,NA,NA,NA,NA,NA,NA,NA,-1.91914760496028,1.41415444814957,NA,NA,-0.188418600585529,0.319687455305471,NA,NA,-1.72864217616986,0.304182423623477,NA,NA,NA,NA,NA,NA,NA,NA,0.347389164495553,0.337503652249376,NA,NA,0.804151272742311,0.883459946517099,0,102.229300178313,179.249602440952,8,60,374.499204881905,1.26722418908327,0.0251846072067949,NA,0.403636583817864
"99","99","~1 ~ 1 ~ Tvar^2 + Biotic ~ Tvar^2 + Biotic",NA,NA,NA,NA,NA,NA,-0.620348493561724,0.479018085058149,NA,NA,NA,NA,NA,NA,NA,NA,NA,NA,NA,NA,1.43385540566013,1.17955893732083,NA,NA,0.271131281699234,0.748968581152026,NA,NA,NA,NA,NA,NA,NA,NA,-1.91914760496028,1.41415444814957,NA,NA,-0.188418600585529,0.319687455305471,NA,NA,-1.72864217616986,0.304182423623477,NA,NA,NA,NA,NA,NA,NA,NA,0.347389164495553,0.337503652249376,NA,NA,0.804151272742311,0.883459946517099,0,102.229300178313,179.249602440952,8,60,374.499204881905,1.26722418908327,0.0251846072067949,NA,0.428821191024659
"2","2","~1 ~ Tmin ~ Tmin ~ Tmin",NA,NA,NA,NA,NA,NA,-0.874067085069015,0.58405882912159,NA,NA,NA,NA,-0.668146565934998,0.917073161967465,NA,NA,NA,NA,NA,NA,NA,NA,NA,NA,1.20623128551917,0.76450601614427,NA,NA,NA,NA,1.47438865052301,1.01920013624955,NA,NA,NA,NA,NA,NA,NA,NA,NA,NA,-1.82039938477817,0.301145074573521,NA,NA,NA,NA,-0.0792630568409712,0.295179298718119,NA,NA,NA,NA,NA,NA,1.14033993081241,1.21815813287633,0,86.8893859800595,180.410625543768,7,60,374.821251087537,1.5892703947153,0.0214389611229967,NA,0.450260152147656
"56","56","~1 ~ Tmin^2 ~ Tmin^2 ~ Tmin^2",NA,NA,NA,NA,NA,NA,-0.874067085069015,0.58405882912159,NA,NA,NA,NA,-0.668146565934998,0.917073161967465,NA,NA,NA,NA,NA,NA,NA,NA,NA,NA,1.20623128551917,0.76450601614427,NA,NA,NA,NA,1.47438865052301,1.01920013624955,NA,NA,NA,NA,NA,NA,NA,NA,NA,NA,-1.82039938477817,0.301145074573521,NA,NA,NA,NA,-0.0792630568409712,0.295179298718119,NA,NA,NA,NA,NA,NA,1.14033993081241,1.21815813287633,0,86.8893859800595,180.410625543768,7,60,374.821251087537,1.5892703947153,0.0214389611229967,NA,0.471699113270652
"50","50","~1 ~ Tvar + Biotic ~ Tvar + Biotic ~ Tvar + Biotic",NA,NA,0.489748239946932,0.679079151925049,NA,NA,-0.684033488412508,0.665123691081611,NA,NA,NA,NA,NA,NA,NA,NA,1.78793780109272,1.14859025263701,NA,NA,2.01971798840389,1.48123621199036,NA,NA,-0.0957729228762218,0.866377529983537,NA,NA,NA,NA,NA,NA,NA,NA,-1.52920029093689,0.983974844073837,NA,NA,-0.140821568612256,0.311301500530406,NA,NA,-1.78993836550752,0.250521690886672,NA,NA,NA,NA,NA,NA,NA,NA,0.159727214413353,0.229417357604086,NA,NA,0.794727640401749,0.812593906763031,0,142.846495612579,177.456246895283,10,60,374.912493790566,1.68051309774444,0.0204828618346716,NA,0.492181975105324
"97","97","~1 ~ Tvar^2 + Biotic ~ Tvar^2 + Biotic ~ Tvar^2 + Biotic",NA,NA,0.489748239946932,0.679079151925049,NA,NA,-0.684033488412508,0.665123691081611,NA,NA,NA,NA,NA,NA,NA,NA,1.78793780109272,1.14859025263701,NA,NA,2.01971798840389,1.48123621199036,NA,NA,-0.0957729228762218,0.866377529983537,NA,NA,NA,NA,NA,NA,NA,NA,-1.52920029093689,0.983974844073837,NA,NA,-0.140821568612256,0.311301500530406,NA,NA,-1.78993836550752,0.250521690886672,NA,NA,NA,NA,NA,NA,NA,NA,0.159727214413353,0.229417357604086,NA,NA,0.794727640401749,0.812593906763031,0,142.846495612579,177.456246895283,10,60,374.912493790566,1.68051309774444,0.0204828618346716,NA,0.512664836939996
"18","18","~Elevation ~ Tvar ~ 1 ~ Tvar",NA,NA,NA,NA,NA,NA,0.373670107791721,0.911307503090058,NA,NA,NA,NA,NA,NA,NA,NA,2.84706716149056,1.55043314040547,NA,NA,NA,NA,NA,NA,0.601234033301523,0.534107105477291,NA,NA,NA,NA,NA,NA,NA,NA,NA,NA,NA,NA,NA,NA,NA,NA,-1.88446545246253,0.224974595641529,NA,NA,NA,NA,NA,NA,NA,NA,0.102454497734556,0.17702059122535,-2.67805122568823,6.18922675360569,4.82947187297754,8.08090246153647,0,4058.79100466508,180.489089469841,7,60,374.978178939683,1.74619824686164,0.0198210787322501,NA,0.532485915672246
"72","72","~Elevation^2 ~ Tvar^2 ~ 1 ~ Tvar^2",NA,NA,NA,NA,NA,NA,0.373670107791721,0.911307503090058,NA,NA,NA,NA,NA,NA,NA,NA,2.84706716149056,1.55043314040547,NA,NA,NA,NA,NA,NA,0.601234033301523,0.534107105477291,NA,NA,NA,NA,NA,NA,NA,NA,NA,NA,NA,NA,NA,NA,NA,NA,-1.88446545246253,0.224974595641529,NA,NA,NA,NA,NA,NA,NA,NA,0.102454497734556,0.17702059122535,-2.67805122568823,6.18922675360569,4.82947187297754,8.08090246153647,0,4058.79100466508,180.489089469841,7,60,374.978178939683,1.74619824686164,0.0198210787322501,NA,0.552306994404496
"16","16","~1 ~ 1 ~ Tvar ~ Tvar",NA,NA,NA,NA,NA,NA,-0.451311300321158,0.519976851861191,NA,NA,NA,NA,NA,NA,NA,NA,NA,NA,NA,NA,NA,NA,NA,NA,0.529149542019778,0.58465200375407,NA,NA,NA,NA,NA,NA,NA,NA,-0.967910701172295,0.776769382188565,NA,NA,NA,NA,NA,NA,-1.76860745421428,0.284376381228276,NA,NA,NA,NA,NA,NA,NA,NA,0.244631129532203,0.257185218613523,NA,NA,1.08249017693221,1.07137919676101,0,43.5705833483714,181.548323445902,6,60,375.096646891805,1.86466619898334,0.0186810936527965,NA,0.570988088057292
"70","70","~1 ~ 1 ~ Tvar^2 ~ Tvar^2",NA,NA,NA,NA,NA,NA,-0.451311300321158,0.519976851861191,NA,NA,NA,NA,NA,NA,NA,NA,NA,NA,NA,NA,NA,NA,NA,NA,0.529149542019778,0.58465200375407,NA,NA,NA,NA,NA,NA,NA,NA,-0.967910701172295,0.776769382188565,NA,NA,NA,NA,NA,NA,-1.76860745421428,0.284376381228276,NA,NA,NA,NA,NA,NA,NA,NA,0.244631129532203,0.257185218613523,NA,NA,1.08249017693221,1.07137919676101,0,43.5705833483714,181.548323445902,6,60,375.096646891805,1.86466619898334,0.0186810936527965,NA,0.589669181710089
"33","33","~Elevation ~ 1 ~ Biotic * Tmin ~ Biotic * Tmin",NA,NA,NA,NA,NA,NA,-0.569468701581166,0.512611314331308,NA,NA,NA,NA,NA,NA,NA,NA,NA,NA,2.90300314657353,2.07116641880584,2.55027276330585,1.83674265900201,NA,NA,1.71395422353819,1.14466412146188,NA,NA,NA,NA,1.51582522510312,1.25427678178508,NA,NA,NA,NA,-0.522211207338881,0.307325125061234,-0.407620603155292,0.3978813714389,NA,NA,-1.76832136597587,0.333908096345233,NA,NA,NA,NA,-0.0345518366459094,0.31686118561218,NA,NA,NA,NA,-1.01022742177942,3.09965226485822,2.27117602453669,3.54234579627515,0,1228.62181589352,176.623917647058,11,60,375.247835294115,2.01585460129411,0.0173209677564162,NA,0.606990149466505
"84","84","~Elevation^2 ~ 1 ~ Biotic * Tmin^2 ~ Biotic * Tmin^2",NA,NA,NA,NA,NA,NA,-0.569468701581166,0.512611314331308,NA,NA,NA,NA,NA,NA,NA,NA,NA,NA,2.90300314657353,2.07116641880584,2.55027276330585,1.83674265900201,NA,NA,1.71395422353819,1.14466412146188,NA,NA,NA,NA,1.51582522510312,1.25427678178508,NA,NA,NA,NA,-0.522211207338881,0.307325125061234,-0.407620603155292,0.3978813714389,NA,NA,-1.76832136597587,0.333908096345233,NA,NA,NA,NA,-0.0345518366459094,0.31686118561218,NA,NA,NA,NA,-1.01022742177942,3.09965226485822,2.27117602453669,3.54234579627515,0,1228.62181589352,176.623917647058,11,60,375.247835294115,2.01585460129411,0.0173209677564162,NA,0.624311117222921
"47","47","~1 ~ Tvar * Biotic ~ 1 ~ Tvar * Biotic",NA,NA,-0.590033627797132,0.79965470854096,NA,NA,0.318041180517624,1.09477537069726,NA,NA,NA,NA,NA,NA,-1.54690475596075,1.34117140639903,2.97483403841159,2.2352403134426,NA,NA,NA,NA,NA,NA,0.447199289484076,0.549486648455166,NA,NA,NA,NA,NA,NA,NA,NA,NA,NA,NA,NA,-0.201551415569247,0.237735887543036,NA,NA,-2.02197735787032,0.263536351068789,NA,NA,NA,NA,NA,NA,0.39519818854738,0.209062244937172,-0.111876795640825,0.310240751569877,NA,NA,2.32585952330919,2.882861832205,0,983.06918656796,177.727682733542,10,60,375.455365467083,2.223384774262,0.0156137617707917,NA,0.639924878993713
"94","94","~1 ~ Tvar^2 * Biotic ~ 1 ~ Tvar^2 * Biotic",NA,NA,-0.590033627797132,0.79965470854096,NA,NA,0.318041180517624,1.09477537069726,NA,NA,NA,NA,NA,NA,-1.54690475596075,1.34117140639903,2.97483403841159,2.2352403134426,NA,NA,NA,NA,NA,NA,0.447199289484076,0.549486648455166,NA,NA,NA,NA,NA,NA,NA,NA,NA,NA,NA,NA,-0.201551415569247,0.237735887543036,NA,NA,-2.02197735787032,0.263536351068789,NA,NA,NA,NA,NA,NA,0.39519818854738,0.209062244937172,-0.111876795640825,0.310240751569877,NA,NA,2.32585952330919,2.882861832205,0,983.06918656796,177.727682733542,10,60,375.455365467083,2.223384774262,0.0156137617707917,NA,0.655538640764504
"1","1","~1 ~ 1 ~ 1 ~ 1",NA,NA,NA,NA,NA,NA,-0.502268614550893,0.573703768684618,NA,NA,NA,NA,NA,NA,NA,NA,NA,NA,NA,NA,NA,NA,NA,NA,0.521915664855159,0.552645605512342,NA,NA,NA,NA,NA,NA,NA,NA,NA,NA,NA,NA,NA,NA,NA,NA,-1.78948635114342,0.292913305634599,NA,NA,NA,NA,NA,NA,NA,NA,NA,NA,NA,NA,1.21373773387987,1.3118452529509,0,65.1502559407622,183.825533021861,4,60,375.651066043721,2.41908535089971,0.0141583195001163,NA,0.669696960264621
"7","7","~Elevation ~ 1 ~ Tmin ~ Tmin",NA,NA,NA,NA,NA,NA,-0.510496115449718,0.511730857421102,NA,NA,NA,NA,NA,NA,NA,NA,NA,NA,NA,NA,NA,NA,NA,NA,1.35935222150493,0.821586901858057,NA,NA,NA,NA,1.68279759942501,1.06549112287111,NA,NA,NA,NA,NA,NA,NA,NA,NA,NA,-1.8862236713158,0.287559147390567,NA,NA,NA,NA,-0.218628536193239,0.312970493049862,NA,NA,NA,NA,-1.22315825713302,2.5971475739278,2.25417011571278,2.97234285434479,0,648.349759477244,180.8634438687,7,60,375.726887737401,2.49490704457946,0.0136316126512072,NA,0.683328572915828
"61","61","~Elevation^2 ~ 1 ~ Tmin^2 ~ Tmin^2",NA,NA,NA,NA,NA,NA,-0.510496115449718,0.511730857421102,NA,NA,NA,NA,NA,NA,NA,NA,NA,NA,NA,NA,NA,NA,NA,NA,1.35935222150493,0.821586901858057,NA,NA,NA,NA,1.68279759942501,1.06549112287111,NA,NA,NA,NA,NA,NA,NA,NA,NA,NA,-1.8862236713158,0.287559147390567,NA,NA,NA,NA,-0.218628536193239,0.312970493049862,NA,NA,NA,NA,-1.22315825713302,2.5971475739278,2.25417011571278,2.97234285434479,0,648.349759477244,180.8634438687,7,60,375.726887737401,2.49490704457946,0.0136316126512072,NA,0.696960185567035
"17","17","~Elevation ~ Tvar ~ Tvar ~ Tvar",NA,NA,NA,NA,NA,NA,0.252289854944609,0.95739108681712,NA,NA,NA,NA,NA,NA,NA,NA,2.49224111666276,1.56269278082635,NA,NA,NA,NA,NA,NA,0.58931154315944,0.551519026423483,NA,NA,NA,NA,NA,NA,NA,NA,-0.543117315619547,0.535663418202354,NA,NA,NA,NA,NA,NA,-1.87573827700368,0.238044174617069,NA,NA,NA,NA,NA,NA,NA,NA,0.069893224583226,0.174209521485334,-2.35628587436102,5.60100603276336,4.30768703492758,7.23119170248732,0,3295.31883256538,179.889543166164,8,60,375.779086332328,2.54710563950704,0.0132804397545655,NA,0.710240625321601
"71","71","~Elevation^2 ~ Tvar^2 ~ Tvar^2 ~ Tvar^2",NA,NA,NA,NA,NA,NA,0.252289854944609,0.95739108681712,NA,NA,NA,NA,NA,NA,NA,NA,2.49224111666276,1.56269278082635,NA,NA,NA,NA,NA,NA,0.58931154315944,0.551519026423483,NA,NA,NA,NA,NA,NA,NA,NA,-0.543117315619547,0.535663418202354,NA,NA,NA,NA,NA,NA,-1.87573827700368,0.238044174617069,NA,NA,NA,NA,NA,NA,NA,NA,0.069893224583226,0.174209521485334,-2.35628587436102,5.60100603276336,4.30768703492758,7.23119170248732,0,3295.31883256538,179.889543166164,8,60,375.779086332328,2.54710563950704,0.0132804397545655,NA,0.723521065076166
"48","48","~1 ~ 1 ~ Tvar * Biotic ~ Tvar * Biotic",NA,NA,NA,NA,NA,NA,-0.796829664501042,0.588887982836719,NA,NA,NA,NA,NA,NA,NA,NA,NA,NA,NA,NA,3.2635886456865,3.21705598009442,NA,NA,-0.708689127414032,1.61980719134607,NA,NA,NA,NA,NA,NA,-1.37866269362515,4.62161356671255,-2.05141212647253,2.37324544945346,NA,NA,0.0784773472732984,0.266334989539437,NA,NA,-2.10028186701752,0.319757851958089,NA,NA,NA,NA,NA,NA,0.383044789887399,0.204708557237583,-0.176659917938435,0.299246674341791,NA,NA,1.14372135713579,1.15740685147016,0,2043.60838065621,177.988871896373,10,60,375.977743792747,2.74576309992563,0.0120247079325009,NA,0.735545773008667
"95","95","~1 ~ 1 ~ Tvar^2 * Biotic ~ Tvar^2 * Biotic",NA,NA,NA,NA,NA,NA,-0.796829664501042,0.588887982836719,NA,NA,NA,NA,NA,NA,NA,NA,NA,NA,NA,NA,3.2635886456865,3.21705598009442,NA,NA,-0.708689127414032,1.61980719134607,NA,NA,NA,NA,NA,NA,-1.37866269362515,4.62161356671255,-2.05141212647253,2.37324544945346,NA,NA,0.0784773472732984,0.266334989539437,NA,NA,-2.10028186701752,0.319757851958089,NA,NA,NA,NA,NA,NA,0.383044789887399,0.204708557237583,-0.176659917938435,0.299246674341791,NA,NA,1.14372135713579,1.15740685147016,0,2043.60838065621,177.988871896373,10,60,375.977743792747,2.74576309992563,0.0120247079325009,NA,0.747570480941168
"3","3","~1 ~ Tmin ~ 1 ~ Tmin",NA,NA,NA,NA,NA,NA,-0.932698339233757,0.722121866615354,NA,NA,NA,NA,-1.67484484707883,1.42871415377068,NA,NA,NA,NA,NA,NA,NA,NA,NA,NA,0.643080268306979,0.557048503495067,NA,NA,NA,NA,NA,NA,NA,NA,NA,NA,NA,NA,NA,NA,NA,NA,-1.86650250090453,0.335949205503919,NA,NA,NA,NA,-0.0821279511784612,0.247038240761181,NA,NA,NA,NA,NA,NA,1.30351890684178,1.46504173116644,0,161.562847626227,181.992866598101,6,60,375.985733196202,2.75375250338067,0.0119767686263144,NA,0.759547249567482
"57","57","~1 ~ Tmin^2 ~ 1 ~ Tmin^2",NA,NA,NA,NA,NA,NA,-0.932698339233757,0.722121866615354,NA,NA,NA,NA,-1.67484484707883,1.42871415377068,NA,NA,NA,NA,NA,NA,NA,NA,NA,NA,0.643080268306979,0.557048503495067,NA,NA,NA,NA,NA,NA,NA,NA,NA,NA,NA,NA,NA,NA,NA,NA,-1.86650250090453,0.335949205503919,NA,NA,NA,NA,-0.0821279511784612,0.247038240761181,NA,NA,NA,NA,NA,NA,1.30351890684178,1.46504173116644,0,161.562847626227,181.992866598101,6,60,375.985733196202,2.75375250338067,0.0119767686263144,NA,0.771524018193797
"55","55","~Elevation ~ 1 ~ Tvar + Biotic ~ Tvar + Biotic",NA,NA,NA,NA,NA,NA,-0.603986611122531,0.484585644419238,NA,NA,NA,NA,NA,NA,NA,NA,NA,NA,NA,NA,1.44914129696562,1.18919638623418,NA,NA,0.291028011947315,0.742792729245562,NA,NA,NA,NA,NA,NA,NA,NA,-1.9549985641665,1.45807111475004,NA,NA,-0.190994606462877,0.316902540958406,NA,NA,-1.73038613363818,0.305688872520403,NA,NA,NA,NA,NA,NA,NA,NA,0.341635523168543,0.336839617787691,-0.675407108791643,2.30003906939598,1.45124224095562,2.49170813700548,0,375.886053452125,179.206225817438,9,60,376.412451634876,3.18047094205508,0.00967562277423904,NA,0.781199640968036
"102","102","~Elevation^2 ~ 1 ~ Tvar^2 + Biotic ~ Tvar^2 + Biotic",NA,NA,NA,NA,NA,NA,-0.603986611122531,0.484585644419238,NA,NA,NA,NA,NA,NA,NA,NA,NA,NA,NA,NA,1.44914129696562,1.18919638623418,NA,NA,0.291028011947315,0.742792729245562,NA,NA,NA,NA,NA,NA,NA,NA,-1.9549985641665,1.45807111475004,NA,NA,-0.190994606462877,0.316902540958406,NA,NA,-1.73038613363818,0.305688872520403,NA,NA,NA,NA,NA,NA,NA,NA,0.341635523168543,0.336839617787691,-0.675407108791643,2.30003906939598,1.45124224095562,2.49170813700548,0,375.886053452125,179.206225817438,9,60,376.412451634876,3.18047094205508,0.00967562277423904,NA,0.790875263742275
"51","51","~1 ~ Tvar + Biotic ~ 1 ~ Tvar + Biotic",NA,NA,-0.196913391983599,0.573712805916575,NA,NA,-0.771903282511279,0.479099785218457,NA,NA,NA,NA,NA,NA,NA,NA,0.71404014918476,0.583444113291914,NA,NA,NA,NA,NA,NA,0.443480255579562,0.538436209921266,NA,NA,NA,NA,NA,NA,NA,NA,NA,NA,NA,NA,-0.380382904505309,0.283821341941248,NA,NA,-1.62039265257551,0.270877103315331,NA,NA,NA,NA,NA,NA,NA,NA,0.444929178402772,0.326797519927508,NA,NA,0.659958525811404,0.788823028956386,0,24.6079230174394,180.236521522846,8,60,376.473043045693,3.24106235287127,0.00938688874135136,NA,0.800262152483626
"98","98","~1 ~ Tvar^2 + Biotic ~ 1 ~ Tvar^2 + Biotic",NA,NA,-0.196913391983599,0.573712805916575,NA,NA,-0.771903282511279,0.479099785218457,NA,NA,NA,NA,NA,NA,NA,NA,0.71404014918476,0.583444113291914,NA,NA,NA,NA,NA,NA,0.443480255579562,0.538436209921266,NA,NA,NA,NA,NA,NA,NA,NA,NA,NA,NA,NA,-0.380382904505309,0.283821341941248,NA,NA,-1.62039265257551,0.270877103315331,NA,NA,NA,NA,NA,NA,NA,NA,0.444929178402772,0.326797519927508,NA,NA,0.659958525811404,0.788823028956386,0,24.6079230174394,180.236521522846,8,60,376.473043045693,3.24106235287127,0.00938688874135136,NA,0.809649041224977
"5","5","~Elevation ~ Tmin ~ Tmin ~ Tmin",NA,NA,NA,NA,NA,NA,-0.856703395559863,0.583431558912267,NA,NA,NA,NA,-0.65343141250387,0.919806428707151,NA,NA,NA,NA,NA,NA,NA,NA,NA,NA,1.23301998819156,0.767267451795077,NA,NA,NA,NA,1.46505779210335,1.01169011845176,NA,NA,NA,NA,NA,NA,NA,NA,NA,NA,-1.81993783997116,0.296938823634669,NA,NA,NA,NA,-0.0908089386223555,0.302306255630748,NA,NA,NA,NA,-1.17290152498224,2.81885475203155,2.26894164509538,3.30324460275598,0,891.591130328774,180.321088448343,8,60,376.642176896686,3.41019620386515,0.00862570738640668,NA,0.818274748611384
"59","59","~Elevation^2 ~ Tmin^2 ~ Tmin^2 ~ Tmin^2",NA,NA,NA,NA,NA,NA,-0.856703395559863,0.583431558912267,NA,NA,NA,NA,-0.65343141250387,0.919806428707151,NA,NA,NA,NA,NA,NA,NA,NA,NA,NA,1.23301998819156,0.767267451795077,NA,NA,NA,NA,1.46505779210335,1.01169011845176,NA,NA,NA,NA,NA,NA,NA,NA,NA,NA,-1.81993783997116,0.296938823634669,NA,NA,NA,NA,-0.0908089386223555,0.302306255630748,NA,NA,NA,NA,-1.17290152498224,2.81885475203155,2.26894164509538,3.30324460275598,0,891.591130328774,180.321088448343,8,60,376.642176896686,3.41019620386515,0.00862570738640668,NA,0.826900455997791
"28","28","~1 ~ Biotic * Tmin ~ Biotic * Tmin ~ Biotic * Tmin",0.911268488259544,0.7746755852432,0.0761185989742165,0.959649801587138,NA,NA,-0.96635680811847,0.799836758017178,NA,NA,NA,NA,-1.71030063920597,1.15510567209785,NA,NA,NA,NA,3.31951458672151,2.0581206972393,2.51066780504429,1.64048048084829,NA,NA,1.70712304668652,1.01554489019565,NA,NA,NA,NA,1.0369309671421,1.09851487287309,NA,NA,NA,NA,-0.575746482025872,0.285002623527369,-0.389266242374211,0.328478923166651,NA,NA,-1.75243347255429,0.334036776393021,NA,NA,NA,NA,0.0827572342658502,0.304808823647387,NA,NA,NA,NA,NA,NA,1.85608498522186,2.09110179886386,0,411.013986546446,175.347480643542,13,60,376.694961287084,3.46298059426283,0.00840103388792158,NA,0.835301489885712
"79","79","~1 ~ Biotic * Tmin^2 ~ Biotic * Tmin^2 ~ Biotic * Tmin^2",0.911268488259544,0.7746755852432,0.0761185989742165,0.959649801587138,NA,NA,-0.96635680811847,0.799836758017178,NA,NA,NA,NA,-1.71030063920597,1.15510567209785,NA,NA,NA,NA,3.31951458672151,2.0581206972393,2.51066780504429,1.64048048084829,NA,NA,1.70712304668652,1.01554489019565,NA,NA,NA,NA,1.0369309671421,1.09851487287309,NA,NA,NA,NA,-0.575746482025872,0.285002623527369,-0.389266242374211,0.328478923166651,NA,NA,-1.75243347255429,0.334036776393021,NA,NA,NA,NA,0.0827572342658502,0.304808823647387,NA,NA,NA,NA,NA,NA,1.85608498522186,2.09110179886386,0,411.013986546446,175.347480643542,13,60,376.694961287084,3.46298059426283,0.00840103388792158,NA,0.843702523773634
"9","9","~1 ~ Tmax ~ 1 ~ Tmax",NA,NA,NA,NA,NA,NA,0.00593930645866174,0.988026784143126,NA,NA,1.21386717758891,1.06605835549209,NA,NA,NA,NA,NA,NA,NA,NA,NA,NA,NA,NA,0.370753239628174,0.524393503839993,NA,NA,NA,NA,NA,NA,NA,NA,NA,NA,NA,NA,NA,NA,NA,NA,-1.88038196770425,0.315957404019902,NA,NA,0.203698394970285,0.228722052036927,NA,NA,NA,NA,NA,NA,NA,NA,2.0382352214652,3.06311598305262,0,402.714548871775,182.377131269427,6,60,376.754262538855,3.52228184603359,0.00815559466970283,NA,0.851858118443337
"63","63","~1 ~ Tmax^2 ~ 1 ~ Tmax^2",NA,NA,NA,NA,NA,NA,0.00593930645866174,0.988026784143126,NA,NA,1.21386717758891,1.06605835549209,NA,NA,NA,NA,NA,NA,NA,NA,NA,NA,NA,NA,0.370753239628174,0.524393503839993,NA,NA,NA,NA,NA,NA,NA,NA,NA,NA,NA,NA,NA,NA,NA,NA,-1.88038196770425,0.315957404019902,NA,NA,0.203698394970285,0.228722052036927,NA,NA,NA,NA,NA,NA,NA,NA,2.0382352214652,3.06311598305262,0,402.714548871775,182.377131269427,6,60,376.754262538855,3.52228184603359,0.00815559466970283,NA,0.86001371311304
"53","53","~Elevation ~ Tvar + Biotic ~ Tvar + Biotic ~ Tvar + Biotic",NA,NA,0.469944678850738,0.686481286613408,NA,NA,-0.655355875228041,0.696684881567383,NA,NA,NA,NA,NA,NA,NA,NA,1.78196892942981,1.14710427910351,NA,NA,1.96959892650009,1.4588312601123,NA,NA,-0.0554344492315676,0.890970718993195,NA,NA,NA,NA,NA,NA,NA,NA,-1.52261847135249,0.988307798317018,NA,NA,-0.146081415358538,0.311209091218398,NA,NA,-1.78674866153044,0.250325301202462,NA,NA,NA,NA,NA,NA,NA,NA,0.159730702361247,0.22948847574853,-0.343929989335743,2.52478037682782,1.13069893940049,2.65303599448017,0,620.732262315965,177.446876705989,11,60,376.893753411978,3.66177271915666,0.00760616207203099,NA,0.867619875185071
"100","100","~Elevation^2 ~ Tvar^2 + Biotic ~ Tvar^2 + Biotic ~ Tvar^2 + Biotic",NA,NA,0.469944678850738,0.686481286613408,NA,NA,-0.655355875228041,0.696684881567383,NA,NA,NA,NA,NA,NA,NA,NA,1.78196892942981,1.14710427910351,NA,NA,1.96959892650009,1.4588312601123,NA,NA,-0.0554344492315676,0.890970718993195,NA,NA,NA,NA,NA,NA,NA,NA,-1.52261847135249,0.988307798317018,NA,NA,-0.146081415358538,0.311209091218398,NA,NA,-1.78674866153044,0.250325301202462,NA,NA,NA,NA,NA,NA,NA,NA,0.159730702361247,0.22948847574853,-0.343929989335743,2.52478037682782,1.13069893940049,2.65303599448017,0,620.732262315965,177.446876705989,11,60,376.893753411978,3.66177271915666,0.00760616207203099,NA,0.875226037257102
"19","19","~Elevation ~ 1 ~ Tvar ~ Tvar",NA,NA,NA,NA,NA,NA,-0.440200890225752,0.528733174846561,NA,NA,NA,NA,NA,NA,NA,NA,NA,NA,NA,NA,NA,NA,NA,NA,0.547941235001812,0.587601278777513,NA,NA,NA,NA,NA,NA,NA,NA,-0.972558424967179,0.781187336476018,NA,NA,NA,NA,NA,NA,-1.76900051466801,0.285364393317791,NA,NA,NA,NA,NA,NA,NA,NA,0.235468455188444,0.258088090716779,-0.665338562308623,2.70603940055202,1.71656401374772,2.94991161325034,0,540.374022810671,181.518285623862,7,60,377.036571247723,3.80459055490189,0.00708195358586781,NA,0.88230799084297
"73","73","~Elevation^2 ~ 1 ~ Tvar^2 ~ Tvar^2",NA,NA,NA,NA,NA,NA,-0.440200890225752,0.528733174846561,NA,NA,NA,NA,NA,NA,NA,NA,NA,NA,NA,NA,NA,NA,NA,NA,0.547941235001812,0.587601278777513,NA,NA,NA,NA,NA,NA,NA,NA,-0.972558424967179,0.781187336476018,NA,NA,NA,NA,NA,NA,-1.76900051466801,0.285364393317791,NA,NA,NA,NA,NA,NA,NA,NA,0.235468455188444,0.258088090716779,-0.665338562308623,2.70603940055202,1.71656401374772,2.94991161325034,0,540.374022810671,181.518285623862,7,60,377.036571247723,3.80459055490189,0.00708195358586781,NA,0.889389944428837
"6","6","~Elevation ~ Tmin ~ 1 ~ Tmin",NA,NA,NA,NA,NA,NA,-0.873051189232876,0.77197706742788,NA,NA,NA,NA,-1.72606346479957,1.47456701541601,NA,NA,NA,NA,NA,NA,NA,NA,NA,NA,0.690622831226154,0.563406947690927,NA,NA,NA,NA,NA,NA,NA,NA,NA,NA,NA,NA,NA,NA,NA,NA,-1.88429057438714,0.340945372499703,NA,NA,NA,NA,-0.0916536902983895,0.244036928677933,NA,NA,NA,NA,-1.5339587922764,3.76074175596741,2.90539813255355,4.85303100801982,0,2030.87575742858,181.885375210823,7,60,377.770750421647,4.53876972882551,0.00490600621616645,NA,0.894295950645004
"60","60","~Elevation^2 ~ Tmin^2 ~ 1 ~ Tmin^2",NA,NA,NA,NA,NA,NA,-0.873051189232876,0.77197706742788,NA,NA,NA,NA,-1.72606346479957,1.47456701541601,NA,NA,NA,NA,NA,NA,NA,NA,NA,NA,0.690622831226154,0.563406947690927,NA,NA,NA,NA,NA,NA,NA,NA,NA,NA,NA,NA,NA,NA,NA,NA,-1.88429057438714,0.340945372499703,NA,NA,NA,NA,-0.0916536902983895,0.244036928677933,NA,NA,NA,NA,-1.5339587922764,3.76074175596741,2.90539813255355,4.85303100801982,0,2030.87575742858,181.885375210823,7,60,377.770750421647,4.53876972882551,0.00490600621616645,NA,0.89920195686117
"10","10","~1 ~ 1 ~ Tmax ~ Tmax",NA,NA,NA,NA,NA,NA,-0.373809830115096,0.575423199318572,NA,NA,NA,NA,NA,NA,NA,NA,NA,NA,NA,NA,NA,NA,NA,NA,0.458027489229575,0.557231713096164,NA,NA,-0.149947948995323,0.573399745574533,NA,NA,NA,NA,NA,NA,NA,NA,NA,NA,NA,NA,-1.78538667584738,0.286349020002916,NA,NA,0.288036092374266,0.22587700421522,NA,NA,NA,NA,NA,NA,NA,NA,1.5835381469572,1.6819089275,0,116.386873267562,182.920936972939,6,60,377.841873945877,4.60989325305599,0.00473460570520238,NA,0.903936562566373
"64","64","~1 ~ 1 ~ Tmax^2 ~ Tmax^2",NA,NA,NA,NA,NA,NA,-0.373809830115096,0.575423199318572,NA,NA,NA,NA,NA,NA,NA,NA,NA,NA,NA,NA,NA,NA,NA,NA,0.458027489229575,0.557231713096164,NA,NA,-0.149947948995323,0.573399745574533,NA,NA,NA,NA,NA,NA,NA,NA,NA,NA,NA,NA,-1.78538667584738,0.286349020002916,NA,NA,0.288036092374266,0.22587700421522,NA,NA,NA,NA,NA,NA,NA,NA,1.5835381469572,1.6819089275,0,116.386873267562,182.920936972939,6,60,377.841873945877,4.60989325305599,0.00473460570520238,NA,0.908671168271575
"49","49","~Elevation ~ 1 ~ Tvar * Biotic ~ Tvar * Biotic",NA,NA,NA,NA,NA,NA,-0.762759593329587,0.6214975718189,NA,NA,NA,NA,NA,NA,NA,NA,NA,NA,NA,NA,3.26305014985068,3.05107121324777,NA,NA,-0.642370121522888,1.584941220726,NA,NA,NA,NA,NA,NA,-1.57885507003514,4.48797855493689,-2.00155186030248,2.32363139811515,NA,NA,0.076382383486937,0.257996487283217,NA,NA,-2.10405451030405,0.314121434630996,NA,NA,NA,NA,NA,NA,0.38309556753859,0.203974738469265,-0.177868414636634,0.298056855382597,-0.601016718794771,3.00275822196523,1.74077143563378,3.37463939548022,0,2205.44746534987,177.967926848963,11,60,377.935853697926,4.7038730051047,0.00451727336842712,NA,0.913188441640002
"96","96","~Elevation^2 ~ 1 ~ Tvar^2 * Biotic ~ Tvar^2 * Biotic",NA,NA,NA,NA,NA,NA,-0.762759593329587,0.6214975718189,NA,NA,NA,NA,NA,NA,NA,NA,NA,NA,NA,NA,3.26305014985068,3.05107121324777,NA,NA,-0.642370121522888,1.584941220726,NA,NA,NA,NA,NA,NA,-1.57885507003514,4.48797855493689,-2.00155186030248,2.32363139811515,NA,NA,0.076382383486937,0.257996487283217,NA,NA,-2.10405451030405,0.314121434630996,NA,NA,NA,NA,NA,NA,0.38309556753859,0.203974738469265,-0.177868414636634,0.298056855382597,-0.601016718794771,3.00275822196523,1.74077143563378,3.37463939548022,0,2205.44746534987,177.967926848963,11,60,377.935853697926,4.7038730051047,0.00451727336842712,NA,0.917705715008429
"54","54","~Elevation ~ Tvar + Biotic ~ 1 ~ Tvar + Biotic",NA,NA,-0.189876292573764,0.605262542650128,NA,NA,-0.756781862327624,0.501228455074249,NA,NA,NA,NA,NA,NA,NA,NA,0.726867987804901,0.664742362479595,NA,NA,NA,NA,NA,NA,0.452088009876439,0.544747867375476,NA,NA,NA,NA,NA,NA,NA,NA,NA,NA,NA,NA,-0.379530456247843,0.284249298499279,NA,NA,-1.62425580268043,0.281887013694363,NA,NA,NA,NA,NA,NA,NA,NA,0.432624065585312,0.35437387060694,-0.46278368358936,2.21189430577266,1.11248881591472,2.38047457729927,0,342.329550073009,180.214383449256,9,60,378.428766898511,5.19678620568982,0.00353054402731468,NA,0.921236259035744
"101","101","~Elevation^2 ~ Tvar^2 + Biotic ~ 1 ~ Tvar^2 + Biotic",NA,NA,-0.189876292573764,0.605262542650128,NA,NA,-0.756781862327624,0.501228455074249,NA,NA,NA,NA,NA,NA,NA,NA,0.726867987804901,0.664742362479595,NA,NA,NA,NA,NA,NA,0.452088009876439,0.544747867375476,NA,NA,NA,NA,NA,NA,NA,NA,NA,NA,NA,NA,-0.379530456247843,0.284249298499279,NA,NA,-1.62425580268043,0.281887013694363,NA,NA,NA,NA,NA,NA,NA,NA,0.432624065585312,0.35437387060694,-0.46278368358936,2.21189430577266,1.11248881591472,2.38047457729927,0,342.329550073009,180.214383449256,9,60,378.428766898511,5.19678620568982,0.00353054402731468,NA,0.924766803063059
"8","8","~1 ~ Tmax ~ Tmax ~ Tmax",NA,NA,NA,NA,NA,NA,0.0868546792895954,1.00990559818663,NA,NA,1.4954651760772,1.19559536447947,NA,NA,NA,NA,NA,NA,NA,NA,NA,NA,NA,NA,0.455612598585034,0.531638643742103,NA,NA,0.371455381327446,0.750784120447448,NA,NA,NA,NA,NA,NA,NA,NA,NA,NA,NA,NA,-1.8896095245163,0.300482046344804,NA,NA,0.215321151910313,0.234701242069924,NA,NA,NA,NA,NA,NA,NA,NA,2.09922463157696,3.29869587511446,0,461.829898817506,182.24081491275,7,60,378.4816298255,5.2496491326786,0.00343844904588251,NA,0.928205252108941
"62","62","~1 ~ Tmax^2 ~ Tmax^2 ~ Tmax^2",NA,NA,NA,NA,NA,NA,0.0868546792895954,1.00990559818663,NA,NA,1.4954651760772,1.19559536447947,NA,NA,NA,NA,NA,NA,NA,NA,NA,NA,NA,NA,0.455612598585034,0.531638643742103,NA,NA,0.371455381327446,0.750784120447448,NA,NA,NA,NA,NA,NA,NA,NA,NA,NA,NA,NA,-1.8896095245163,0.300482046344804,NA,NA,0.215321151910313,0.234701242069924,NA,NA,NA,NA,NA,NA,NA,NA,2.09922463157696,3.29869587511446,0,461.829898817506,182.24081491275,7,60,378.4816298255,5.2496491326786,0.00343844904588251,NA,0.931643701154824
"105","105","~1 ~ 1 ~ ForestGainCT ~ ForestGainCT",NA,NA,NA,NA,NA,NA,-0.409036081615835,0.609612706552916,NA,NA,NA,NA,NA,NA,NA,NA,NA,NA,NA,NA,NA,NA,-0.173817939999063,0.260364555873636,0.632199562670121,0.563808263639696,NA,NA,NA,NA,NA,NA,NA,NA,NA,NA,NA,NA,NA,NA,0.039888945608178,0.118643020469816,-1.82743262743542,0.306410810241723,NA,NA,NA,NA,NA,NA,NA,NA,NA,NA,NA,NA,1.41740861291799,1.59452215694012,0,290.895973924838,183.323258080053,6,60,378.646516160107,5.41453546728542,0.00316634315664288,NA,0.934810044311466
"31","31","~Elevation ~ Biotic * Tmin ~ Biotic * Tmin ~ Biotic * Tmin",0.902468039212348,0.776719592999595,0.0498689201971028,0.988224481924897,NA,NA,-0.935508169543755,0.847214285172405,NA,NA,NA,NA,-1.70132237661867,1.16470571542074,NA,NA,NA,NA,3.29939017700831,2.04430613529489,2.49358664799484,1.61639911926999,NA,NA,1.73727161482315,1.04637179003009,NA,NA,NA,NA,1.04633184920179,1.09309618433573,NA,NA,NA,NA,-0.574067387488319,0.284189128327384,-0.388758471543436,0.327509778301643,NA,NA,-1.76001929906353,0.339023069409977,NA,NA,NA,NA,0.0776364937047046,0.304078262675107,NA,NA,NA,NA,-0.515626332760975,4.68337774625163,2.40308280621251,5.74355599397464,0,3181.53592246638,175.340738490973,14,60,378.681476981947,5.44949628912519,0.00311147513209658,NA,0.937921519443563
"82","82","~Elevation^2 ~ Biotic * Tmin^2 ~ Biotic * Tmin^2 ~ Biotic * Tmin^2",0.902468039212348,0.776719592999595,0.0498689201971028,0.988224481924897,NA,NA,-0.935508169543755,0.847214285172405,NA,NA,NA,NA,-1.70132237661867,1.16470571542074,NA,NA,NA,NA,3.29939017700831,2.04430613529489,2.49358664799484,1.61639911926999,NA,NA,1.73727161482315,1.04637179003009,NA,NA,NA,NA,1.04633184920179,1.09309618433573,NA,NA,NA,NA,-0.574067387488319,0.284189128327384,-0.388758471543436,0.327509778301643,NA,NA,-1.76001929906353,0.339023069409977,NA,NA,NA,NA,0.0776364937047046,0.304078262675107,NA,NA,NA,NA,-0.515626332760975,4.68337774625163,2.40308280621251,5.74355599397464,0,3181.53592246638,175.340738490973,14,60,378.681476981947,5.44949628912519,0.00311147513209658,NA,0.94103299457566
"12","12","~Elevation ~ Tmax ~ 1 ~ Tmax",NA,NA,NA,NA,NA,NA,0.0131126256267422,0.956194249318698,NA,NA,1.21047904719889,1.03957938125741,NA,NA,NA,NA,NA,NA,NA,NA,NA,NA,NA,NA,0.382783097537004,0.532082141306574,NA,NA,NA,NA,NA,NA,NA,NA,NA,NA,NA,NA,NA,NA,NA,NA,-1.87732539975052,0.304492816985606,NA,NA,0.194161720103292,0.233004544856626,NA,NA,NA,NA,NA,NA,-1.02186005391112,4.95225056397884,2.9784636543422,6.29133638850913,0,2431.76115366164,182.35455607569,7,60,378.709112151381,5.4771314585592,0.00306877772769885,NA,0.944101772303358
"66","66","~Elevation^2 ~ Tmax^2 ~ 1 ~ Tmax^2",NA,NA,NA,NA,NA,NA,0.0131126256267422,0.956194249318698,NA,NA,1.21047904719889,1.03957938125741,NA,NA,NA,NA,NA,NA,NA,NA,NA,NA,NA,NA,0.382783097537004,0.532082141306574,NA,NA,NA,NA,NA,NA,NA,NA,NA,NA,NA,NA,NA,NA,NA,NA,-1.87732539975052,0.304492816985606,NA,NA,0.194161720103292,0.233004544856626,NA,NA,NA,NA,NA,NA,-1.02186005391112,4.95225056397884,2.9784636543422,6.29133638850913,0,2431.76115366164,182.35455607569,7,60,378.709112151381,5.4771314585592,0.00306877772769885,NA,0.947170550031057
"29","29","~1 ~ Biotic * Tmin ~ 1 ~ Biotic * Tmin",0.851282332271137,0.783158714922476,0.062385474062536,0.88507029301051,NA,NA,-0.964562666371129,0.77707753573141,NA,NA,NA,NA,-1.63560790510533,1.15746264934721,NA,NA,NA,NA,NA,NA,NA,NA,NA,NA,0.699952709920916,0.524706024496571,NA,NA,NA,NA,NA,NA,NA,NA,NA,NA,-0.627759616653273,0.282409968580913,-0.508415058231055,0.316716997025992,NA,NA,-1.78903760268353,0.359935975986026,NA,NA,NA,NA,0.0599693625759894,0.314183278229213,NA,NA,NA,NA,NA,NA,1.58848645552503,1.81626062814437,0,213.300951898943,179.443555946831,10,60,378.887111893663,5.65513120084125,0.0028074580822353,NA,0.949978008113293
"80","80","~1 ~ Biotic * Tmin^2 ~ 1 ~ Biotic * Tmin^2",0.851282332271137,0.783158714922476,0.062385474062536,0.88507029301051,NA,NA,-0.964562666371129,0.77707753573141,NA,NA,NA,NA,-1.63560790510533,1.15746264934721,NA,NA,NA,NA,NA,NA,NA,NA,NA,NA,0.699952709920916,0.524706024496571,NA,NA,NA,NA,NA,NA,NA,NA,NA,NA,-0.627759616653273,0.282409968580913,-0.508415058231055,0.316716997025992,NA,NA,-1.78903760268353,0.359935975986026,NA,NA,NA,NA,0.0599693625759894,0.314183278229213,NA,NA,NA,NA,NA,NA,1.58848645552503,1.81626062814437,0,213.300951898943,179.443555946831,10,60,378.887111893663,5.65513120084125,0.0028074580822353,NA,0.952785466195528
"22","22","~1 ~ 1 ~ Biotic ~ Biotic",NA,NA,NA,NA,NA,NA,-0.552657412631917,0.570392078525282,NA,NA,NA,NA,NA,NA,NA,NA,NA,NA,NA,NA,0.130405053818591,0.66606284484068,NA,NA,0.487301984214199,0.593408487361621,NA,NA,NA,NA,NA,NA,NA,NA,NA,NA,NA,NA,-0.145545908935411,0.233755728606832,NA,NA,-1.75745521780494,0.290392698855481,NA,NA,NA,NA,NA,NA,NA,NA,NA,NA,NA,NA,1.05324044902209,1.1487313534339,0,50.7429210550564,183.496786302291,6,60,378.993572604583,5.76159191176168,0.00266192387174421,NA,0.955447390067272
"21","21","~1 ~ Biotic ~ 1 ~ Biotic",NA,NA,-0.0989347089509848,0.530708306405317,NA,NA,-0.507370717648421,0.581252506747048,NA,NA,NA,NA,NA,NA,NA,NA,NA,NA,NA,NA,NA,NA,NA,NA,0.534192768517655,0.556421358934902,NA,NA,NA,NA,NA,NA,NA,NA,NA,NA,NA,NA,-0.147166979689939,0.230337089013564,NA,NA,-1.76472922257027,0.295477561786976,NA,NA,NA,NA,NA,NA,NA,NA,NA,NA,NA,NA,1.104552732433,1.21746410847789,0,57.3920808599168,183.498831259677,6,60,378.997662519354,5.76568182653318,0.00265648591295444,NA,0.958103875980227
"35","35","~1 ~ Tmax + Biotic ~ 1 ~ Tmax + Biotic",NA,NA,0.108236243303272,0.641796476267927,NA,NA,-0.118820362901204,0.857137409388626,NA,NA,1.1763177905899,1.07524978690964,NA,NA,NA,NA,NA,NA,NA,NA,NA,NA,NA,NA,0.349367517079946,0.533731185637239,NA,NA,NA,NA,NA,NA,NA,NA,NA,NA,NA,NA,-0.310628594324916,0.253791921236861,NA,NA,-1.77887817260941,0.302986517283868,NA,NA,0.340190837111064,0.262318644679574,NA,NA,NA,NA,NA,NA,NA,NA,1.48677035348336,1.68120840176227,0,131.803751475627,181.545600776543,8,60,379.091201553086,5.85922086026511,0.00253510396280231,NA,0.960638979943029
"86","86","~1 ~ Tmax^2 + Biotic ~ 1 ~ Tmax^2 + Biotic",NA,NA,0.108236243303272,0.641796476267927,NA,NA,-0.118820362901204,0.857137409388626,NA,NA,1.1763177905899,1.07524978690964,NA,NA,NA,NA,NA,NA,NA,NA,NA,NA,NA,NA,0.349367517079946,0.533731185637239,NA,NA,NA,NA,NA,NA,NA,NA,NA,NA,NA,NA,-0.310628594324916,0.253791921236861,NA,NA,-1.77887817260941,0.302986517283868,NA,NA,0.340190837111064,0.262318644679574,NA,NA,NA,NA,NA,NA,NA,NA,1.48677035348336,1.68120840176227,0,131.803751475627,181.545600776543,8,60,379.091201553086,5.85922086026511,0.00253510396280231,NA,0.963174083905831
"104","104","~1 ~ ForestGainCT ~ 1 ~ ForestGainCT",NA,NA,NA,NA,0.0416573460023903,0.24679035369343,-0.472981867529219,0.627844677601516,NA,NA,NA,NA,NA,NA,NA,NA,NA,NA,NA,NA,NA,NA,NA,NA,0.500193365650335,0.558182377798024,NA,NA,NA,NA,NA,NA,NA,NA,NA,NA,NA,NA,NA,NA,0.0601675848318053,0.106922034293937,-1.83045780855215,0.312783539484923,NA,NA,NA,NA,NA,NA,NA,NA,NA,NA,NA,NA,1.35318902908198,1.54882772988218,0,301.135093172247,183.593724139667,6,60,379.187448279335,5.95546758651363,0.00241599517760302,NA,0.965590079083434
"26","26","~1 ~ Biotic + Tmin ~ 1 ~ Biotic + Tmin",NA,NA,-0.178561687790108,0.76098351215039,NA,NA,-0.937719225437774,0.752682326864641,NA,NA,NA,NA,-1.48399547653867,1.30702667300959,NA,NA,NA,NA,NA,NA,NA,NA,NA,NA,0.629785434759099,0.563632507476142,NA,NA,NA,NA,NA,NA,NA,NA,NA,NA,NA,NA,-0.135886797209023,0.237138437161305,NA,NA,-1.84418803809812,0.340703215809426,NA,NA,NA,NA,-0.105367098790519,0.25944840485934,NA,NA,NA,NA,NA,NA,1.14620353548862,1.36408857088016,0,141.017467226575,181.642724853759,8,60,379.285449707518,6.05346901469659,0.00230046337481431,NA,0.967890542458248
"77","77","~1 ~ Biotic + Tmin^2 ~ 1 ~ Biotic + Tmin^2",NA,NA,-0.178561687790108,0.76098351215039,NA,NA,-0.937719225437774,0.752682326864641,NA,NA,NA,NA,-1.48399547653867,1.30702667300959,NA,NA,NA,NA,NA,NA,NA,NA,NA,NA,0.629785434759099,0.563632507476142,NA,NA,NA,NA,NA,NA,NA,NA,NA,NA,NA,NA,-0.135886797209023,0.237138437161305,NA,NA,-1.84418803809812,0.340703215809426,NA,NA,NA,NA,-0.105367098790519,0.25944840485934,NA,NA,NA,NA,NA,NA,1.14620353548862,1.36408857088016,0,141.017467226575,181.642724853759,8,60,379.285449707518,6.05346901469659,0.00230046337481431,NA,0.970191005833063
"13","13","~Elevation ~ 1 ~ Tmax ~ Tmax",NA,NA,NA,NA,NA,NA,-0.366865855871614,0.579805283298641,NA,NA,NA,NA,NA,NA,NA,NA,NA,NA,NA,NA,NA,NA,NA,NA,0.471441544270896,0.562814368955214,NA,NA,-0.156117772442719,0.577955291022877,NA,NA,NA,NA,NA,NA,NA,NA,NA,NA,NA,NA,-1.78469847334716,0.285780489353501,NA,NA,0.280092085946954,0.23023963366563,NA,NA,NA,NA,NA,NA,-0.676784882139801,3.70391456687487,2.21226502583432,4.12576423857239,0,1163.44359275401,182.904366326881,7,60,379.808732653762,6.57675196094112,0.00177086671606839,NA,0.971961872549131
"67","67","~Elevation^2 ~ 1 ~ Tmax^2 ~ Tmax^2",NA,NA,NA,NA,NA,NA,-0.366865855871614,0.579805283298641,NA,NA,NA,NA,NA,NA,NA,NA,NA,NA,NA,NA,NA,NA,NA,NA,0.471441544270896,0.562814368955214,NA,NA,-0.156117772442719,0.577955291022877,NA,NA,NA,NA,NA,NA,NA,NA,NA,NA,NA,NA,-1.78469847334716,0.285780489353501,NA,NA,0.280092085946954,0.23023963366563,NA,NA,NA,NA,NA,NA,-0.676784882139801,3.70391456687487,2.21226502583432,4.12576423857239,0,1163.44359275401,182.904366326881,7,60,379.808732653762,6.57675196094112,0.00177086671606839,NA,0.9737327392652
"36","36","~1 ~ 1 ~ Tmax + Biotic ~ Tmax + Biotic",NA,NA,NA,NA,NA,NA,-0.423535720018312,0.539748034880405,NA,NA,NA,NA,NA,NA,NA,NA,NA,NA,NA,NA,0.113326676145728,0.676393250526692,NA,NA,0.419747361167004,0.59629373351265,NA,NA,-0.249453092182222,0.681570118383073,NA,NA,NA,NA,NA,NA,NA,NA,-0.287941207411097,0.248080299836988,NA,NA,-1.70405248519914,0.282632869394366,NA,NA,0.399645953413651,0.247259850586519,NA,NA,NA,NA,NA,NA,NA,NA,1.30596597462942,1.28481194126852,0,67.9656231435944,181.972768795741,8,60,379.945537591482,6.71355689866056,0.00165378504585555,NA,0.975386524311055
"87","87","~1 ~ 1 ~ Tmax^2 + Biotic ~ Tmax^2 + Biotic",NA,NA,NA,NA,NA,NA,-0.423535720018312,0.539748034880405,NA,NA,NA,NA,NA,NA,NA,NA,NA,NA,NA,NA,0.113326676145728,0.676393250526692,NA,NA,0.419747361167004,0.59629373351265,NA,NA,-0.249453092182222,0.681570118383073,NA,NA,NA,NA,NA,NA,NA,NA,-0.287941207411097,0.248080299836988,NA,NA,-1.70405248519914,0.282632869394366,NA,NA,0.399645953413651,0.247259850586519,NA,NA,NA,NA,NA,NA,NA,NA,1.30596597462942,1.28481194126852,0,67.9656231435944,181.972768795741,8,60,379.945537591482,6.71355689866056,0.00165378504585555,NA,0.977040309356911
"11","11","~Elevation ~ Tmax ~ Tmax ~ Tmax",NA,NA,NA,NA,NA,NA,0.0899040479459101,0.964041756040743,NA,NA,1.49590611996026,1.17082282305037,NA,NA,NA,NA,NA,NA,NA,NA,NA,NA,NA,NA,0.464026411868799,0.534020945413052,NA,NA,0.381825078446575,0.761585337052171,NA,NA,NA,NA,NA,NA,NA,NA,NA,NA,NA,NA,-1.88605204205477,0.287538649939242,NA,NA,0.205609176840303,0.237886258274973,NA,NA,NA,NA,NA,NA,-1.14478149285852,5.09041849202087,3.15569520396718,6.66117329040908,0,2673.48248353466,182.213518808182,8,60,380.427037616364,7.19505692354267,0.00129993805785808,NA,0.978340247414769
"65","65","~Elevation^2 ~ Tmax^2 ~ Tmax^2 ~ Tmax^2",NA,NA,NA,NA,NA,NA,0.0899040479459101,0.964041756040743,NA,NA,1.49590611996026,1.17082282305037,NA,NA,NA,NA,NA,NA,NA,NA,NA,NA,NA,NA,0.464026411868799,0.534020945413052,NA,NA,0.381825078446575,0.761585337052171,NA,NA,NA,NA,NA,NA,NA,NA,NA,NA,NA,NA,-1.88605204205477,0.287538649939242,NA,NA,0.205609176840303,0.237886258274973,NA,NA,NA,NA,NA,NA,-1.14478149285852,5.09041849202087,3.15569520396718,6.66117329040908,0,2673.48248353466,182.213518808182,8,60,380.427037616364,7.19505692354267,0.00129993805785808,NA,0.979640185472627
"108","108","~Elevation^2 ~ 1 ~ ForestGainCT ~ ForestGainCT",NA,NA,NA,NA,NA,NA,-0.374479286715095,0.625360506911204,NA,NA,NA,NA,NA,NA,NA,NA,NA,NA,NA,NA,NA,NA,-0.180574055358469,0.261341160105508,0.67673778231674,0.569796337327877,NA,NA,NA,NA,NA,NA,NA,NA,NA,NA,NA,NA,NA,NA,0.0392195115505808,0.118220018885447,-1.82776943000838,0.300920887547158,NA,NA,NA,NA,NA,NA,NA,NA,NA,NA,-1.56020090836128,3.72351239696916,2.98033523257299,4.70169996574164,0,3770.73872512599,183.217324479204,7,60,380.434648958408,7.20266826558651,0.00129500032291787,NA,0.980935185795545
"103","103","~1 ~ ForestGainCT ~ ForestGainCT ~ ForestGainCT",NA,NA,NA,NA,0.0807601503934999,0.317533876963692,-0.457813681721848,0.606431993103496,NA,NA,NA,NA,NA,NA,NA,NA,NA,NA,NA,NA,NA,NA,-0.192760434921732,0.295438669686828,0.627705064180921,0.567033808856587,NA,NA,NA,NA,NA,NA,NA,NA,NA,NA,NA,NA,NA,NA,0.0238837355395595,0.134262235542431,-1.80979028869572,0.306311130598258,NA,NA,NA,NA,NA,NA,NA,NA,NA,NA,NA,NA,1.33397181368037,1.49164457866623,0,277.618943375802,183.281130131941,7,60,380.562260263882,7.33027957106117,0.00121495287711339,NA,0.982150138672658
"24","24","~Elevation ~ Biotic ~ 1 ~ Biotic",NA,NA,-0.104495612356667,0.539023468569509,NA,NA,-0.474103895834116,0.602849186584518,NA,NA,NA,NA,NA,NA,NA,NA,NA,NA,NA,NA,NA,NA,NA,NA,0.572731857788932,0.559673593841385,NA,NA,NA,NA,NA,NA,NA,NA,NA,NA,NA,NA,-0.15121228074722,0.23108712623695,NA,NA,-1.76642486898348,0.29513765114785,NA,NA,NA,NA,NA,NA,NA,NA,NA,NA,-1.29372484097861,2.98304650682918,2.39856996625813,3.6127285629125,0,753.022658413232,183.393826327886,7,60,380.787652655773,7.55567196295164,0.00108546568299199,NA,0.98323560435565
"75","75","~Elevation^2 ~ Biotic ~ 1 ~ Biotic",NA,NA,-0.104495612356667,0.539023468569509,NA,NA,-0.474103895834116,0.602849186584518,NA,NA,NA,NA,NA,NA,NA,NA,NA,NA,NA,NA,NA,NA,NA,NA,0.572731857788932,0.559673593841385,NA,NA,NA,NA,NA,NA,NA,NA,NA,NA,NA,NA,-0.15121228074722,0.23108712623695,NA,NA,-1.76642486898348,0.29513765114785,NA,NA,NA,NA,NA,NA,NA,NA,NA,NA,-1.29372484097861,2.98304650682918,2.39856996625813,3.6127285629125,0,753.022658413232,183.393826327886,7,60,380.787652655773,7.55567196295164,0.00108546568299199,NA,0.984321070038642
"25","25","~Elevation ~ 1 ~ Biotic ~ Biotic",NA,NA,NA,NA,NA,NA,-0.517170436129312,0.588891343833962,NA,NA,NA,NA,NA,NA,NA,NA,NA,NA,NA,NA,0.104495362951246,0.660710503015091,NA,NA,0.531137053473711,0.591635737883932,NA,NA,NA,NA,NA,NA,NA,NA,NA,NA,NA,NA,-0.154706738860259,0.232584447435899,NA,NA,-1.75871956614276,0.290414629630572,NA,NA,NA,NA,NA,NA,NA,NA,NA,NA,-1.2114477191064,2.87857640669641,2.26326680847138,3.43266879347135,0,684.57451423525,183.400210960327,7,60,380.800421920655,7.56844122783338,0.00107855746027729,NA,0.985399627498919
"76","76","~Elevation^2 ~ 1 ~ Biotic ~ Biotic",NA,NA,NA,NA,NA,NA,-0.517170436129312,0.588891343833962,NA,NA,NA,NA,NA,NA,NA,NA,NA,NA,NA,NA,0.104495362951246,0.660710503015091,NA,NA,0.531137053473711,0.591635737883932,NA,NA,NA,NA,NA,NA,NA,NA,NA,NA,NA,NA,-0.154706738860259,0.232584447435899,NA,NA,-1.75871956614276,0.290414629630572,NA,NA,NA,NA,NA,NA,NA,NA,NA,NA,-1.2114477191064,2.87857640669641,2.26326680847138,3.43266879347135,0,684.57451423525,183.400210960327,7,60,380.800421920655,7.56844122783338,0.00107855746027729,NA,0.986478184959197
"32","32","~Elevation ~ Biotic * Tmin ~ 1 ~ Biotic * Tmin",0.845893497950137,0.786636881811194,0.0453536040646024,0.904967902580153,NA,NA,-0.939160848512126,0.816994829974163,NA,NA,NA,NA,-1.62904069946726,1.16676302633371,NA,NA,NA,NA,NA,NA,NA,NA,NA,NA,0.711251614063852,0.532303380512529,NA,NA,NA,NA,NA,NA,NA,NA,NA,NA,-0.622434565220433,0.284958720020523,-0.504698867474717,0.318526023342615,NA,NA,-1.79870007489607,0.367776404237686,NA,NA,NA,NA,0.0505368092429055,0.317582548967008,NA,NA,NA,NA,-0.524716065878575,3.99336225102116,2.11988568943598,4.75016434175734,0,2180.59443756243,179.434717408663,11,60,380.869434817325,7.63745412450396,0.0010419750670295,NA,0.987520160026226
"83","83","~Elevation^2 ~ Biotic * Tmin^2 ~ 1 ~ Biotic * Tmin^2",0.845893497950137,0.786636881811194,0.0453536040646024,0.904967902580153,NA,NA,-0.939160848512126,0.816994829974163,NA,NA,NA,NA,-1.62904069946726,1.16676302633371,NA,NA,NA,NA,NA,NA,NA,NA,NA,NA,0.711251614063852,0.532303380512529,NA,NA,NA,NA,NA,NA,NA,NA,NA,NA,-0.622434565220433,0.284958720020523,-0.504698867474717,0.318526023342615,NA,NA,-1.79870007489607,0.367776404237686,NA,NA,NA,NA,0.0505368092429055,0.317582548967008,NA,NA,NA,NA,-0.524716065878575,3.99336225102116,2.11988568943598,4.75016434175734,0,2180.59443756243,179.434717408663,11,60,380.869434817325,7.63745412450396,0.0010419750670295,NA,0.988562135093256
"20","20","~1 ~ Biotic ~ Biotic ~ Biotic",NA,NA,-0.0889782899242541,0.537777117560174,NA,NA,-0.529317686870166,0.594301045306102,NA,NA,NA,NA,NA,NA,NA,NA,NA,NA,NA,NA,0.114745388587781,0.652361673448276,NA,NA,0.508632371542301,0.590658819235039,NA,NA,NA,NA,NA,NA,NA,NA,NA,NA,NA,NA,-0.13221381389907,0.245448857704189,NA,NA,-1.76178175761887,0.294528327215731,NA,NA,NA,NA,NA,NA,NA,NA,NA,NA,NA,NA,1.08573586020963,1.20501608475702,0,56.957810794381,183.482914006961,7,60,380.965828013922,7.73384732110048,0.000992946410913124,NA,0.989555081504169
"107","107","~Elevation^2 ~ ForestGainCT ~ 1 ~ ForestGainCT",NA,NA,NA,NA,0.0371712729434368,0.247262981581096,-0.442910983575559,0.643596849361208,NA,NA,NA,NA,NA,NA,NA,NA,NA,NA,NA,NA,NA,NA,NA,NA,0.535915369871853,0.563552185347764,NA,NA,NA,NA,NA,NA,NA,NA,NA,NA,NA,NA,NA,NA,0.0607282197524049,0.106746386936658,-1.83051422113973,0.309787885116789,NA,NA,NA,NA,NA,NA,NA,NA,NA,NA,-1.31493526993378,3.48863763256929,2.65941277786913,4.33355966468383,0,3497.57796509446,183.512576217208,7,60,381.025152434415,7.79317174159377,0.00096392595884885,NA,0.990519007463018
"27","27","~Elevation ~ Biotic + Tmin ~ 1 ~ Biotic + Tmin",NA,NA,-0.206274120588158,0.833000862659699,NA,NA,-0.863615242905555,0.861183666291388,NA,NA,NA,NA,-1.52663795553562,1.37581334801401,NA,NA,NA,NA,NA,NA,NA,NA,NA,NA,0.682624699615526,0.576741666145722,NA,NA,NA,NA,NA,NA,NA,NA,NA,NA,NA,NA,-0.134275796385702,0.242346889134889,NA,NA,-1.86670858792573,0.360391617193165,NA,NA,NA,NA,-0.116798317076911,0.255688152364705,NA,NA,NA,NA,-1.50471088666535,3.50631283694199,2.72554876685452,4.60476148696853,0,1778.4256187548,181.520409848658,9,60,381.040819697315,7.80883900449408,0.00095640441709873,NA,0.991475411880116
"78","78","~Elevation^2 ~ Biotic + Tmin^2 ~ 1 ~ Biotic + Tmin^2",NA,NA,-0.206274120588158,0.833000862659699,NA,NA,-0.863615242905555,0.861183666291388,NA,NA,NA,NA,-1.52663795553562,1.37581334801401,NA,NA,NA,NA,NA,NA,NA,NA,NA,NA,0.682624699615526,0.576741666145722,NA,NA,NA,NA,NA,NA,NA,NA,NA,NA,NA,NA,-0.134275796385702,0.242346889134889,NA,NA,-1.86670858792573,0.360391617193165,NA,NA,NA,NA,-0.116798317076911,0.255688152364705,NA,NA,NA,NA,-1.50471088666535,3.50631283694199,2.72554876685452,4.60476148696853,0,1778.4256187548,181.520409848658,9,60,381.040819697315,7.80883900449408,0.00095640441709873,NA,0.992431816297215
"38","38","~Elevation ~ Tmax + Biotic ~ 1 ~ Tmax + Biotic",NA,NA,0.114474560792102,0.650429820645143,NA,NA,-0.0992495783916265,0.862774283588911,NA,NA,1.18443731820604,1.06462906699457,NA,NA,NA,NA,NA,NA,NA,NA,NA,NA,NA,NA,0.357504431729085,0.539034938693152,NA,NA,NA,NA,NA,NA,NA,NA,NA,NA,NA,NA,-0.311891987854467,0.254898177309948,NA,NA,-1.78125436484789,0.300189188781613,NA,NA,0.331594832270318,0.265979661083871,NA,NA,NA,NA,NA,NA,-0.770159689636488,3.5556670893007,2.23500792530058,4.18438459880906,0,1122.40153212284,181.52136553081,9,60,381.042731061621,7.81075036879957,0.000955490835083045,NA,0.993387307132298
"89","89","~Elevation^2 ~ Tmax^2 + Biotic ~ 1 ~ Tmax^2 + Biotic",NA,NA,0.114474560792102,0.650429820645143,NA,NA,-0.0992495783916265,0.862774283588911,NA,NA,1.18443731820604,1.06462906699457,NA,NA,NA,NA,NA,NA,NA,NA,NA,NA,NA,NA,0.357504431729085,0.539034938693152,NA,NA,NA,NA,NA,NA,NA,NA,NA,NA,NA,NA,-0.311891987854467,0.254898177309948,NA,NA,-1.78125436484789,0.300189188781613,NA,NA,0.331594832270318,0.265979661083871,NA,NA,NA,NA,NA,NA,-0.770159689636488,3.5556670893007,2.23500792530058,4.18438459880906,0,1122.40153212284,181.52136553081,9,60,381.042731061621,7.81075036879957,0.000955490835083045,NA,0.994342797967381
"39","39","~Elevation ~ 1 ~ Tmax + Biotic ~ Tmax + Biotic",NA,NA,NA,NA,NA,NA,-0.417635229405176,0.542663246258379,NA,NA,NA,NA,NA,NA,NA,NA,NA,NA,NA,NA,0.112221263115673,0.678274460342777,NA,NA,0.432244809890686,0.59969233770867,NA,NA,-0.256530657796836,0.688418742054826,NA,NA,NA,NA,NA,NA,NA,NA,-0.289659354847177,0.248138385433092,NA,NA,-1.70306609778379,0.282276364848028,NA,NA,0.392275620563407,0.250187976348086,NA,NA,NA,NA,NA,NA,-0.626030022461968,3.09139115495743,1.88950756674065,3.35293340625108,0,780.475294635826,181.952088109116,9,60,381.904176218231,8.67219552541007,0.000621106517866293,NA,0.994963904485248
"90","90","~Elevation^2 ~ 1 ~ Tmax^2 + Biotic ~ Tmax^2 + Biotic",NA,NA,NA,NA,NA,NA,-0.417635229405176,0.542663246258379,NA,NA,NA,NA,NA,NA,NA,NA,NA,NA,NA,NA,0.112221263115673,0.678274460342777,NA,NA,0.432244809890686,0.59969233770867,NA,NA,-0.256530657796836,0.688418742054826,NA,NA,NA,NA,NA,NA,NA,NA,-0.289659354847177,0.248138385433092,NA,NA,-1.70306609778379,0.282276364848028,NA,NA,0.392275620563407,0.250187976348086,NA,NA,NA,NA,NA,NA,-0.626030022461968,3.09139115495743,1.88950756674065,3.35293340625108,0,780.475294635826,181.952088109116,9,60,381.904176218231,8.67219552541007,0.000621106517866293,NA,0.995585011003114
"106","106","~Elevation^2 ~ ForestGainCT ~ ForestGainCT ~ ForestGainCT",NA,NA,NA,NA,0.0761189582554281,0.318197032757046,-0.422365537935748,0.625930553577803,NA,NA,NA,NA,NA,NA,NA,NA,NA,NA,NA,NA,NA,NA,-0.198389333091945,0.295559222298117,0.670961208180903,0.572725209219385,NA,NA,NA,NA,NA,NA,NA,NA,NA,NA,NA,NA,NA,NA,0.0240685185605518,0.134125858085809,-1.8112639700764,0.303209871917522,NA,NA,NA,NA,NA,NA,NA,NA,NA,NA,-1.45482297771659,3.50968193085791,2.79217199306181,4.38815692919099,0,3560.67159260468,183.180621849311,8,60,382.361243698622,9.12926300580068,0.000494214114469263,NA,0.996079225117583
"41","41","~1 ~ Tmax * Biotic ~ 1 ~ Tmax * Biotic",NA,NA,0.0599281939295054,0.648519113417521,NA,NA,-0.120179006360017,0.885372206039735,-0.291489330590257,1.04435557556795,1.16459811591186,1.02361182935881,NA,NA,NA,NA,NA,NA,NA,NA,NA,NA,NA,NA,0.259168484626193,0.579754537999847,NA,NA,NA,NA,NA,NA,NA,NA,NA,NA,NA,NA,-0.275953453226206,0.257710667283491,NA,NA,-1.85833350592761,0.335713546248928,0.236307336636354,0.307038014695925,0.24495268432938,0.288410085845317,NA,NA,NA,NA,NA,NA,NA,NA,1.32484563293602,1.50651581665325,0,123.72764266906,181.225099385611,10,60,382.450198771222,9.2182180784003,0.000472714360506127,NA,0.996551939478089
"23","23","~Elevation ~ Biotic ~ Biotic ~ Biotic",NA,NA,-0.097066463716235,0.543707183167458,NA,NA,-0.492133603389253,0.61506622237887,NA,NA,NA,NA,NA,NA,NA,NA,NA,NA,NA,NA,0.0893651040178521,0.647034937027367,NA,NA,0.553245158764796,0.588767329873614,NA,NA,NA,NA,NA,NA,NA,NA,NA,NA,NA,NA,-0.139700328017351,0.245534879157405,NA,NA,-1.76348417566484,0.294699171774,NA,NA,NA,NA,NA,NA,NA,NA,NA,NA,-1.24763429021951,2.95586909812959,2.33401029299286,3.56638299129662,0,735.096525090287,183.384053810428,8,60,382.768107620857,9.5361269280354,0.000403242005753351,NA,0.996955181483843
"74","74","~Elevation^2 ~ Biotic ~ Biotic ~ Biotic",NA,NA,-0.097066463716235,0.543707183167458,NA,NA,-0.492133603389253,0.61506622237887,NA,NA,NA,NA,NA,NA,NA,NA,NA,NA,NA,NA,0.0893651040178521,0.647034937027367,NA,NA,0.553245158764796,0.588767329873614,NA,NA,NA,NA,NA,NA,NA,NA,NA,NA,NA,NA,-0.139700328017351,0.245534879157405,NA,NA,-1.76348417566484,0.294699171774,NA,NA,NA,NA,NA,NA,NA,NA,NA,NA,-1.24763429021951,2.95586909812959,2.33401029299286,3.56638299129662,0,735.096525090287,183.384053810428,8,60,382.768107620857,9.5361269280354,0.000403242005753351,NA,0.997358423489596
"34","34","~1 ~ Tmax + Biotic ~ Tmax + Biotic ~ Tmax + Biotic",NA,NA,0.177446858958598,0.713703539897852,NA,NA,-0.0259631118397021,0.911002052044695,NA,NA,1.48584117468558,1.23601702951587,NA,NA,NA,NA,NA,NA,NA,NA,0.120833399788667,0.70241711869306,NA,NA,0.417660964149804,0.558197673327269,NA,NA,0.313136838707072,0.845383465917342,NA,NA,NA,NA,NA,NA,NA,NA,-0.298008961168757,0.273898646239986,NA,NA,-1.7925887785012,0.287371797215223,NA,NA,0.341205443909873,0.26955541143799,NA,NA,NA,NA,NA,NA,NA,NA,1.50759903213061,1.72626106041888,0,142.997263523857,181.401975177226,10,60,382.803950354453,9.5719696616315,0.000396079728453735,NA,0.99775450321805
"85","85","~1 ~ Tmax^2 + Biotic ~ Tmax^2 + Biotic ~ Tmax^2 + Biotic",NA,NA,0.177446858958598,0.713703539897852,NA,NA,-0.0259631118397021,0.911002052044695,NA,NA,1.48584117468558,1.23601702951587,NA,NA,NA,NA,NA,NA,NA,NA,0.120833399788667,0.70241711869306,NA,NA,0.417660964149804,0.558197673327269,NA,NA,0.313136838707072,0.845383465917342,NA,NA,NA,NA,NA,NA,NA,NA,-0.298008961168757,0.273898646239986,NA,NA,-1.7925887785012,0.287371797215223,NA,NA,0.341205443909873,0.26955541143799,NA,NA,NA,NA,NA,NA,NA,NA,1.50759903213061,1.72626106041888,0,142.997263523857,181.401975177226,10,60,382.803950354453,9.5719696616315,0.000396079728453735,NA,0.998150582946503
"88","88","~1 ~ Tmax^2 + Biotic ~ Tmax^2 + Biotic ~ Tmax^2 + Biotic",NA,NA,0.177446858958598,0.713703539897852,NA,NA,-0.0259631118397021,0.911002052044695,NA,NA,1.48584117468558,1.23601702951587,NA,NA,NA,NA,NA,NA,NA,NA,0.120833399788667,0.70241711869306,NA,NA,0.417660964149804,0.558197673327269,NA,NA,0.313136838707072,0.845383465917342,NA,NA,NA,NA,NA,NA,NA,NA,-0.298008961168757,0.273898646239986,NA,NA,-1.7925887785012,0.287371797215223,NA,NA,0.341205443909873,0.26955541143799,NA,NA,NA,NA,NA,NA,NA,NA,1.50759903213061,1.72626106041888,0,142.997263523857,181.401975177226,10,60,382.803950354453,9.5719696616315,0.000396079728453735,NA,0.998546662674957
"42","42","~1 ~ 1 ~ Tmax * Biotic ~ Tmax * Biotic",NA,NA,NA,NA,NA,NA,-0.358188883137756,0.63511064580194,NA,NA,NA,NA,NA,NA,NA,NA,NA,NA,NA,NA,0.121239566467193,0.802183400130973,NA,NA,0.357759059241137,0.837978441657878,0.0150625938446317,1.04003323696248,-0.282007432021579,0.873822106352665,NA,NA,NA,NA,NA,NA,NA,NA,-0.242824630063941,0.26257233032837,NA,NA,-1.8060805715113,0.328267933606253,0.198890893569671,0.299200591850802,0.314016524067924,0.272549111098888,NA,NA,NA,NA,NA,NA,NA,NA,1.39185075221484,1.43915620896579,0,96.6881795944809,181.738350109966,10,60,383.476700219933,10.2447195271114,0.000282941621731218,NA,0.998829604296688
"91","91","~1 ~ 1 ~ Tmax^2 * Biotic ~ Tmax^2 * Biotic",NA,NA,NA,NA,NA,NA,-0.358188883137756,0.63511064580194,NA,NA,NA,NA,NA,NA,NA,NA,NA,NA,NA,NA,0.121239566467193,0.802183400130973,NA,NA,0.357759059241137,0.837978441657878,0.0150625938446317,1.04003323696248,-0.282007432021579,0.873822106352665,NA,NA,NA,NA,NA,NA,NA,NA,-0.242824630063941,0.26257233032837,NA,NA,-1.8060805715113,0.328267933606253,0.198890893569671,0.299200591850802,0.314016524067924,0.272549111098888,NA,NA,NA,NA,NA,NA,NA,NA,1.39185075221484,1.43915620896579,0,96.6881795944809,181.738350109966,10,60,383.476700219933,10.2447195271114,0.000282941621731218,NA,0.99911254591842
"40","40","~1 ~ Tmax * Biotic ~ Tmax * Biotic ~ Tmax * Biotic",NA,NA,-0.0915779752371095,0.823184487176449,NA,NA,0.583682127563511,1.16754410842365,-1.05369494515828,1.44772412412789,2.47527237127459,1.45278626984134,NA,NA,NA,NA,NA,NA,NA,NA,0.196129910369306,0.832800818137476,NA,NA,1.13761514720097,0.759568852218782,-7.12404798169474,3.34241251666232,1.49725647796595,2.25193371221503,NA,NA,NA,NA,NA,NA,NA,NA,-0.231731874220741,0.241284494622245,NA,NA,-1.97248180845264,0.257422111098595,0.169775188546961,0.330308434466938,0.230366207400337,0.282402698695114,NA,NA,NA,NA,NA,NA,NA,NA,1.26329460643325,1.3427550791733,0,482.814740679347,178.866875514408,13,60,383.733751028816,10.5017703359945,0.000248816378401669,NA,0.999361362296821
"44","44","~Elevation ~ Tmax * Biotic ~ 1 ~ Tmax * Biotic",NA,NA,0.0723196260560603,0.69495256400168,NA,NA,-0.0793159362238968,0.977050772802279,-0.25597340179246,1.12399408994458,1.17889950291988,1.07550746839332,NA,NA,NA,NA,NA,NA,NA,NA,NA,NA,NA,NA,0.276769555014432,0.587553241854155,NA,NA,NA,NA,NA,NA,NA,NA,NA,NA,NA,NA,-0.275684099284274,0.258456460287773,NA,NA,-1.86624114718217,0.342064353085607,0.241257889044651,0.305306305700227,0.232266385568308,0.289123883085656,NA,NA,NA,NA,NA,NA,-0.863493602851662,3.38763556256206,2.18702078368344,4.11482245391227,0,1116.11829705012,181.189923851837,11,60,384.379847703673,11.1478670108518,0.000180127845374005,NA,0.999541490142195
"37","37","~Elevation ~ Tmax + Biotic ~ Tmax + Biotic ~ Tmax + Biotic",NA,NA,0.186609953850113,0.719755071078263,NA,NA,-0.00789155457058397,0.898696313320408,NA,NA,1.4971394484054,1.21018177651948,NA,NA,NA,NA,NA,NA,NA,NA,0.118992359554632,0.708216817629371,NA,NA,0.424951589910046,0.558400413050727,NA,NA,0.324143840009102,0.852040047712166,NA,NA,NA,NA,NA,NA,NA,NA,-0.300141708193642,0.274246372325459,NA,NA,-1.79495245739472,0.28243120381643,NA,NA,0.333615338671966,0.27197096570616,NA,NA,NA,NA,NA,NA,-0.855862146181811,3.58649899208999,2.34621091504146,4.31528536326397,0,1174.21626250291,181.372437290054,11,60,384.744874580107,11.5128938872859,0.000150077737918754,NA,0.999691567880114
"45","45","~Elevation ~ 1 ~ Tmax * Biotic ~ Tmax * Biotic",NA,NA,NA,NA,NA,NA,-0.334760984954254,0.654791643453412,NA,NA,NA,NA,NA,NA,NA,NA,NA,NA,NA,NA,0.103203282620242,0.790553193255069,NA,NA,0.390896099705103,0.81938835094444,-0.00782627201664229,1.03138059652556,-0.278312318652326,0.860394289026346,NA,NA,NA,NA,NA,NA,NA,NA,-0.24572883798622,0.259311020496817,NA,NA,-1.80955695304762,0.328010005841606,0.205274683878849,0.299129095223846,0.301914621004271,0.273742239383626,NA,NA,NA,NA,NA,NA,-0.923509226792148,3.42944905710398,2.2806185268893,3.95344413678597,0,1092.45595713944,181.700229958189,11,60,385.400459916378,12.1684792235571,0.00010813286954317,NA,0.999799700749657
"92","92","~Elevation^2 ~ 1 ~ Tmax^2 * Biotic ~ Tmax^2 * Biotic",NA,NA,NA,NA,NA,NA,-0.334760984954254,0.654791643453412,NA,NA,NA,NA,NA,NA,NA,NA,NA,NA,NA,NA,0.103203282620242,0.790553193255069,NA,NA,0.390896099705103,0.81938835094444,-0.00782627201664229,1.03138059652556,-0.278312318652326,0.860394289026346,NA,NA,NA,NA,NA,NA,NA,NA,-0.24572883798622,0.259311020496817,NA,NA,-1.80955695304762,0.328010005841606,0.205274683878849,0.299129095223846,0.301914621004271,0.273742239383626,NA,NA,NA,NA,NA,NA,-0.923509226792148,3.42944905710398,2.2806185268893,3.95344413678597,0,1092.45595713944,181.700229958189,11,60,385.400459916378,12.1684792235571,0.00010813286954317,NA,0.9999078336192
"43","43","~Elevation ~ Tmax * Biotic ~ Tmax * Biotic ~ Tmax * Biotic",NA,NA,-0.152305159562487,1.22503404738219,NA,NA,0.714124946637295,2.45225661840479,-1.11379877279499,1.69627298639678,2.60422351469426,2.45595518210529,NA,NA,NA,NA,NA,NA,NA,NA,0.172427161127801,0.89327728109478,NA,NA,1.1416615789633,0.756154178431094,-7.19474922946689,3.51400073793347,1.4407657184233,2.54180571995551,NA,NA,NA,NA,NA,NA,NA,NA,-0.224367899093258,0.264627900329025,NA,NA,-1.99051984309244,0.386474529039555,0.155072586841422,0.416725282863988,0.249465532290267,0.398163073443725,NA,NA,NA,NA,NA,NA,0.677255278550585,7.91144523130259,0.805462033908307,4.3388836905935,0,3911.06845648042,178.859995272035,14,60,385.719990544071,12.4880098512492,9.2166380799788e-05,NA,1
