"","model","formula","col(Biotic:Tmin)","SEcol(Biotic:Tmin)","col(Biotic)","SEcol(Biotic)","col(Int)","SEcol(Int)","col(Tmax:Biotic)","SEcol(Tmax:Biotic)","col(Tmax)","SEcol(Tmax)","col(Tmin)","SEcol(Tmin)","col(Tvar)","SEcol(Tvar)","ext(Biotic:Tmin)","SEext(Biotic:Tmin)","ext(Biotic)","SEext(Biotic)","ext(Int)","SEext(Int)","ext(Tmax:Biotic)","SEext(Tmax:Biotic)","ext(Tmax)","SEext(Tmax)","ext(Tmin)","SEext(Tmin)","ext(Tvar:Biotic)","SEext(Tvar:Biotic)","ext(Tvar)","SEext(Tvar)","p(Biotic:Tmin)","SEp(Biotic:Tmin)","p(Biotic)","SEp(Biotic)","p(Int)","SEp(Int)","p(Tmax:Biotic)","SEp(Tmax:Biotic)","p(Tmax)","SEp(Tmax)","p(Tmin)","SEp(Tmin)","p(Tvar:Biotic)","SEp(Tvar:Biotic)","p(Tvar)","SEp(Tvar)","psi(Elevation)","SEpsi(Elevation)","psi(Int)","SEpsi(Int)","Converge","CondNum","negLogLike","nPars","n","AIC","delta","AICwt","Rsq","cumltvWt"
"28","28","~1 ~ 1 ~ Biotic + Tmin ~ Biotic + Tmin",NA,NA,NA,NA,-1.07145089669333,0.416492957481288,NA,NA,NA,NA,NA,NA,NA,NA,NA,NA,-1.25097587727339,0.764560945138288,-1.81226259788785,0.605176524442662,NA,NA,NA,NA,-1.30913109227096,0.805686102602442,NA,NA,NA,NA,NA,NA,-0.418180842318206,0.13236824038565,-0.259838449720588,0.131840285436097,NA,NA,NA,NA,-0.666017067438714,0.159135507414784,NA,NA,NA,NA,NA,NA,1.44137740137155,0.492962844045805,0,349.730533689954,456.621989311704,8,60,929.243978623409,0,0.143335834796493,NA,0.143335834796493
"78","78","~1 ~ 1 ~ Biotic + Tmin^2 ~ Biotic + Tmin^2",NA,NA,NA,NA,-1.07145089669333,0.416492957481288,NA,NA,NA,NA,NA,NA,NA,NA,NA,NA,-1.25097587727339,0.764560945138288,-1.81226259788785,0.605176524442662,NA,NA,NA,NA,-1.30913109227096,0.805686102602442,NA,NA,NA,NA,NA,NA,-0.418180842318206,0.13236824038565,-0.259838449720588,0.131840285436097,NA,NA,NA,NA,-0.666017067438714,0.159135507414784,NA,NA,NA,NA,NA,NA,1.44137740137155,0.492962844045805,0,349.730533689954,456.621989311704,8,60,929.243978623409,0,0.143335834796493,NA,0.286671669592986
"27","27","~1 ~ Biotic + Tmin ~ 1 ~ Biotic + Tmin",NA,NA,1.52577265902182,1.13010942419854,-1.69978653691667,0.70208064538156,NA,NA,NA,NA,-0.842574455059287,0.749250750043715,NA,NA,NA,NA,NA,NA,-1.5685139223938,0.322428264652019,NA,NA,NA,NA,NA,NA,NA,NA,NA,NA,NA,NA,-0.39106548748708,0.130543427763161,-0.273524653890836,0.130568360410771,NA,NA,NA,NA,-0.68641501234457,0.157646455157903,NA,NA,NA,NA,NA,NA,1.60860076321384,0.542476655092582,0,520.650877455547,457.321109849372,8,60,930.642219698745,1.39824107533605,0.0712410953837105,NA,0.357912764976696
"77","77","~1 ~ Biotic + Tmin^2 ~ 1 ~ Biotic + Tmin^2",NA,NA,1.52577265902182,1.13010942419854,-1.69978653691667,0.70208064538156,NA,NA,NA,NA,-0.842574455059287,0.749250750043715,NA,NA,NA,NA,NA,NA,-1.5685139223938,0.322428264652019,NA,NA,NA,NA,NA,NA,NA,NA,NA,NA,NA,NA,-0.39106548748708,0.130543427763161,-0.273524653890836,0.130568360410771,NA,NA,NA,NA,-0.68641501234457,0.157646455157903,NA,NA,NA,NA,NA,NA,1.60860076321384,0.542476655092582,0,520.650877455547,457.321109849372,8,60,930.642219698745,1.39824107533605,0.0712410953837105,NA,0.429153860360407
"26","26","~1 ~ Biotic + Tmin ~ Biotic + Tmin ~ Biotic + Tmin",NA,NA,1.43509811745063,1.1073549364328,-1.79102725025494,0.69123546931054,NA,NA,NA,NA,-0.958399961259176,0.745161392098232,NA,NA,NA,NA,-1.03159810509133,0.620157467827803,-1.80314460909978,0.543813046398178,NA,NA,NA,NA,-1.27794581137966,0.717344820703458,NA,NA,NA,NA,NA,NA,-0.402421083926104,0.130378365708453,-0.260830268046655,0.131168284935414,NA,NA,NA,NA,-0.671481087762646,0.157590149063995,NA,NA,NA,NA,NA,NA,1.46054090916218,0.491076047335821,0,525.259155483695,455.484345339848,10,60,930.968690679695,1.72471205628653,0.0605115553180951,NA,0.489665415678502
"76","76","~1 ~ Biotic + Tmin^2 ~ Biotic + Tmin^2 ~ Biotic + Tmin^2",NA,NA,1.43509811745063,1.1073549364328,-1.79102725025494,0.69123546931054,NA,NA,NA,NA,-0.958399961259176,0.745161392098232,NA,NA,NA,NA,-1.03159810509133,0.620157467827803,-1.80314460909978,0.543813046398178,NA,NA,NA,NA,-1.27794581137966,0.717344820703458,NA,NA,NA,NA,NA,NA,-0.402421083926104,0.130378365708453,-0.260830268046655,0.131168284935414,NA,NA,NA,NA,-0.671481087762646,0.157590149063995,NA,NA,NA,NA,NA,NA,1.46054090916218,0.491076047335821,0,525.259155483695,455.484345339848,10,60,930.968690679695,1.72471205628653,0.0605115553180951,NA,0.550176970996597
"31","31","~Elevation ~ 1 ~ Biotic + Tmin ~ Biotic + Tmin",NA,NA,NA,NA,-1.0794267510724,0.416302416209545,NA,NA,NA,NA,NA,NA,NA,NA,NA,NA,-1.26429181370528,0.758039093519058,-1.84250682090857,0.60412167250964,NA,NA,NA,NA,-1.34442869790596,0.793070379852153,NA,NA,NA,NA,NA,NA,-0.416735821720598,0.13211682544747,-0.258842485925495,0.131909452729608,NA,NA,NA,NA,-0.662654524074538,0.158817444515323,NA,NA,NA,NA,0.787797523631936,1.78174518247886,0.688551278161933,1.72014551939779,0,1913.41266201685,456.529938676582,9,60,931.059877353163,1.81589872975474,0.0578145808125599,NA,0.607991551809157
"81","81","~Elevation^2 ~ 1 ~ Biotic + Tmin^2 ~ Biotic + Tmin^2",NA,NA,NA,NA,-1.0794267510724,0.416302416209545,NA,NA,NA,NA,NA,NA,NA,NA,NA,NA,-1.26429181370528,0.758039093519058,-1.84250682090857,0.60412167250964,NA,NA,NA,NA,-1.34442869790596,0.793070379852153,NA,NA,NA,NA,NA,NA,-0.416735821720598,0.13211682544747,-0.258842485925495,0.131909452729608,NA,NA,NA,NA,-0.662654524074538,0.158817444515323,NA,NA,NA,NA,0.787797523631936,1.78174518247886,0.688551278161933,1.72014551939779,0,1913.41266201685,456.529938676582,9,60,931.059877353163,1.81589872975474,0.0578145808125599,NA,0.665806132621717
"33","33","~1 ~ Biotic * Tmin ~ 1 ~ Biotic * Tmin",-2.51770595861286,2.13610890469345,0.994741089543031,1.91144947779504,-1.28140224613127,0.853923656353994,NA,NA,NA,NA,0.289684560462995,1.15655691507601,NA,NA,NA,NA,NA,NA,-1.52894446371381,0.315925133802641,NA,NA,NA,NA,NA,NA,NA,NA,NA,NA,0.134484454260501,0.124143687855581,-0.246359574210615,0.183780314311427,-0.36885448779136,0.162548068040141,NA,NA,NA,NA,-0.843842814158157,0.22749558945329,NA,NA,NA,NA,NA,NA,1.59997747242584,0.545042253250888,0,4040.38916728482,455.820564576291,10,60,931.641129152582,2.39715052917313,0.0432334762065461,NA,0.709039608828263
"83","83","~1 ~ Biotic * Tmin^2 ~ 1 ~ Biotic * Tmin^2",-2.51770595861286,2.13610890469345,0.994741089543031,1.91144947779504,-1.28140224613127,0.853923656353994,NA,NA,NA,NA,0.289684560462995,1.15655691507601,NA,NA,NA,NA,NA,NA,-1.52894446371381,0.315925133802641,NA,NA,NA,NA,NA,NA,NA,NA,NA,NA,0.134484454260501,0.124143687855581,-0.246359574210615,0.183780314311427,-0.36885448779136,0.162548068040141,NA,NA,NA,NA,-0.843842814158157,0.22749558945329,NA,NA,NA,NA,NA,NA,1.59997747242584,0.545042253250888,0,4040.38916728482,455.820564576291,10,60,931.641129152582,2.39715052917313,0.0432334762065461,NA,0.752273085034809
"34","34","~1 ~ 1 ~ Biotic * Tmin ~ Biotic * Tmin",NA,NA,NA,NA,-1.0301505723112,0.416638005315183,NA,NA,NA,NA,NA,NA,NA,NA,1.52937325701234,1.31729038004371,0.461073260032258,0.893936224325443,-2.21614258115237,0.753598224012289,NA,NA,NA,NA,-1.63167413436708,0.959112967578712,NA,NA,NA,NA,0.0854189663933777,0.121826865831247,-0.325932717037888,0.171554559086468,-0.321290313899466,0.163194607272551,NA,NA,NA,NA,-0.773506723494699,0.230563985385025,NA,NA,NA,NA,NA,NA,1.54161176184863,0.536461520479563,0,1982.98594238507,456.03495979821,10,60,932.069919596421,2.82594097301228,0.0348906849054801,NA,0.787163769940289
"84","84","~1 ~ 1 ~ Biotic * Tmin^2 ~ Biotic * Tmin^2",NA,NA,NA,NA,-1.0301505723112,0.416638005315183,NA,NA,NA,NA,NA,NA,NA,NA,1.52937325701234,1.31729038004371,0.461073260032258,0.893936224325443,-2.21614258115237,0.753598224012289,NA,NA,NA,NA,-1.63167413436708,0.959112967578712,NA,NA,NA,NA,0.0854189663933777,0.121826865831247,-0.325932717037888,0.171554559086468,-0.321290313899466,0.163194607272551,NA,NA,NA,NA,-0.773506723494699,0.230563985385025,NA,NA,NA,NA,NA,NA,1.54161176184863,0.536461520479563,0,1982.98594238507,456.03495979821,10,60,932.069919596421,2.82594097301228,0.0348906849054801,NA,0.822054454845769
"30","30","~Elevation ~ Biotic + Tmin ~ 1 ~ Biotic + Tmin",NA,NA,1.52463527322926,1.13071998841128,-1.70065213975688,0.703724797178534,NA,NA,NA,NA,-0.843667707673838,0.75042116836515,NA,NA,NA,NA,NA,NA,-1.56895499492167,0.326267164741898,NA,NA,NA,NA,NA,NA,NA,NA,NA,NA,NA,NA,-0.391287322490806,0.130568976006279,-0.273408040546734,0.130698921931583,NA,NA,NA,NA,-0.686373892704625,0.157975555604879,NA,NA,NA,NA,0.0186432420507498,2.37414548931229,1.58926912898075,2.45947739012846,0,3586.83428453588,457.321134695061,9,60,932.642269390123,3.39829076671401,0.0262074832071349,NA,0.848261938052904
"80","80","~Elevation^2 ~ Biotic + Tmin^2 ~ 1 ~ Biotic + Tmin^2",NA,NA,1.52463527322926,1.13071998841128,-1.70065213975688,0.703724797178534,NA,NA,NA,NA,-0.843667707673838,0.75042116836515,NA,NA,NA,NA,NA,NA,-1.56895499492167,0.326267164741898,NA,NA,NA,NA,NA,NA,NA,NA,NA,NA,NA,NA,-0.391287322490806,0.130568976006279,-0.273408040546734,0.130698921931583,NA,NA,NA,NA,-0.686373892704625,0.157975555604879,NA,NA,NA,NA,0.0186432420507498,2.37414548931229,1.58926912898075,2.45947739012846,0,3586.83428453588,457.321134695061,9,60,932.642269390123,3.39829076671401,0.0262074832071349,NA,0.874469421260039
"29","29","~Elevation ~ Biotic + Tmin ~ Biotic + Tmin ~ Biotic + Tmin",NA,NA,1.43724732685616,1.10861596333183,-1.80014845355865,0.694408212781715,NA,NA,NA,NA,-0.956870051684213,0.747812058879653,NA,NA,NA,NA,-1.04305564063808,0.618115627395748,-1.82657269444383,0.544282211125119,NA,NA,NA,NA,-1.30470486120555,0.708982288026115,NA,NA,NA,NA,NA,NA,-0.401570789453314,0.130217237681435,-0.26033199938068,0.131205935175584,NA,NA,NA,NA,-0.669508881862203,0.157207012674307,NA,NA,NA,NA,0.700887099308438,1.79089082995159,0.794979277596109,1.72442800251581,0,1901.32012364317,455.412709259933,11,60,932.825418519867,3.58143989645828,0.0239141521463558,NA,0.898383573406395
"79","79","~Elevation^2 ~ Biotic + Tmin^2 ~ Biotic + Tmin^2 ~ Biotic + Tmin^2",NA,NA,1.43724732685616,1.10861596333183,-1.80014845355865,0.694408212781715,NA,NA,NA,NA,-0.956870051684213,0.747812058879653,NA,NA,NA,NA,-1.04305564063808,0.618115627395748,-1.82657269444383,0.544282211125119,NA,NA,NA,NA,-1.30470486120555,0.708982288026115,NA,NA,NA,NA,NA,NA,-0.401570789453314,0.130217237681435,-0.26033199938068,0.131205935175584,NA,NA,NA,NA,-0.669508881862203,0.157207012674307,NA,NA,NA,NA,0.700887099308438,1.79089082995159,0.794979277596109,1.72442800251581,0,1901.32012364317,455.412709259933,11,60,932.825418519867,3.58143989645828,0.0239141521463558,NA,0.92229772555275
"32","32","~1 ~ Biotic * Tmin ~ Biotic * Tmin ~ Biotic * Tmin",-2.34949513594011,2.09962978154158,1.12925412183925,1.71655614423518,-1.44881176275993,0.79675076884458,NA,NA,NA,NA,0.112580970649796,1.12737901372567,NA,NA,1.19807163720974,1.09914298143982,0.505208057004136,1.02407925132596,-2.2768727222254,0.776434288829829,NA,NA,NA,NA,-1.69455199766896,0.949993312530866,NA,NA,NA,NA,0.0994947511723806,0.121782767585541,-0.302138559902669,0.170955709080018,-0.324930096572427,0.163258890369628,NA,NA,NA,NA,-0.799106117881462,0.230438646642478,NA,NA,NA,NA,NA,NA,1.50541803246792,0.517238404387317,0,3727.93597781473,454.001540878021,13,60,934.003081756042,4.75910313263296,0.0132717644603379,NA,0.935569490013088
"82","82","~1 ~ Biotic * Tmin^2 ~ Biotic * Tmin^2 ~ Biotic * Tmin^2",-2.34949513594011,2.09962978154158,1.12925412183925,1.71655614423518,-1.44881176275993,0.79675076884458,NA,NA,NA,NA,0.112580970649796,1.12737901372567,NA,NA,1.19807163720974,1.09914298143982,0.505208057004136,1.02407925132596,-2.2768727222254,0.776434288829829,NA,NA,NA,NA,-1.69455199766896,0.949993312530866,NA,NA,NA,NA,0.0994947511723806,0.121782767585541,-0.302138559902669,0.170955709080018,-0.324930096572427,0.163258890369628,NA,NA,NA,NA,-0.799106117881462,0.230438646642478,NA,NA,NA,NA,NA,NA,1.50541803246792,0.517238404387317,0,3727.93597781473,454.001540878021,13,60,934.003081756042,4.75910313263296,0.0132717644603379,NA,0.948841254473426
"35","35","~Elevation ~ Biotic * Tmin ~ Biotic * Tmin ~ Biotic * Tmin",-2.36417335633843,2.0941942468267,1.14639185897011,1.70150832246593,-1.46240384754825,0.797505071054584,NA,NA,NA,NA,0.118904911232276,1.13407068287521,NA,NA,1.16631500454893,1.12035678105846,0.475741347645864,1.06146908192366,-2.30456905388571,0.788421576816303,NA,NA,NA,NA,-1.72867501282141,0.956303724883156,NA,NA,NA,NA,0.0981680410940359,0.121961884091262,-0.303127478920455,0.171438810113075,-0.323102810424921,0.163496356380238,NA,NA,NA,NA,-0.795836183954846,0.230674792258858,NA,NA,NA,NA,0.624018432275908,1.91802737730335,0.896957515059743,1.88879232506404,0,4822.4612177913,453.955939669873,14,60,935.911879339746,6.6679007163375,0.00511020751902128,NA,0.953951461992447
"85","85","~Elevation^2 ~ Biotic * Tmin^2 ~ Biotic * Tmin^2 ~ Biotic * Tmin^2",-2.36417335633843,2.0941942468267,1.14639185897011,1.70150832246593,-1.46240384754825,0.797505071054584,NA,NA,NA,NA,0.118904911232276,1.13407068287521,NA,NA,1.16631500454893,1.12035678105846,0.475741347645864,1.06146908192366,-2.30456905388571,0.788421576816303,NA,NA,NA,NA,-1.72867501282141,0.956303724883156,NA,NA,NA,NA,0.0981680410940359,0.121961884091262,-0.303127478920455,0.171438810113075,-0.323102810424921,0.163496356380238,NA,NA,NA,NA,-0.795836183954846,0.230674792258858,NA,NA,NA,NA,0.624018432275908,1.91802737730335,0.896957515059743,1.88879232506404,0,4822.4612177913,453.955939669873,14,60,935.911879339746,6.6679007163375,0.00511020751902128,NA,0.959061669511469
"3","3","~1 ~ Tmin ~ 1 ~ Tmin",NA,NA,NA,NA,-1.06219437006725,0.475954377572395,NA,NA,NA,NA,-0.649510537339265,0.74268895016353,NA,NA,NA,NA,NA,NA,-1.53173890241083,0.314804536825345,NA,NA,NA,NA,NA,NA,NA,NA,NA,NA,NA,NA,NA,NA,-0.42570844024598,0.121084605438826,NA,NA,NA,NA,-0.423538758168452,0.130628139006405,NA,NA,NA,NA,NA,NA,1.59785823240046,0.549016600286369,0,116.184585242909,462.342049513427,6,60,936.684099026854,7.44012040344592,0.0034733869014232,NA,0.962535056412892
"56","56","~1 ~ Tmin^2 ~ 1 ~ Tmin^2",NA,NA,NA,NA,-1.06219437006725,0.475954377572395,NA,NA,NA,NA,-0.649510537339265,0.74268895016353,NA,NA,NA,NA,NA,NA,-1.53173890241083,0.314804536825345,NA,NA,NA,NA,NA,NA,NA,NA,NA,NA,NA,NA,NA,NA,-0.42570844024598,0.121084605438826,NA,NA,NA,NA,-0.423538758168452,0.130628139006405,NA,NA,NA,NA,NA,NA,1.59785823240046,0.549016600286369,0,116.184585242909,462.342049513427,6,60,936.684099026854,7.44012040344592,0.0034733869014232,NA,0.966008443314315
"4","4","~1 ~ 1 ~ Tmin ~ Tmin",NA,NA,NA,NA,-0.925544186256207,0.409317485347746,NA,NA,NA,NA,NA,NA,NA,NA,NA,NA,NA,NA,-1.77295922536066,0.464171977080655,NA,NA,NA,NA,-0.387716939488438,0.452662007746825,NA,NA,NA,NA,NA,NA,NA,NA,-0.410042586310212,0.122275152007005,NA,NA,NA,NA,-0.405668238694557,0.131471323104739,NA,NA,NA,NA,NA,NA,1.51824366173241,0.533587626071945,0,74.4094483357976,462.4228568278,6,60,936.8457136556,7.60173503219107,0.00320375274607655,NA,0.969212196060391
"57","57","~1 ~ 1 ~ Tmin^2 ~ Tmin^2",NA,NA,NA,NA,-0.925544186256207,0.409317485347746,NA,NA,NA,NA,NA,NA,NA,NA,NA,NA,NA,NA,-1.77295922536066,0.464171977080655,NA,NA,NA,NA,-0.387716939488438,0.452662007746825,NA,NA,NA,NA,NA,NA,NA,NA,-0.410042586310212,0.122275152007005,NA,NA,NA,NA,-0.405668238694557,0.131471323104739,NA,NA,NA,NA,NA,NA,1.51824366173241,0.533587626071945,0,74.4094483357976,462.4228568278,6,60,936.8457136556,7.60173503219107,0.00320375274607655,NA,0.972415948806468
"2","2","~1 ~ Tmin ~ Tmin ~ Tmin",NA,NA,NA,NA,-1.12561154604656,0.473499222656163,NA,NA,NA,NA,-0.738218407192862,0.755233572870923,NA,NA,NA,NA,NA,NA,-1.81541041585525,0.459761991526744,NA,NA,NA,NA,-0.439954965202005,0.441363991858097,NA,NA,NA,NA,NA,NA,NA,NA,-0.415791302736574,0.121001590228763,NA,NA,NA,NA,-0.415461799256199,0.130563325420922,NA,NA,NA,NA,NA,NA,1.5268009793082,0.523458020526848,0,122.709029677179,461.884401592747,7,60,937.768803185495,8.52482456208622,0.00201935487358747,NA,0.974435303680055
"55","55","~1 ~ Tmin^2 ~ Tmin^2 ~ Tmin^2",NA,NA,NA,NA,-1.12561154604656,0.473499222656163,NA,NA,NA,NA,-0.738218407192862,0.755233572870923,NA,NA,NA,NA,NA,NA,-1.81541041585525,0.459761991526744,NA,NA,NA,NA,-0.439954965202005,0.441363991858097,NA,NA,NA,NA,NA,NA,NA,NA,-0.415791302736574,0.121001590228763,NA,NA,NA,NA,-0.415461799256199,0.130563325420922,NA,NA,NA,NA,NA,NA,1.5268009793082,0.523458020526848,0,122.709029677179,461.884401592747,7,60,937.768803185495,8.52482456208622,0.00201935487358747,NA,0.976454658553643
"10","10","~1 ~ 1 ~ Tmax ~ Tmax",NA,NA,NA,NA,-0.818360549703326,0.428042924934942,NA,NA,NA,NA,NA,NA,NA,NA,NA,NA,NA,NA,-1.60752092693741,0.346364974014794,NA,NA,-0.500062930941326,0.440046291848097,NA,NA,NA,NA,NA,NA,NA,NA,NA,NA,-0.159346187484022,0.0926598198625149,NA,NA,0.310753001914519,0.113703221933225,NA,NA,NA,NA,NA,NA,NA,NA,1.61578224425699,0.600687101463589,0,45.0756389405092,462.987284643501,6,60,937.974569287002,8.73059066359315,0.00182192756109125,NA,0.978276586114734
"63","63","~1 ~ 1 ~ Tmax^2 ~ Tmax^2",NA,NA,NA,NA,-0.818360549703326,0.428042924934942,NA,NA,NA,NA,NA,NA,NA,NA,NA,NA,NA,NA,-1.60752092693741,0.346364974014794,NA,NA,-0.500062930941326,0.440046291848097,NA,NA,NA,NA,NA,NA,NA,NA,NA,NA,-0.159346187484022,0.0926598198625149,NA,NA,0.310753001914519,0.113703221933225,NA,NA,NA,NA,NA,NA,NA,NA,1.61578224425699,0.600687101463589,0,45.0756389405092,462.987284643501,6,60,937.974569287002,8.73059066359315,0.00182192756109125,NA,0.980098513675825
"6","6","~Elevation ~ Tmin ~ 1 ~ Tmin",NA,NA,NA,NA,-1.0651287868949,0.476747640895832,NA,NA,NA,NA,-0.650150382616693,0.745192207122788,NA,NA,NA,NA,NA,NA,-1.53536625306377,0.317169919741016,NA,NA,NA,NA,NA,NA,NA,NA,NA,NA,NA,NA,NA,NA,-0.424946439774473,0.121332276360684,NA,NA,NA,NA,-0.422594265197212,0.131011172223617,NA,NA,NA,NA,0.224655429190678,2.22699093700054,1.37376399052138,2.26921765257239,0,1847.97850184841,462.337063705761,7,60,938.674127411522,9.43014878811391,0.00128417434386787,NA,0.981382688019693
"59","59","~Elevation^2 ~ Tmin^2 ~ 1 ~ Tmin^2",NA,NA,NA,NA,-1.0651287868949,0.476747640895832,NA,NA,NA,NA,-0.650150382616693,0.745192207122788,NA,NA,NA,NA,NA,NA,-1.53536625306377,0.317169919741016,NA,NA,NA,NA,NA,NA,NA,NA,NA,NA,NA,NA,NA,NA,-0.424946439774473,0.121332276360684,NA,NA,NA,NA,-0.422594265197212,0.131011172223617,NA,NA,NA,NA,0.224655429190678,2.22699093700054,1.37376399052138,2.26921765257239,0,1847.97850184841,462.337063705761,7,60,938.674127411522,9.43014878811391,0.00128417434386787,NA,0.982666862363561
"7","7","~Elevation ~ 1 ~ Tmin ~ Tmin",NA,NA,NA,NA,-0.935917847907647,0.409494991448448,NA,NA,NA,NA,NA,NA,NA,NA,NA,NA,NA,NA,-1.80250325734923,0.470738944608353,NA,NA,NA,NA,-0.413991901501428,0.452478050245495,NA,NA,NA,NA,NA,NA,NA,NA,-0.407468010944411,0.122652278563595,NA,NA,NA,NA,-0.402121671990762,0.131959209643732,NA,NA,NA,NA,0.674225277713293,1.9917697652669,0.854795734028411,1.97051573437843,0,1438.12131305587,462.370895436463,7,60,938.741790872926,9.49781224951789,0.00124145520899114,NA,0.983908317572552
"60","60","~Elevation^2 ~ 1 ~ Tmin^2 ~ Tmin^2",NA,NA,NA,NA,-0.935917847907647,0.409494991448448,NA,NA,NA,NA,NA,NA,NA,NA,NA,NA,NA,NA,-1.80250325734923,0.470738944608353,NA,NA,NA,NA,-0.413991901501428,0.452478050245495,NA,NA,NA,NA,NA,NA,NA,NA,-0.407468010944411,0.122652278563595,NA,NA,NA,NA,-0.402121671990762,0.131959209643732,NA,NA,NA,NA,0.674225277713293,1.9917697652669,0.854795734028411,1.97051573437843,0,1438.12131305587,462.370895436463,7,60,938.741790872926,9.49781224951789,0.00124145520899114,NA,0.985149772781543
"9","9","~1 ~ Tmax ~ 1 ~ Tmax",NA,NA,NA,NA,-1.06952383241513,0.664222037693684,NA,NA,-0.236062799818392,0.620547223139455,NA,NA,NA,NA,NA,NA,NA,NA,-1.57636681444747,0.33660918774397,NA,NA,NA,NA,NA,NA,NA,NA,NA,NA,NA,NA,NA,NA,-0.166020185207142,0.0929171243377137,NA,NA,0.320707527163875,0.114560674173823,NA,NA,NA,NA,NA,NA,NA,NA,1.5395642450691,0.560306190844182,0,89.1558734903666,463.597128446818,6,60,939.194256893635,9.9502782702267,0.00099010056205625,NA,0.9861398733436
"62","62","~1 ~ Tmax^2 ~ 1 ~ Tmax^2",NA,NA,NA,NA,-1.06952383241513,0.664222037693684,NA,NA,-0.236062799818392,0.620547223139455,NA,NA,NA,NA,NA,NA,NA,NA,-1.57636681444747,0.33660918774397,NA,NA,NA,NA,NA,NA,NA,NA,NA,NA,NA,NA,NA,NA,-0.166020185207142,0.0929171243377137,NA,NA,0.320707527163875,0.114560674173823,NA,NA,NA,NA,NA,NA,NA,NA,1.5395642450691,0.560306190844182,0,89.1558734903666,463.597128446818,6,60,939.194256893635,9.9502782702267,0.00099010056205625,NA,0.987129973905656
"8","8","~1 ~ Tmax ~ Tmax ~ Tmax",NA,NA,NA,NA,-1.12289829079625,0.64280622225671,NA,NA,-0.420033025104528,0.599454318149682,NA,NA,NA,NA,NA,NA,NA,NA,-1.63098654759627,0.356290212620931,NA,NA,-0.596079407376039,0.469810495293911,NA,NA,NA,NA,NA,NA,NA,NA,NA,NA,-0.161814683984294,0.0928165017756416,NA,NA,0.310599380473564,0.113109366384845,NA,NA,NA,NA,NA,NA,NA,NA,1.65945387968892,0.625922503672141,0,85.0918489788966,462.740772057861,7,60,939.481544115721,10.2375654923129,0.000857621538418418,NA,0.987987595444074
"61","61","~1 ~ Tmax^2 ~ Tmax^2 ~ Tmax^2",NA,NA,NA,NA,-1.12289829079625,0.64280622225671,NA,NA,-0.420033025104528,0.599454318149682,NA,NA,NA,NA,NA,NA,NA,NA,-1.63098654759627,0.356290212620931,NA,NA,-0.596079407376039,0.469810495293911,NA,NA,NA,NA,NA,NA,NA,NA,NA,NA,-0.161814683984294,0.0928165017756416,NA,NA,0.310599380473564,0.113109366384845,NA,NA,NA,NA,NA,NA,NA,NA,1.65945387968892,0.625922503672141,0,85.0918489788966,462.740772057861,7,60,939.481544115721,10.2375654923129,0.000857621538418418,NA,0.988845216982493
"5","5","~Elevation ~ Tmin ~ Tmin ~ Tmin",NA,NA,NA,NA,-1.13179790071552,0.474371916629207,NA,NA,NA,NA,-0.733998387681623,0.759428978930968,NA,NA,NA,NA,NA,NA,-1.83550512928393,0.463977238138806,NA,NA,NA,NA,-0.457646502640518,0.441012793588063,NA,NA,NA,NA,NA,NA,NA,NA,-0.414489852163,0.121171962455118,NA,NA,NA,NA,-0.413572237476803,0.130765350404888,NA,NA,NA,NA,0.557693098137921,1.98341977588345,0.985397340673937,1.95090316261126,0,1417.3358501344,461.846549553455,8,60,939.693099106909,10.4491204835005,0.000771537601792982,NA,0.989616754584286
"58","58","~Elevation^2 ~ Tmin^2 ~ Tmin^2 ~ Tmin^2",NA,NA,NA,NA,-1.13179790071552,0.474371916629207,NA,NA,NA,NA,-0.733998387681623,0.759428978930968,NA,NA,NA,NA,NA,NA,-1.83550512928393,0.463977238138806,NA,NA,NA,NA,-0.457646502640518,0.441012793588063,NA,NA,NA,NA,NA,NA,NA,NA,-0.414489852163,0.121171962455118,NA,NA,NA,NA,-0.413572237476803,0.130765350404888,NA,NA,NA,NA,0.557693098137921,1.98341977588345,0.985397340673937,1.95090316261126,0,1417.3358501344,461.846549553455,8,60,939.693099106909,10.4491204835005,0.000771537601792982,NA,0.990388292186079
"13","13","~Elevation ~ 1 ~ Tmax ~ Tmax",NA,NA,NA,NA,-0.830398688376269,0.429054397373807,NA,NA,NA,NA,NA,NA,NA,NA,NA,NA,NA,NA,-1.62095350364828,0.349035869090615,NA,NA,-0.489866979514873,0.440691642893831,NA,NA,NA,NA,NA,NA,NA,NA,NA,NA,-0.158635751197922,0.0928569939607585,NA,NA,0.313228589474255,0.114428711735802,NA,NA,NA,NA,NA,NA,1.18518999870202,2.11751029508536,0.476355543105448,1.9884894681873,0,1003.59635704432,462.848038961792,7,60,939.696077923583,10.4520993001748,0.000770389322596991,NA,0.991158681508676
"66","66","~Elevation^2 ~ 1 ~ Tmax^2 ~ Tmax^2",NA,NA,NA,NA,-0.830398688376269,0.429054397373807,NA,NA,NA,NA,NA,NA,NA,NA,NA,NA,NA,NA,-1.62095350364828,0.349035869090615,NA,NA,-0.489866979514873,0.440691642893831,NA,NA,NA,NA,NA,NA,NA,NA,NA,NA,-0.158635751197922,0.0928569939607585,NA,NA,0.313228589474255,0.114428711735802,NA,NA,NA,NA,NA,NA,1.18518999870202,2.11751029508536,0.476355543105448,1.9884894681873,0,1003.59635704432,462.848038961792,7,60,939.696077923583,10.4520993001748,0.000770389322596991,NA,0.991929070831273
"38","38","~1 ~ 1 ~ Tmax + Biotic ~ Tmax + Biotic",NA,NA,NA,NA,-0.867736653113401,0.433321660780052,NA,NA,NA,NA,NA,NA,NA,NA,NA,NA,-0.185754590746213,0.522771969811688,-1.50618183890508,0.485950307820564,NA,NA,-0.390964205173471,0.50928427260849,NA,NA,NA,NA,NA,NA,NA,NA,-0.177440399842187,0.120715037869811,-0.0215670902639451,0.130444422285201,NA,NA,0.358434996548977,0.118964231262363,NA,NA,NA,NA,NA,NA,NA,NA,1.56955468199927,0.579898583973354,0,130.513630803083,461.867833948689,8,60,939.735667897378,10.491689273969,0.000755289420295463,NA,0.992684360251568
"88","88","~1 ~ 1 ~ Tmax^2 + Biotic ~ Tmax^2 + Biotic",NA,NA,NA,NA,-0.867736653113401,0.433321660780052,NA,NA,NA,NA,NA,NA,NA,NA,NA,NA,-0.185754590746213,0.522771969811688,-1.50618183890508,0.485950307820564,NA,NA,-0.390964205173471,0.50928427260849,NA,NA,NA,NA,NA,NA,NA,NA,-0.177440399842187,0.120715037869811,-0.0215670902639451,0.130444422285201,NA,NA,0.358434996548977,0.118964231262363,NA,NA,NA,NA,NA,NA,NA,NA,1.56955468199927,0.579898583973354,0,130.513630803083,461.867833948689,8,60,939.735667897378,10.491689273969,0.000755289420295463,NA,0.993439649671864
"44","44","~1 ~ 1 ~ Tmax * Biotic ~ Tmax * Biotic",NA,NA,NA,NA,-0.803680840431202,0.423141969380234,NA,NA,NA,NA,NA,NA,NA,NA,NA,NA,-0.0976628968047171,0.530714845126157,-1.42619586103012,0.460829245800168,-1.27046622138536,0.953780413657606,0.500985487449909,0.919482150085127,NA,NA,NA,NA,NA,NA,NA,NA,-0.130114400019782,0.126573250096063,-0.0292611348918404,0.131718674025678,-0.127899350736963,0.148393408005334,0.479930878364046,0.199354575745722,NA,NA,NA,NA,NA,NA,NA,NA,1.60502827230247,0.588990742636474,0,457.917157029809,460.31868686067,10,60,940.637373721339,11.3933950979308,0.000481183215003122,NA,0.993920832886867
"92","92","~1 ~ 1 ~ Tmax^2 * Biotic ~ Tmax^2 * Biotic",NA,NA,NA,NA,-0.803680840431202,0.423141969380234,NA,NA,NA,NA,NA,NA,NA,NA,NA,NA,-0.0976628968047171,0.530714845126157,-1.42619586103012,0.460829245800168,-1.27046622138536,0.953780413657606,0.500985487449909,0.919482150085127,NA,NA,NA,NA,NA,NA,NA,NA,-0.130114400019782,0.126573250096063,-0.0292611348918404,0.131718674025678,-0.127899350736963,0.148393408005334,0.479930878364046,0.199354575745722,NA,NA,NA,NA,NA,NA,NA,NA,1.60502827230247,0.588990742636474,0,457.917157029809,460.31868686067,10,60,940.637373721339,11.3933950979308,0.000481183215003122,NA,0.99440201610187
"37","37","~1 ~ Tmax + Biotic ~ 1 ~ Tmax + Biotic",NA,NA,0.535368150344992,2.07116903992096,-1.33903988475924,1.04002408864319,NA,NA,-0.332599238358395,0.649817805817975,NA,NA,NA,NA,NA,NA,NA,NA,-1.56563894192259,0.380539297393336,NA,NA,NA,NA,NA,NA,NA,NA,NA,NA,NA,NA,-0.170080440271295,0.114667617908172,-0.0254550812354952,0.130181238324745,NA,NA,0.359368745104884,0.119433387815221,NA,NA,NA,NA,NA,NA,NA,NA,1.52435981285495,0.556675944756868,0,1228.5726292697,462.399054427666,8,60,940.798108855332,11.5541302319238,0.000444024852496091,NA,0.994846040954366
"87","87","~1 ~ Tmax^2 + Biotic ~ 1 ~ Tmax^2 + Biotic",NA,NA,0.535368150344992,2.07116903992096,-1.33903988475924,1.04002408864319,NA,NA,-0.332599238358395,0.649817805817975,NA,NA,NA,NA,NA,NA,NA,NA,-1.56563894192259,0.380539297393336,NA,NA,NA,NA,NA,NA,NA,NA,NA,NA,NA,NA,-0.170080440271295,0.114667617908172,-0.0254550812354952,0.130181238324745,NA,NA,0.359368745104884,0.119433387815221,NA,NA,NA,NA,NA,NA,NA,NA,1.52435981285495,0.556675944756868,0,1228.5726292697,462.399054427666,8,60,940.798108855332,11.5541302319238,0.000444024852496091,NA,0.995290065806862
"12","12","~Elevation ~ Tmax ~ 1 ~ Tmax",NA,NA,NA,NA,-1.09059576643574,0.662658534897093,NA,NA,-0.245058890792782,0.615435567288353,NA,NA,NA,NA,NA,NA,NA,NA,-1.59562778037459,0.341102507297952,NA,NA,NA,NA,NA,NA,NA,NA,NA,NA,NA,NA,NA,NA,-0.165557750668682,0.0931571473357034,NA,NA,0.323507812066911,0.115438365675461,NA,NA,NA,NA,NA,NA,1.21819796099869,1.909204043541,0.376053196740478,1.79346555511618,0,814.562321980605,463.418403255118,7,60,940.836806510236,11.5928278868273,0.000435516075129367,NA,0.995725581881991
"65","65","~Elevation^2 ~ Tmax^2 ~ 1 ~ Tmax^2",NA,NA,NA,NA,-1.09059576643574,0.662658534897093,NA,NA,-0.245058890792782,0.615435567288353,NA,NA,NA,NA,NA,NA,NA,NA,-1.59562778037459,0.341102507297952,NA,NA,NA,NA,NA,NA,NA,NA,NA,NA,NA,NA,NA,NA,-0.165557750668682,0.0931571473357034,NA,NA,0.323507812066911,0.115438365675461,NA,NA,NA,NA,NA,NA,1.21819796099869,1.909204043541,0.376053196740478,1.79346555511618,0,814.562321980605,463.418403255118,7,60,940.836806510236,11.5928278868273,0.000435516075129367,NA,0.996161097957121
"11","11","~Elevation ~ Tmax ~ Tmax ~ Tmax",NA,NA,NA,NA,-1.12856143935893,0.639127207599442,NA,NA,-0.412223867115446,0.593227060779474,NA,NA,NA,NA,NA,NA,NA,NA,-1.64239998853106,0.357880976397806,NA,NA,-0.580069046022907,0.467669668027419,NA,NA,NA,NA,NA,NA,NA,NA,NA,NA,-0.161070425435157,0.0929928863823114,NA,NA,0.3129497013032,0.113712624260979,NA,NA,NA,NA,NA,NA,1.20823009514875,2.20406856582663,0.497743043693456,2.05940752953114,0,1085.45805798777,462.606977119497,8,60,941.213954238993,11.9699756155849,0.000360667991176731,NA,0.996521765948298
"64","64","~Elevation^2 ~ Tmax^2 ~ Tmax^2 ~ Tmax^2",NA,NA,NA,NA,-1.12856143935893,0.639127207599442,NA,NA,-0.412223867115446,0.593227060779474,NA,NA,NA,NA,NA,NA,NA,NA,-1.64239998853106,0.357880976397806,NA,NA,-0.580069046022907,0.467669668027419,NA,NA,NA,NA,NA,NA,NA,NA,NA,NA,-0.161070425435157,0.0929928863823114,NA,NA,0.3129497013032,0.113712624260979,NA,NA,NA,NA,NA,NA,1.20823009514875,2.20406856582663,0.497743043693456,2.05940752953114,0,1085.45805798777,462.606977119497,8,60,941.213954238993,11.9699756155849,0.000360667991176731,NA,0.996882433939474
"41","41","~Elevation ~ 1 ~ Tmax + Biotic ~ Tmax + Biotic",NA,NA,NA,NA,-0.883856236688165,0.434575797644548,NA,NA,NA,NA,NA,NA,NA,NA,NA,NA,-0.196651566106636,0.533720172107139,-1.51545710610037,0.4883315523122,NA,NA,-0.372900237488088,0.510006193085123,NA,NA,NA,NA,NA,NA,NA,NA,-0.179763739728381,0.121183471105243,-0.0193782097922955,0.130643274543775,NA,NA,0.361844373218635,0.119827731264802,NA,NA,NA,NA,NA,NA,1.20460252437296,1.98968870127896,0.412153481531689,1.87445500501753,0,1754.88569619086,461.706100907144,9,60,941.412201814288,12.1682231908795,0.000326631967520368,NA,0.997209065906995
"91","91","~Elevation^2 ~ 1 ~ Tmax^2 + Biotic ~ Tmax^2 + Biotic",NA,NA,NA,NA,-0.883856236688165,0.434575797644548,NA,NA,NA,NA,NA,NA,NA,NA,NA,NA,-0.196651566106636,0.533720172107139,-1.51545710610037,0.4883315523122,NA,NA,-0.372900237488088,0.510006193085123,NA,NA,NA,NA,NA,NA,NA,NA,-0.179763739728381,0.121183471105243,-0.0193782097922955,0.130643274543775,NA,NA,0.361844373218635,0.119827731264802,NA,NA,NA,NA,NA,NA,1.20460252437296,1.98968870127896,0.412153481531689,1.87445500501753,0,1754.88569619086,461.706100907144,9,60,941.412201814288,12.1682231908795,0.000326631967520368,NA,0.997535697874515
"40","40","~Elevation ~ Tmax + Biotic ~ 1 ~ Tmax + Biotic",NA,NA,0.447456882278684,1.70124176578257,-1.32672540265987,0.936014061208705,NA,NA,-0.328125744615669,0.630459475852967,NA,NA,NA,NA,NA,NA,NA,NA,-1.59600692715894,0.373268661639273,NA,NA,NA,NA,NA,NA,NA,NA,NA,NA,NA,NA,-0.171937818908351,0.114714340842023,-0.024073125104509,0.130301319799115,NA,NA,0.363498082096364,0.120133328953525,NA,NA,NA,NA,NA,NA,1.21594435735168,1.81152606676954,0.356158590910702,1.71494817838879,0,1462.56728332974,462.210108835258,9,60,942.420217670517,13.1762390471082,0.00019731987193902,NA,0.997733017746454
"90","90","~Elevation^2 ~ Tmax^2 + Biotic ~ 1 ~ Tmax^2 + Biotic",NA,NA,0.447456882278684,1.70124176578257,-1.32672540265987,0.936014061208705,NA,NA,-0.328125744615669,0.630459475852967,NA,NA,NA,NA,NA,NA,NA,NA,-1.59600692715894,0.373268661639273,NA,NA,NA,NA,NA,NA,NA,NA,NA,NA,NA,NA,-0.171937818908351,0.114714340842023,-0.024073125104509,0.130301319799115,NA,NA,0.363498082096364,0.120133328953525,NA,NA,NA,NA,NA,NA,1.21594435735168,1.81152606676954,0.356158590910702,1.71494817838879,0,1462.56728332974,462.210108835258,9,60,942.420217670517,13.1762390471082,0.00019731987193902,NA,0.997930337618393
"47","47","~Elevation ~ 1 ~ Tmax * Biotic ~ Tmax * Biotic",NA,NA,NA,NA,-0.817949454395119,0.425191774512815,NA,NA,NA,NA,NA,NA,NA,NA,NA,NA,-0.0839432046139319,0.523739372335711,-1.45138174823516,0.467837910019317,-1.23258089990949,0.948926308574042,0.480179509526549,0.924272913427525,NA,NA,NA,NA,NA,NA,NA,NA,-0.129221651032841,0.126508783515663,-0.028147132422333,0.131925018330443,-0.132337979919028,0.149422148130645,0.486179525684312,0.201471398150043,NA,NA,NA,NA,NA,NA,1.00984732980579,2.04427695902551,0.621343595972027,1.96183846485592,0,2221.30135486211,460.219334193368,11,60,942.438668386735,13.1946897633266,0.000195507896371076,NA,0.998125845514764
"93","93","~Elevation^2 ~ 1 ~ Tmax^2 * Biotic ~ Tmax^2 * Biotic",NA,NA,NA,NA,-0.817949454395119,0.425191774512815,NA,NA,NA,NA,NA,NA,NA,NA,NA,NA,-0.0839432046139319,0.523739372335711,-1.45138174823516,0.467837910019317,-1.23258089990949,0.948926308574042,0.480179509526549,0.924272913427525,NA,NA,NA,NA,NA,NA,NA,NA,-0.129221651032841,0.126508783515663,-0.028147132422333,0.131925018330443,-0.132337979919028,0.149422148130645,0.486179525684312,0.201471398150043,NA,NA,NA,NA,NA,NA,1.00984732980579,2.04427695902551,0.621343595972027,1.96183846485592,0,2221.30135486211,460.219334193368,11,60,942.438668386735,13.1946897633266,0.000195507896371076,NA,0.998321353411135
"36","36","~1 ~ Tmax + Biotic ~ Tmax + Biotic ~ Tmax + Biotic",NA,NA,1.35437896713465,1.49510913195946,-1.75622481855033,1.00791114896419,NA,NA,-0.625694551093553,0.66826554593406,NA,NA,NA,NA,NA,NA,0.00816233924446933,0.456982632307779,-1.60400311580013,0.49966558017441,NA,NA,-0.660619852593873,0.504196644799636,NA,NA,NA,NA,NA,NA,NA,NA,-0.164321362643369,0.118072748013682,-0.0240518689055337,0.130633581071411,NA,NA,0.347035813643117,0.116840060110089,NA,NA,NA,NA,NA,NA,NA,NA,1.68679245337557,0.630410244035351,0,758.217646643364,461.356553663384,10,60,942.713107326769,13.46912870336,0.000170439654110474,NA,0.998491793065246
"86","86","~1 ~ Tmax^2 + Biotic ~ Tmax^2 + Biotic ~ Tmax^2 + Biotic",NA,NA,1.35437896713465,1.49510913195946,-1.75622481855033,1.00791114896419,NA,NA,-0.625694551093553,0.66826554593406,NA,NA,NA,NA,NA,NA,0.00816233924446933,0.456982632307779,-1.60400311580013,0.49966558017441,NA,NA,-0.660619852593873,0.504196644799636,NA,NA,NA,NA,NA,NA,NA,NA,-0.164321362643369,0.118072748013682,-0.0240518689055337,0.130633581071411,NA,NA,0.347035813643117,0.116840060110089,NA,NA,NA,NA,NA,NA,NA,NA,1.68679245337557,0.630410244035351,0,758.217646643364,461.356553663384,10,60,942.713107326769,13.46912870336,0.000170439654110474,NA,0.998662232719356
"89","89","~1 ~ Tmax^2 + Biotic ~ Tmax^2 + Biotic ~ Tmax^2 + Biotic",NA,NA,1.35437896713465,1.49510913195946,-1.75622481855033,1.00791114896419,NA,NA,-0.625694551093553,0.66826554593406,NA,NA,NA,NA,NA,NA,0.00816233924446933,0.456982632307779,-1.60400311580013,0.49966558017441,NA,NA,-0.660619852593873,0.504196644799636,NA,NA,NA,NA,NA,NA,NA,NA,-0.164321362643369,0.118072748013682,-0.0240518689055337,0.130633581071411,NA,NA,0.347035813643117,0.116840060110089,NA,NA,NA,NA,NA,NA,NA,NA,1.68679245337557,0.630410244035351,0,758.217646643364,461.356553663384,10,60,942.713107326769,13.46912870336,0.000170439654110474,NA,0.998832672373467
"43","43","~1 ~ Tmax * Biotic ~ 1 ~ Tmax * Biotic",NA,NA,1.79489263335536,1.61587073541847,-2.01776386295267,1.20319721162536,1.53962354547506,1.60623413601034,-0.991088559034816,0.949031059257456,NA,NA,NA,NA,NA,NA,NA,NA,-1.54657724355412,0.346010015594803,NA,NA,NA,NA,NA,NA,NA,NA,NA,NA,NA,NA,-0.141864065887877,0.122347233937091,-0.0275331011042956,0.130542157623099,-0.107686411167395,0.143853030757526,0.469140301440406,0.18900294750597,NA,NA,NA,NA,NA,NA,NA,NA,1.56933247361703,0.576778610246907,0,1532.44597515465,461.676635487099,10,60,943.353270974199,14.1092923507903,0.000123754464247175,NA,0.998956426837714
"1","1","~1 ~ 1 ~ 1 ~ 1",NA,NA,NA,NA,-0.862244071771243,0.400238406031069,NA,NA,NA,NA,NA,NA,NA,NA,NA,NA,NA,NA,-1.46045004496839,0.304589594378264,NA,NA,NA,NA,NA,NA,NA,NA,NA,NA,NA,NA,NA,NA,-0.162369904046155,0.0911842890693123,NA,NA,NA,NA,NA,NA,NA,NA,NA,NA,NA,NA,1.42920058190803,0.512592126802796,0,32.6838931562996,467.829979594959,4,60,943.659959189918,14.4159805665098,0.00010616084690954,NA,0.999062587684623
"48","48","~1 ~ 1 ~ Tvar * Biotic ~ Tvar * Biotic",NA,NA,NA,NA,-0.933660834027436,0.405860373205289,NA,NA,NA,NA,NA,NA,NA,NA,NA,NA,-1.06497849016539,1.03555136162293,-1.16954013029376,0.438176984149361,NA,NA,NA,NA,NA,NA,-2.87427871606723,2.01083378493773,0.636530065889862,0.755723652093684,NA,NA,-0.323304950076412,0.124719644868748,-0.00707607670951892,0.127707436365527,NA,NA,NA,NA,NA,NA,0.183197546664188,0.0993003034565084,-0.0709381675202277,0.206726133756694,NA,NA,1.4971464306857,0.530845545075743,0,3214.82387411366,461.991474907509,10,60,943.982949815017,14.7389711916088,9.03291349997029e-05,NA,0.999152916819623
"94","94","~1 ~ 1 ~ Tvar^2 * Biotic ~ Tvar^2 * Biotic",NA,NA,NA,NA,-0.933660834027436,0.405860373205289,NA,NA,NA,NA,NA,NA,NA,NA,NA,NA,-1.06497849016539,1.03555136162293,-1.16954013029376,0.438176984149361,NA,NA,NA,NA,NA,NA,-2.87427871606723,2.01083378493773,0.636530065889862,0.755723652093684,NA,NA,-0.323304950076412,0.124719644868748,-0.00707607670951892,0.127707436365527,NA,NA,NA,NA,NA,NA,0.183197546664188,0.0993003034565084,-0.0709381675202277,0.206726133756694,NA,NA,1.4971464306857,0.530845545075743,0,3214.82387411366,461.991474907509,10,60,943.982949815017,14.7389711916088,9.03291349997029e-05,NA,0.999243245954623
"39","39","~Elevation ~ Tmax + Biotic ~ Tmax + Biotic ~ Tmax + Biotic",NA,NA,1.23065564613089,1.5853763706019,-1.69231074979911,1.00689256488232,NA,NA,-0.580918274564844,0.656163440747773,NA,NA,NA,NA,NA,NA,-0.00582112295809502,0.471660387547518,-1.60612143037552,0.500725684822056,NA,NA,-0.629068474243452,0.513267145422762,NA,NA,NA,NA,NA,NA,NA,NA,-0.166216712594944,0.118553587534115,-0.021697410324334,0.1307922176623,NA,NA,0.348935235177402,0.117472278879695,NA,NA,NA,NA,NA,NA,1.02975554663264,2.16438119650409,0.674866777100616,2.09051950397654,0,2150.89763861552,461.266956154352,11,60,944.533912308703,15.2899336852948,6.85784817403512e-05,NA,0.999311824436363
"46","46","~Elevation ~ Tmax * Biotic ~ 1 ~ Tmax * Biotic",NA,NA,1.77805198701109,1.62682898250882,-2.01911587910686,1.18815433650973,1.59131892745142,1.59105684123891,-0.997778028222164,0.934199032199648,NA,NA,NA,NA,NA,NA,NA,NA,-1.57367136631609,0.353187498049349,NA,NA,NA,NA,NA,NA,NA,NA,NA,NA,NA,NA,-0.141636728529342,0.122706391949867,-0.0266551727058909,0.130940866071196,-0.115453279348936,0.145003441129557,0.482969258080713,0.191810134115757,NA,NA,NA,NA,NA,NA,1.41800486831357,1.88977990416917,0.236438482515311,1.7284392767893,0,1789.67994738725,461.425527137889,11,60,944.851054275778,15.607075652369,5.85222968720636e-05,NA,0.999370346733235
"42","42","~1 ~ Tmax * Biotic ~ Tmax * Biotic ~ Tmax * Biotic",NA,NA,2.03702720713829,1.44631976052617,-2.07083032183388,1.16492056467959,1.01982538017303,1.56852606651375,-0.921814739383054,0.940661251477934,NA,NA,NA,NA,NA,NA,0.0464311039016908,0.469778035932032,-1.47492763125227,0.458516995874201,-1.12904038016188,0.856381241892445,0.284708235763791,0.929751944808643,NA,NA,NA,NA,NA,NA,NA,NA,-0.127066585973666,0.12495737713471,-0.0249486130711346,0.131306753521582,-0.121206304688123,0.145404414178973,0.462401775481945,0.192912812381617,NA,NA,NA,NA,NA,NA,NA,NA,1.65466262803665,0.610187291186231,0,1475.54116611378,459.539234568011,13,60,945.078469136021,15.8344905126129,5.22322643325682e-05,NA,0.999422578997568
"16","16","~1 ~ 1 ~ Tvar ~ Tvar",NA,NA,NA,NA,-0.875121436453872,0.409483365506831,NA,NA,NA,NA,NA,NA,NA,NA,NA,NA,NA,NA,-1.48510440824758,0.313760806831463,NA,NA,NA,NA,NA,NA,NA,NA,-0.0618608927546776,0.343565333801772,NA,NA,NA,NA,-0.185307821985514,0.0928129924659407,NA,NA,NA,NA,NA,NA,NA,NA,0.139178503416206,0.0940863881151961,NA,NA,1.4779316252729,0.531101932886248,0,39.5905035161932,466.717200113433,6,60,945.434400226865,16.1904216034568,4.37169041163421e-05,NA,0.999466295901684
"69","69","~1 ~ 1 ~ Tvar^2 ~ Tvar^2",NA,NA,NA,NA,-0.875121436453872,0.409483365506831,NA,NA,NA,NA,NA,NA,NA,NA,NA,NA,NA,NA,-1.48510440824758,0.313760806831463,NA,NA,NA,NA,NA,NA,NA,NA,-0.0618608927546776,0.343565333801772,NA,NA,NA,NA,-0.185307821985514,0.0928129924659407,NA,NA,NA,NA,NA,NA,NA,NA,0.139178503416206,0.0940863881151961,NA,NA,1.4779316252729,0.531101932886248,0,39.5905035161932,466.717200113433,6,60,945.434400226865,16.1904216034568,4.37169041163421e-05,NA,0.9995100128058
"15","15","~1 ~ Tvar ~ 1 ~ Tvar",NA,NA,NA,NA,-0.851502165965357,0.475229653654228,NA,NA,NA,NA,NA,NA,0.093138664380163,0.819260276097239,NA,NA,NA,NA,-1.49622859990139,0.314148056813247,NA,NA,NA,NA,NA,NA,NA,NA,NA,NA,NA,NA,NA,NA,-0.186212940489329,0.0934283921734393,NA,NA,NA,NA,NA,NA,NA,NA,0.140476227301198,0.0950518275602316,NA,NA,1.4738266693297,0.527653205846846,0,103.819895408742,466.727238492867,6,60,945.454476985734,16.210498362325,4.32802525489367e-05,NA,0.999553293058349
"68","68","~1 ~ Tvar^2 ~ 1 ~ Tvar^2",NA,NA,NA,NA,-0.851502165965357,0.475229653654228,NA,NA,NA,NA,NA,NA,0.093138664380163,0.819260276097239,NA,NA,NA,NA,-1.49622859990139,0.314148056813247,NA,NA,NA,NA,NA,NA,NA,NA,NA,NA,NA,NA,NA,NA,-0.186212940489329,0.0934283921734393,NA,NA,NA,NA,NA,NA,NA,NA,0.140476227301198,0.0950518275602316,NA,NA,1.4738266693297,0.527653205846846,0,103.819895408742,466.727238492867,6,60,945.454476985734,16.210498362325,4.32802525489367e-05,NA,0.999596573310898
"51","51","~1 ~ 1 ~ Tvar + Biotic ~ Tvar + Biotic",NA,NA,NA,NA,-0.937054122601423,0.415555401053349,NA,NA,NA,NA,NA,NA,NA,NA,NA,NA,-0.450768708425288,0.582106735861112,-1.27689719400061,0.423605904643944,NA,NA,NA,NA,NA,NA,NA,NA,-0.0142629105814964,0.582433318137914,NA,NA,-0.230019159873221,0.136112245700565,-0.0295097055594488,0.129533293948191,NA,NA,NA,NA,NA,NA,NA,NA,0.233107633562382,0.108347844078187,NA,NA,1.46566889857397,0.525856807131524,0,125.083778776762,465.018682563522,8,60,946.037365127045,16.7933865036363,3.23383036482006e-05,NA,0.999628911614546
"97","97","~1 ~ 1 ~ Tvar^2 + Biotic ~ Tvar^2 + Biotic",NA,NA,NA,NA,-0.937054122601423,0.415555401053349,NA,NA,NA,NA,NA,NA,NA,NA,NA,NA,-0.450768708425288,0.582106735861112,-1.27689719400061,0.423605904643944,NA,NA,NA,NA,NA,NA,NA,NA,-0.0142629105814964,0.582433318137914,NA,NA,-0.230019159873221,0.136112245700565,-0.0295097055594488,0.129533293948191,NA,NA,NA,NA,NA,NA,NA,NA,0.233107633562382,0.108347844078187,NA,NA,1.46566889857397,0.525856807131524,0,125.083778776762,465.018682563522,8,60,946.037365127045,16.7933865036363,3.23383036482006e-05,NA,0.999661249918195
"22","22","~1 ~ 1 ~ Biotic ~ Biotic",NA,NA,NA,NA,-0.876290288639413,0.401942836678265,NA,NA,NA,NA,NA,NA,NA,NA,NA,NA,-0.247902780054933,0.398498945975383,-1.29564007158191,0.394127550675698,NA,NA,NA,NA,NA,NA,NA,NA,NA,NA,NA,NA,-0.0873463134115654,0.112239770625918,-0.0972052666981262,0.125088229501183,NA,NA,NA,NA,NA,NA,NA,NA,NA,NA,NA,NA,1.42103986633453,0.510359701361881,0,64.312979023381,467.367814293382,6,60,946.735628586764,17.491649963355,2.28082125174955e-05,NA,0.999684058130712
"50","50","~1 ~ Tvar + Biotic ~ 1 ~ Tvar + Biotic",NA,NA,0.510771301333159,1.76836773460317,-1.05556296335289,0.712932053171464,NA,NA,NA,NA,NA,NA,0.0604615386960836,0.719525807566773,NA,NA,NA,NA,-1.49959521791402,0.343637404845534,NA,NA,NA,NA,NA,NA,NA,NA,NA,NA,NA,NA,-0.192537575069226,0.124450237370753,-0.0421292545089651,0.12878499657815,NA,NA,NA,NA,NA,NA,NA,NA,0.213338690190029,0.10617447546256,NA,NA,1.469010904015,0.525539793569892,0,912.767046387332,465.424488134788,8,60,946.848976269577,17.6049976461683,2.15515303475058e-05,NA,0.99970560966106
"96","96","~1 ~ Tvar^2 + Biotic ~ 1 ~ Tvar^2 + Biotic",NA,NA,0.510771301333159,1.76836773460317,-1.05556296335289,0.712932053171464,NA,NA,NA,NA,NA,NA,0.0604615386960836,0.719525807566773,NA,NA,NA,NA,-1.49959521791402,0.343637404845534,NA,NA,NA,NA,NA,NA,NA,NA,NA,NA,NA,NA,-0.192537575069226,0.124450237370753,-0.0421292545089651,0.12878499657815,NA,NA,NA,NA,NA,NA,NA,NA,0.213338690190029,0.10617447546256,NA,NA,1.469010904015,0.525539793569892,0,912.767046387332,465.424488134788,8,60,946.848976269577,17.6049976461683,2.15515303475058e-05,NA,0.999727161191407
"45","45","~Elevation ~ Tmax * Biotic ~ Tmax * Biotic ~ Tmax * Biotic",NA,NA,2.05896809872816,1.43161801072979,-2.09391734376363,1.15012619229722,1.10297944516644,1.53631444038419,-0.940950930204083,0.926299366286115,NA,NA,NA,NA,NA,NA,0.0601442870667196,0.46730924074623,-1.50187977875449,0.464294668784935,-1.10360812205946,0.849896608584918,0.277887506794218,0.924903257605726,NA,NA,NA,NA,NA,NA,NA,NA,-0.125954520218831,0.124991921373838,-0.0237528433086833,0.131534938764405,-0.12712516714726,0.146551122671111,0.470898813050859,0.195321892740305,NA,NA,NA,NA,NA,NA,1.08123721198008,1.93958363007092,0.604516091655893,1.84791479810412,0,1978.8616009686,459.42588669705,14,60,946.8517733941,17.6077947706916,2.15214102578004e-05,NA,0.999748682601665
"21","21","~1 ~ Biotic ~ 1 ~ Biotic",NA,NA,0.736989132822948,1.41135224248617,-1.11469699380228,0.628031292041152,NA,NA,NA,NA,NA,NA,NA,NA,NA,NA,NA,NA,-1.41788569307813,0.308995461536725,NA,NA,NA,NA,NA,NA,NA,NA,NA,NA,NA,NA,-0.0746959359465158,0.109432096612017,-0.0975981837698364,0.125028952829797,NA,NA,NA,NA,NA,NA,NA,NA,NA,NA,NA,NA,1.42980879308097,0.513720806552059,0,544.613937693564,467.443374810881,6,60,946.886749621763,17.642770998354,2.11483132754208e-05,NA,0.99976983091494
"19","19","~Elevation ~ 1 ~ Tvar ~ Tvar",NA,NA,NA,NA,-0.88283119605021,0.409083027618055,NA,NA,NA,NA,NA,NA,NA,NA,NA,NA,NA,NA,-1.49771300283614,0.316084842737381,NA,NA,NA,NA,NA,NA,NA,NA,-0.0541997131476027,0.34185805162521,NA,NA,NA,NA,-0.183723692191963,0.0929836882041971,NA,NA,NA,NA,NA,NA,NA,NA,0.138242367252027,0.0943091664282437,0.992608441408482,1.87427084453306,0.512265165171022,1.81624646675234,0,927.243859448333,466.59300541008,7,60,947.186010820161,17.9420321967521,1.82092471923521e-05,NA,0.999788040162133
"72","72","~Elevation^2 ~ 1 ~ Tvar^2 ~ Tvar^2",NA,NA,NA,NA,-0.88283119605021,0.409083027618055,NA,NA,NA,NA,NA,NA,NA,NA,NA,NA,NA,NA,-1.49771300283614,0.316084842737381,NA,NA,NA,NA,NA,NA,NA,NA,-0.0541997131476027,0.34185805162521,NA,NA,NA,NA,-0.183723692191963,0.0929836882041971,NA,NA,NA,NA,NA,NA,NA,NA,0.138242367252027,0.0943091664282437,0.992608441408482,1.87427084453306,0.512265165171022,1.81624646675234,0,927.243859448333,466.59300541008,7,60,947.186010820161,17.9420321967521,1.82092471923521e-05,NA,0.999806249409325
"18","18","~Elevation ~ Tvar ~ 1 ~ Tvar",NA,NA,NA,NA,-0.868932414249635,0.474308631859547,NA,NA,NA,NA,NA,NA,0.0591041835588783,0.775292066171339,NA,NA,NA,NA,-1.50639151365154,0.315253740209863,NA,NA,NA,NA,NA,NA,NA,NA,NA,NA,NA,NA,NA,NA,-0.184249359174621,0.0934482488348387,NA,NA,NA,NA,NA,NA,NA,NA,0.138992476204903,0.095087072853121,0.992054343300726,1.87263860483729,0.510039783004525,1.81430531817264,0,924.863520958531,466.603203209597,7,60,947.206406419195,17.962427795786,1.80244965661472e-05,NA,0.999824273905891
"71","71","~Elevation^2 ~ Tvar^2 ~ 1 ~ Tvar^2",NA,NA,NA,NA,-0.868932414249635,0.474308631859547,NA,NA,NA,NA,NA,NA,0.0591041835588783,0.775292066171339,NA,NA,NA,NA,-1.50639151365154,0.315253740209863,NA,NA,NA,NA,NA,NA,NA,NA,NA,NA,NA,NA,NA,NA,-0.184249359174621,0.0934482488348387,NA,NA,NA,NA,NA,NA,NA,NA,0.138992476204903,0.095087072853121,0.992054343300726,1.87263860483729,0.510039783004525,1.81430531817264,0,924.863520958531,466.603203209597,7,60,947.206406419195,17.962427795786,1.80244965661472e-05,NA,0.999842298402457
"14","14","~1 ~ Tvar ~ Tvar ~ Tvar",NA,NA,NA,NA,-0.852240356548598,0.472395409691421,NA,NA,NA,NA,NA,NA,0.0744771204354391,0.795919963863193,NA,NA,NA,NA,-1.48839617764167,0.316249474004161,NA,NA,NA,NA,NA,NA,NA,NA,-0.0576466901863639,0.345434247105433,NA,NA,NA,NA,-0.18613523994279,0.0933500451494743,NA,NA,NA,NA,NA,NA,NA,NA,0.140243327162993,0.0948427549241525,NA,NA,1.4796919221743,0.531237360891374,0,98.4952739465236,466.712562383145,7,60,947.42512476629,18.1811461428819,1.61573100102782e-05,NA,0.999858455712468
"67","67","~1 ~ Tvar^2 ~ Tvar^2 ~ Tvar^2",NA,NA,NA,NA,-0.852240356548598,0.472395409691421,NA,NA,NA,NA,NA,NA,0.0744771204354391,0.795919963863193,NA,NA,NA,NA,-1.48839617764167,0.316249474004161,NA,NA,NA,NA,NA,NA,NA,NA,-0.0576466901863639,0.345434247105433,NA,NA,NA,NA,-0.18613523994279,0.0933500451494743,NA,NA,NA,NA,NA,NA,NA,NA,0.140243327162993,0.0948427549241525,NA,NA,1.4796919221743,0.531237360891374,0,98.4952739465236,466.712562383145,7,60,947.42512476629,18.1811461428819,1.61573100102782e-05,NA,0.999874613022478
"54","54","~Elevation ~ 1 ~ Tvar + Biotic ~ Tvar + Biotic",NA,NA,NA,NA,-0.946005744670604,0.415068155874083,NA,NA,NA,NA,NA,NA,NA,NA,NA,NA,-0.453221599261659,0.58558716765262,-1.28980728694541,0.426620369019137,NA,NA,NA,NA,NA,NA,NA,NA,-0.00146143513429125,0.572846455924159,NA,NA,-0.23052570872754,0.136179546467036,-0.0276227536115383,0.129661939721135,NA,NA,NA,NA,NA,NA,NA,NA,0.232423566691049,0.108542201592641,1.01085089778775,1.8318909411583,0.485156906533322,1.7728720913749,0,1694.03316890658,464.885464056624,9,60,947.770928113248,18.5269494898396,1.35918575787205e-05,NA,0.999888204880057
"100","100","~Elevation^2 ~ 1 ~ Tvar^2 + Biotic ~ Tvar^2 + Biotic",NA,NA,NA,NA,-0.946005744670604,0.415068155874083,NA,NA,NA,NA,NA,NA,NA,NA,NA,NA,-0.453221599261659,0.58558716765262,-1.28980728694541,0.426620369019137,NA,NA,NA,NA,NA,NA,NA,NA,-0.00146143513429125,0.572846455924159,NA,NA,-0.23052570872754,0.136179546467036,-0.0276227536115383,0.129661939721135,NA,NA,NA,NA,NA,NA,NA,NA,0.232423566691049,0.108542201592641,1.01085089778775,1.8318909411583,0.485156906533322,1.7728720913749,0,1694.03316890658,464.885464056624,9,60,947.770928113248,18.5269494898396,1.35918575787205e-05,NA,0.999901796737635
"25","25","~Elevation ~ 1 ~ Biotic ~ Biotic",NA,NA,NA,NA,-0.880836328252023,0.400873309092341,NA,NA,NA,NA,NA,NA,NA,NA,NA,NA,-0.246775288890775,0.400266093430365,-1.30641828333651,0.396093703445223,NA,NA,NA,NA,NA,NA,NA,NA,NA,NA,NA,NA,-0.0886401505681252,0.112326860682513,-0.0944139287143095,0.125214060970036,NA,NA,NA,NA,NA,NA,NA,NA,NA,NA,1.0462664538079,1.8298552667718,0.410185577904766,1.76516690605358,0,1524.34486455703,467.21502296594,7,60,948.43004593188,19.1860673084715,9.7758200670725e-06,NA,0.999911572557702
"75","75","~Elevation^2 ~ 1 ~ Biotic ~ Biotic",NA,NA,NA,NA,-0.880836328252023,0.400873309092341,NA,NA,NA,NA,NA,NA,NA,NA,NA,NA,-0.246775288890775,0.400266093430365,-1.30641828333651,0.396093703445223,NA,NA,NA,NA,NA,NA,NA,NA,NA,NA,NA,NA,-0.0886401505681252,0.112326860682513,-0.0944139287143095,0.125214060970036,NA,NA,NA,NA,NA,NA,NA,NA,NA,NA,1.0462664538079,1.8298552667718,0.410185577904766,1.76516690605358,0,1524.34486455703,467.21502296594,7,60,948.43004593188,19.1860673084715,9.7758200670725e-06,NA,0.99992134837777
"53","53","~Elevation ~ Tvar + Biotic ~ 1 ~ Tvar + Biotic",NA,NA,0.485075190801733,1.71218589225327,-1.06600703759228,0.698204244458705,NA,NA,NA,NA,NA,NA,0.0356216865464288,0.705592198667648,NA,NA,NA,NA,-1.51585738272316,0.34456416763147,NA,NA,NA,NA,NA,NA,NA,NA,NA,NA,NA,NA,-0.193733283430985,0.124550796807704,-0.039623427995802,0.128879219677432,NA,NA,NA,NA,NA,NA,NA,NA,0.212816399598483,0.106347563104632,1.00169434385458,1.7972271197409,0.493805074974092,1.74719793251136,0,1624.3234090011,465.293436562417,9,60,948.586873124835,19.3428945014264,9.03854671806598e-06,NA,0.999930386924488
"99","99","~Elevation^2 ~ Tvar^2 + Biotic ~ 1 ~ Tvar^2 + Biotic",NA,NA,0.485075190801733,1.71218589225327,-1.06600703759228,0.698204244458705,NA,NA,NA,NA,NA,NA,0.0356216865464288,0.705592198667648,NA,NA,NA,NA,-1.51585738272316,0.34456416763147,NA,NA,NA,NA,NA,NA,NA,NA,NA,NA,NA,NA,-0.193733283430985,0.124550796807704,-0.039623427995802,0.128879219677432,NA,NA,NA,NA,NA,NA,NA,NA,0.212816399598483,0.106347563104632,1.00169434385458,1.7972271197409,0.493805074974092,1.74719793251136,0,1624.3234090011,465.293436562417,9,60,948.586873124835,19.3428945014264,9.03854671806598e-06,NA,0.999939425471206
"24","24","~Elevation ~ Biotic ~ 1 ~ Biotic",NA,NA,0.699429939422928,1.42570100498696,-1.109147750821,0.629985079719013,NA,NA,NA,NA,NA,NA,NA,NA,NA,NA,NA,NA,-1.43116104219629,0.311240249098781,NA,NA,NA,NA,NA,NA,NA,NA,NA,NA,NA,NA,-0.076058289716603,0.109495377599556,-0.0949532164847142,0.125212390013784,NA,NA,NA,NA,NA,NA,NA,NA,NA,NA,1.03007525439199,1.80681596697937,0.43019642343486,1.75061451740529,0,1497.34335932054,467.296567089734,7,60,948.593134179468,19.349155556059,9.01029554427305e-06,NA,0.99994843576675
"74","74","~Elevation^2 ~ Biotic ~ 1 ~ Biotic",NA,NA,0.699429939422928,1.42570100498696,-1.109147750821,0.629985079719013,NA,NA,NA,NA,NA,NA,NA,NA,NA,NA,NA,NA,-1.43116104219629,0.311240249098781,NA,NA,NA,NA,NA,NA,NA,NA,NA,NA,NA,NA,-0.076058289716603,0.109495377599556,-0.0949532164847142,0.125212390013784,NA,NA,NA,NA,NA,NA,NA,NA,NA,NA,1.03007525439199,1.80681596697937,0.43019642343486,1.75061451740529,0,1497.34335932054,467.296567089734,7,60,948.593134179468,19.349155556059,9.01029554427305e-06,NA,0.999957446062294
"20","20","~1 ~ Biotic ~ Biotic ~ Biotic",NA,NA,0.515136111986911,1.66417239574226,-1.04232636992739,0.667992511206541,NA,NA,NA,NA,NA,NA,NA,NA,NA,NA,-0.204113506593455,0.404630545101809,-1.28790782091336,0.390903804499772,NA,NA,NA,NA,NA,NA,NA,NA,NA,NA,NA,NA,-0.0842357481497139,0.112316416355981,-0.0944520820108524,0.125208109788751,NA,NA,NA,NA,NA,NA,NA,NA,NA,NA,NA,NA,1.42810871944096,0.513736570558261,0,741.342716009032,467.299812389912,7,60,948.599624779824,19.3556461564154,8.98110182734717e-06,NA,0.999966427164122
"17","17","~Elevation ~ Tvar ~ Tvar ~ Tvar",NA,NA,NA,NA,-0.869104798525857,0.473185363187662,NA,NA,NA,NA,NA,NA,0.0440104003323162,0.763130214731605,NA,NA,NA,NA,-1.49931675215264,0.317585865498536,NA,NA,NA,NA,NA,NA,NA,NA,-0.0519638491018899,0.343608892576128,NA,NA,NA,NA,-0.184201826188531,0.0934072315317189,NA,NA,NA,NA,NA,NA,NA,NA,0.138799873232641,0.0949242260976909,0.98515976668581,1.88208647591502,0.519920418579465,1.82546763190298,0,935.98296746374,466.591306279987,8,60,949.182612559975,19.9386339365661,6.71019950234562e-06,NA,0.999973137363624
"70","70","~Elevation^2 ~ Tvar^2 ~ Tvar^2 ~ Tvar^2",NA,NA,NA,NA,-0.869104798525857,0.473185363187662,NA,NA,NA,NA,NA,NA,0.0440104003323162,0.763130214731605,NA,NA,NA,NA,-1.49931675215264,0.317585865498536,NA,NA,NA,NA,NA,NA,NA,NA,-0.0519638491018899,0.343608892576128,NA,NA,NA,NA,-0.184201826188531,0.0934072315317189,NA,NA,NA,NA,NA,NA,NA,NA,0.138799873232641,0.0949242260976909,0.98515976668581,1.88208647591502,0.519920418579465,1.82546763190298,0,935.98296746374,466.591306279987,8,60,949.182612559975,19.9386339365661,6.71019950234562e-06,NA,0.999979847563126
"49","49","~1 ~ Tvar + Biotic ~ Tvar + Biotic ~ Tvar + Biotic",NA,NA,0.0967323815715176,1.21274609127243,-0.951393297195493,0.608651831041465,NA,NA,NA,NA,NA,NA,0.0482575290426335,0.743490337453208,NA,NA,-0.438988066036218,0.596695277629658,-1.2775594940843,0.423523185250759,NA,NA,NA,NA,NA,NA,NA,NA,-0.00874795961612014,0.58158579963861,NA,NA,-0.228746117683215,0.136758847103977,-0.0297736502843357,0.130031886682926,NA,NA,NA,NA,NA,NA,NA,NA,0.232817226749103,0.109300092388571,NA,NA,1.46799240042404,0.526591126127323,0,447.355540320205,465.012722326227,10,60,950.025444652453,20.7814660290447,4.40267643375496e-06,NA,0.99998425023956
"95","95","~1 ~ Tvar^2 + Biotic ~ Tvar^2 + Biotic ~ Tvar^2 + Biotic",NA,NA,0.0967323815715176,1.21274609127243,-0.951393297195493,0.608651831041465,NA,NA,NA,NA,NA,NA,0.0482575290426335,0.743490337453208,NA,NA,-0.438988066036218,0.596695277629658,-1.2775594940843,0.423523185250759,NA,NA,NA,NA,NA,NA,NA,NA,-0.00874795961612014,0.58158579963861,NA,NA,-0.228746117683215,0.136758847103977,-0.0297736502843357,0.130031886682926,NA,NA,NA,NA,NA,NA,NA,NA,0.232817226749103,0.109300092388571,NA,NA,1.46799240042404,0.526591126127323,0,447.355540320205,465.012722326227,10,60,950.025444652453,20.7814660290447,4.40267643375496e-06,NA,0.999988652915994
"23","23","~Elevation ~ Biotic ~ Biotic ~ Biotic",NA,NA,0.47984419603045,1.6072141896854,-1.03700499860106,0.654425844719687,NA,NA,NA,NA,NA,NA,NA,NA,NA,NA,-0.205696452118745,0.406912057817657,-1.30030672342055,0.393064000459853,NA,NA,NA,NA,NA,NA,NA,NA,NA,NA,NA,NA,-0.0857053675798229,0.112428024024179,-0.0917491202990049,0.125356181490286,NA,NA,NA,NA,NA,NA,NA,NA,NA,NA,1.04605858708896,1.8262641986703,0.41463446088079,1.76493204149724,0,1516.73981261885,467.152658601315,8,60,950.305317202629,21.0613385792205,3.82774693054597e-06,NA,0.999992480662924
"73","73","~Elevation^2 ~ Biotic ~ Biotic ~ Biotic",NA,NA,0.47984419603045,1.6072141896854,-1.03700499860106,0.654425844719687,NA,NA,NA,NA,NA,NA,NA,NA,NA,NA,-0.205696452118745,0.406912057817657,-1.30030672342055,0.393064000459853,NA,NA,NA,NA,NA,NA,NA,NA,NA,NA,NA,NA,-0.0857053675798229,0.112428024024179,-0.0917491202990049,0.125356181490286,NA,NA,NA,NA,NA,NA,NA,NA,NA,NA,1.04605858708896,1.8262641986703,0.41463446088079,1.76493204149724,0,1516.73981261885,467.152658601315,8,60,950.305317202629,21.0613385792205,3.82774693054597e-06,NA,0.999996308409855
"52","52","~Elevation ~ Tvar + Biotic ~ Tvar + Biotic ~ Tvar + Biotic",NA,NA,0.0889678623622496,1.18336551226993,-0.9657298091606,0.605330211398779,NA,NA,NA,NA,NA,NA,0.0224806025689997,0.728255816745486,NA,NA,-0.443449401629341,0.599858018995341,-1.28919487146048,0.4263252847928,NA,NA,NA,NA,NA,NA,NA,NA,0.0018836547943594,0.573174711071204,NA,NA,-0.22952560493565,0.136848775066534,-0.0276080581715929,0.130080644040884,NA,NA,NA,NA,NA,NA,NA,NA,0.231962554615643,0.109424207439236,1.00252360614083,1.83712738768136,0.493773356720685,1.78020070471796,0,1704.38163245042,464.882024844341,11,60,951.764049688681,22.5200710652725,1.84579507251852e-06,NA,0.999998154204927
"98","98","~Elevation^2 ~ Tvar^2 + Biotic ~ Tvar^2 + Biotic ~ Tvar^2 + Biotic",NA,NA,0.0889678623622496,1.18336551226993,-0.9657298091606,0.605330211398779,NA,NA,NA,NA,NA,NA,0.0224806025689997,0.728255816745486,NA,NA,-0.443449401629341,0.599858018995341,-1.28919487146048,0.4263252847928,NA,NA,NA,NA,NA,NA,NA,NA,0.0018836547943594,0.573174711071204,NA,NA,-0.22952560493565,0.136848775066534,-0.0276080581715929,0.130080644040884,NA,NA,NA,NA,NA,NA,NA,NA,0.231962554615643,0.109424207439236,1.00252360614083,1.83712738768136,0.493773356720685,1.78020070471796,0,1704.38163245042,464.882024844341,11,60,951.764049688681,22.5200710652725,1.84579507251852e-06,NA,1
