"","model","formula","col(Biotic:Tmin)","SEcol(Biotic:Tmin)","col(Biotic)","SEcol(Biotic)","col(Int)","SEcol(Int)","col(Tmax:Biotic)","SEcol(Tmax:Biotic)","col(Tmax)","SEcol(Tmax)","col(Tmin)","SEcol(Tmin)","col(Tvar:Biotic)","SEcol(Tvar:Biotic)","col(Tvar)","SEcol(Tvar)","ext(Biotic)","SEext(Biotic)","ext(Int)","SEext(Int)","ext(Tmin)","SEext(Tmin)","ext(Tvar:Biotic)","SEext(Tvar:Biotic)","ext(Tvar)","SEext(Tvar)","p(Biotic:Tmin)","SEp(Biotic:Tmin)","p(Biotic)","SEp(Biotic)","p(Int)","SEp(Int)","p(Tmax:Biotic)","SEp(Tmax:Biotic)","p(Tmax)","SEp(Tmax)","p(Tmin)","SEp(Tmin)","p(Tvar:Biotic)","SEp(Tvar:Biotic)","p(Tvar)","SEp(Tvar)","psi(Elevation)","SEpsi(Elevation)","psi(Int)","SEpsi(Int)","Converge","CondNum","negLogLike","nPars","n","AIC","delta","AICwt","Rsq","cumltvWt"
"11","11","~1 ~ 1 ~ Tvar ~ Tvar",NA,NA,NA,NA,-0.599144893709181,0.513561508128064,NA,NA,NA,NA,NA,NA,NA,NA,NA,NA,NA,NA,-0.959591042663562,1.05176216585628,NA,NA,NA,NA,-2.12809399350683,1.71345570252372,NA,NA,NA,NA,-1.39868230224881,0.194884438235577,NA,NA,NA,NA,NA,NA,NA,NA,1.08335787447756,0.293351706021901,NA,NA,-1.58554183457893,0.56382804044177,0,110.414945253493,139.251163874613,6,30,290.502327749226,0,0.129282548331169,NA,0.129282548331169
"49","49","~1 ~ 1 ~ Tvar^2 ~ Tvar^2",NA,NA,NA,NA,-0.599144893709181,0.513561508128064,NA,NA,NA,NA,NA,NA,NA,NA,NA,NA,NA,NA,-0.959591042663562,1.05176216585628,NA,NA,NA,NA,-2.12809399350683,1.71345570252372,NA,NA,NA,NA,-1.39868230224881,0.194884438235577,NA,NA,NA,NA,NA,NA,NA,NA,1.08335787447756,0.293351706021901,NA,NA,-1.58554183457893,0.56382804044177,0,110.414945253493,139.251163874613,6,30,290.502327749226,0,0.129282548331169,NA,0.258565096662338
"14","14","~Elevation ~ 1 ~ Tvar ~ Tvar",NA,NA,NA,NA,-0.647469435810513,0.528306845598404,NA,NA,NA,NA,NA,NA,NA,NA,NA,NA,NA,NA,-1.0519344770793,1.05945721877413,NA,NA,NA,NA,-2.06939525625586,1.71380289344596,NA,NA,NA,NA,-1.40503511048975,0.195569343766592,NA,NA,NA,NA,NA,NA,NA,NA,1.09312708819392,0.293989526062959,-0.852510435368804,0.839710251012084,-1.80990499922316,0.66627723038315,0,110.717637394923,138.6926366881,7,30,291.3852733762,0.882945626973992,0.0831401296142871,NA,0.341705226276625
"52","52","~Elevation^2 ~ 1 ~ Tvar^2 ~ Tvar^2",NA,NA,NA,NA,-0.647469435810513,0.528306845598404,NA,NA,NA,NA,NA,NA,NA,NA,NA,NA,NA,NA,-1.0519344770793,1.05945721877413,NA,NA,NA,NA,-2.06939525625586,1.71380289344596,NA,NA,NA,NA,-1.40503511048975,0.195569343766592,NA,NA,NA,NA,NA,NA,NA,NA,1.09312708819392,0.293989526062959,-0.852510435368804,0.839710251012084,-1.80990499922316,0.66627723038315,0,110.717637394923,138.6926366881,7,30,291.3852733762,0.882945626973992,0.0831401296142871,NA,0.424845355890913
"9","9","~1 ~ Tvar ~ Tvar ~ Tvar",NA,NA,NA,NA,-0.545199326569291,0.540192575644758,NA,NA,NA,NA,NA,NA,NA,NA,-0.390551185993921,0.505514825366858,NA,NA,-1.0216523235724,1.06078253634697,NA,NA,NA,NA,-2.25877749209728,1.73168199035007,NA,NA,NA,NA,-1.40982938974715,0.195565671859631,NA,NA,NA,NA,NA,NA,NA,NA,1.10126784199562,0.294689683889953,NA,NA,-1.56762676729074,0.565401665726577,0,113.733978225802,138.922692240474,7,30,291.845384480949,1.3430567317227,0.0660539571389539,NA,0.490899313029866
"47","47","~1 ~ Tvar^2 ~ Tvar^2 ~ Tvar^2",NA,NA,NA,NA,-0.545199326569291,0.540192575644758,NA,NA,NA,NA,NA,NA,NA,NA,-0.390551185993921,0.505514825366858,NA,NA,-1.0216523235724,1.06078253634697,NA,NA,NA,NA,-2.25877749209728,1.73168199035007,NA,NA,NA,NA,-1.40982938974715,0.195565671859631,NA,NA,NA,NA,NA,NA,NA,NA,1.10126784199562,0.294689683889953,NA,NA,-1.56762676729074,0.565401665726577,0,113.733978225802,138.922692240474,7,30,291.845384480949,1.3430567317227,0.0660539571389539,NA,0.55695327016882
"10","10","~1 ~ Tvar ~ 1 ~ Tvar",NA,NA,NA,NA,-0.508194381021857,0.552420423581927,NA,NA,NA,NA,NA,NA,NA,NA,-0.288723376193417,0.481431100882113,NA,NA,-0.7023551655645,0.998374159771928,NA,NA,NA,NA,NA,NA,NA,NA,NA,NA,-1.43503326725568,0.197259863656486,NA,NA,NA,NA,NA,NA,NA,NA,1.1340985486899,0.292705464170557,NA,NA,-1.59820624714165,0.559819127101221,0,34.7313180471869,140.062741418577,6,30,292.125482837153,1.62315508792716,0.0574217276583983,NA,0.614374997827219
"48","48","~1 ~ Tvar^2 ~ 1 ~ Tvar^2",NA,NA,NA,NA,-0.508194381021857,0.552420423581927,NA,NA,NA,NA,NA,NA,NA,NA,-0.288723376193417,0.481431100882113,NA,NA,-0.7023551655645,0.998374159771928,NA,NA,NA,NA,NA,NA,NA,NA,NA,NA,-1.43503326725568,0.197259863656486,NA,NA,NA,NA,NA,NA,NA,NA,1.1340985486899,0.292705464170557,NA,NA,-1.59820624714165,0.559819127101221,0,34.7313180471869,140.062741418577,6,30,292.125482837153,1.62315508792716,0.0574217276583983,NA,0.671796725485617
"12","12","~Elevation ~ Tvar ~ Tvar ~ Tvar",NA,NA,NA,NA,-0.584502887143064,0.551554585034234,NA,NA,NA,NA,NA,NA,NA,NA,-0.383626263127278,0.511721129712145,NA,NA,-1.09623747904501,1.06366880239053,NA,NA,NA,NA,-2.20323041521511,1.73060779448535,NA,NA,NA,NA,-1.41423524847633,0.19571768435244,NA,NA,NA,NA,NA,NA,NA,NA,1.10796093635827,0.294351655563956,-0.841322596718489,0.843252871292294,-1.79709407661478,0.667569020545477,0,113.834301400829,138.384356435678,8,30,292.768712871355,2.26638512212924,0.0416294456597376,NA,0.713426171145354
"50","50","~Elevation^2 ~ Tvar^2 ~ Tvar^2 ~ Tvar^2",NA,NA,NA,NA,-0.584502887143064,0.551554585034234,NA,NA,NA,NA,NA,NA,NA,NA,-0.383626263127278,0.511721129712145,NA,NA,-1.09623747904501,1.06366880239053,NA,NA,NA,NA,-2.20323041521511,1.73060779448535,NA,NA,NA,NA,-1.41423524847633,0.19571768435244,NA,NA,NA,NA,NA,NA,NA,NA,1.10796093635827,0.294351655563956,-0.841322596718489,0.843252871292294,-1.79709407661478,0.667569020545477,0,113.834301400829,138.384356435678,8,30,292.768712871355,2.26638512212924,0.0416294456597376,NA,0.755055616805092
"13","13","~Elevation ~ Tvar ~ 1 ~ Tvar",NA,NA,NA,NA,-0.566752940421161,0.573251175458553,NA,NA,NA,NA,NA,NA,NA,NA,-0.273327010936877,0.4868382760842,NA,NA,-0.796474057831607,0.997797129921476,NA,NA,NA,NA,NA,NA,NA,NA,NA,NA,-1.44032748869967,0.196721534657173,NA,NA,NA,NA,NA,NA,NA,NA,1.14189531605224,0.291890921293341,-0.854151741669717,0.821956635532286,-1.82191457082619,0.661288026511409,0,35.3886390752458,139.478244023613,7,30,292.956488047227,2.45416029800072,0.0378988268316103,NA,0.792954443636702
"51","51","~Elevation^2 ~ Tvar^2 ~ 1 ~ Tvar^2",NA,NA,NA,NA,-0.566752940421161,0.573251175458553,NA,NA,NA,NA,NA,NA,NA,NA,-0.273327010936877,0.4868382760842,NA,NA,-0.796474057831607,0.997797129921476,NA,NA,NA,NA,NA,NA,NA,NA,NA,NA,-1.44032748869967,0.196721534657173,NA,NA,NA,NA,NA,NA,NA,NA,1.14189531605224,0.291890921293341,-0.854151741669717,0.821956635532286,-1.82191457082619,0.661288026511409,0,35.3886390752458,139.478244023613,7,30,292.956488047227,2.45416029800072,0.0378988268316103,NA,0.830853270468313
"36","36","~1 ~ 1 ~ Tvar + Biotic ~ Tvar + Biotic",NA,NA,NA,NA,-0.603464730012608,0.522026453887906,NA,NA,NA,NA,NA,NA,NA,NA,NA,NA,0.224109806837439,0.943783144937825,-1.16968394783681,1.24881650602629,NA,NA,NA,NA,-2.36839414245984,1.95514707354922,NA,NA,-0.166718059818385,0.207715673169578,-1.34551438321853,0.205639609324518,NA,NA,NA,NA,NA,NA,NA,NA,1.33178909153389,0.43285971636744,NA,NA,-1.53918995360967,0.568586250738632,0,365.849904481787,138.83375932755,8,30,293.667518655099,3.16519090587292,0.0265599609237317,NA,0.857413231392045
"69","69","~1 ~ 1 ~ Tvar^2 + Biotic ~ Tvar^2 + Biotic",NA,NA,NA,NA,-0.603464730012608,0.522026453887906,NA,NA,NA,NA,NA,NA,NA,NA,NA,NA,0.224109806837439,0.943783144937825,-1.16968394783681,1.24881650602629,NA,NA,NA,NA,-2.36839414245984,1.95514707354922,NA,NA,-0.166718059818385,0.207715673169578,-1.34551438321853,0.205639609324518,NA,NA,NA,NA,NA,NA,NA,NA,1.33178909153389,0.43285971636744,NA,NA,-1.53918995360967,0.568586250738632,0,365.849904481787,138.83375932755,8,30,293.667518655099,3.16519090587292,0.0265599609237317,NA,0.883973192315776
"39","39","~Elevation ~ 1 ~ Tvar + Biotic ~ Tvar + Biotic",NA,NA,NA,NA,-0.660287463665544,0.540335336701414,NA,NA,NA,NA,NA,NA,NA,NA,NA,NA,0.240463325322328,0.907268401282429,-1.27434547584086,1.22507813063094,NA,NA,NA,NA,-2.29883530444672,1.95532804512781,NA,NA,-0.173555748787735,0.210262960584682,-1.35011106613351,0.205204892822557,NA,NA,NA,NA,NA,NA,NA,NA,1.35119531063387,0.438442142076503,-0.900067181730913,0.853845430917316,-1.77302915993131,0.672836566776851,0,356.046823544963,138.230528842145,9,30,294.461057684289,3.95872993506299,0.0178612817388627,NA,0.901834474054639
"72","72","~Elevation^2 ~ 1 ~ Tvar^2 + Biotic ~ Tvar^2 + Biotic",NA,NA,NA,NA,-0.660287463665544,0.540335336701414,NA,NA,NA,NA,NA,NA,NA,NA,NA,NA,0.240463325322328,0.907268401282429,-1.27434547584086,1.22507813063094,NA,NA,NA,NA,-2.29883530444672,1.95532804512781,NA,NA,-0.173555748787735,0.210262960584682,-1.35011106613351,0.205204892822557,NA,NA,NA,NA,NA,NA,NA,NA,1.35119531063387,0.438442142076503,-0.900067181730913,0.853845430917316,-1.77302915993131,0.672836566776851,0,356.046823544963,138.230528842145,9,30,294.461057684289,3.95872993506299,0.0178612817388627,NA,0.919695755793502
"35","35","~1 ~ Tvar + Biotic ~ 1 ~ Tvar + Biotic",NA,NA,0.148683904051104,0.554907532426116,-0.502147118589703,0.559105110451001,NA,NA,NA,NA,NA,NA,NA,NA,-0.307196345710763,0.490266998078941,NA,NA,-0.712682189517072,0.995444749070441,NA,NA,NA,NA,NA,NA,NA,NA,-0.184364655095404,0.202716995182641,-1.36761029251233,0.20469278410322,NA,NA,NA,NA,NA,NA,NA,NA,1.39779916042256,0.427197551334226,NA,NA,-1.5625290160573,0.562986508572787,0,77.9072676078165,139.625415591979,8,30,295.250831183958,4.7485034347315,0.0120341517753856,NA,0.931729907568887
"68","68","~1 ~ Tvar^2 + Biotic ~ 1 ~ Tvar^2 + Biotic",NA,NA,0.148683904051104,0.554907532426116,-0.502147118589703,0.559105110451001,NA,NA,NA,NA,NA,NA,NA,NA,-0.307196345710763,0.490266998078941,NA,NA,-0.712682189517072,0.995444749070441,NA,NA,NA,NA,NA,NA,NA,NA,-0.184364655095404,0.202716995182641,-1.36761029251233,0.20469278410322,NA,NA,NA,NA,NA,NA,NA,NA,1.39779916042256,0.427197551334226,NA,NA,-1.5625290160573,0.562986508572787,0,77.9072676078165,139.625415591979,8,30,295.250831183958,4.7485034347315,0.0120341517753856,NA,0.943764059344273
"38","38","~Elevation ~ Tvar + Biotic ~ 1 ~ Tvar + Biotic",NA,NA,0.18108075273939,0.574670842352696,-0.571869860141982,0.582414272355215,NA,NA,NA,NA,NA,NA,NA,NA,-0.28837884787187,0.49705123557172,NA,NA,-0.811927427705334,0.989546633061786,NA,NA,NA,NA,NA,NA,NA,NA,-0.19472612267633,0.203917874796768,-1.36925214704048,0.203937586196106,NA,NA,NA,NA,NA,NA,NA,NA,1.41944179804232,0.428189441969478,-0.904290656542764,0.834441482733725,-1.79223279644216,0.665388485106578,0,78.0430948601098,138.987289591427,9,30,295.974579182854,5.47225143362778,0.00838022353940343,NA,0.952144282883676
"71","71","~Elevation^2 ~ Tvar^2 + Biotic ~ 1 ~ Tvar^2 + Biotic",NA,NA,0.18108075273939,0.574670842352696,-0.571869860141982,0.582414272355215,NA,NA,NA,NA,NA,NA,NA,NA,-0.28837884787187,0.49705123557172,NA,NA,-0.811927427705334,0.989546633061786,NA,NA,NA,NA,NA,NA,NA,NA,-0.19472612267633,0.203917874796768,-1.36925214704048,0.203937586196106,NA,NA,NA,NA,NA,NA,NA,NA,1.41944179804232,0.428189441969478,-0.904290656542764,0.834441482733725,-1.79223279644216,0.665388485106578,0,78.0430948601098,138.987289591427,9,30,295.974579182854,5.47225143362778,0.00838022353940343,NA,0.96052450642308
"34","34","~1 ~ Tvar + Biotic ~ Tvar + Biotic ~ Tvar + Biotic",NA,NA,0.0424036570584545,0.565742935674874,-0.534600119326057,0.555062978486322,NA,NA,NA,NA,NA,NA,NA,NA,-0.428506113868692,0.523690156426747,0.25403046114248,0.958232989385319,-1.23501634715716,1.24051649260264,NA,NA,NA,NA,-2.52102105571404,1.94128950350476,NA,NA,-0.177068740139416,0.207525624370373,-1.35298755014818,0.205647773085309,NA,NA,NA,NA,NA,NA,NA,NA,1.36562727699307,0.433992538441977,NA,NA,-1.51420806567434,0.570238112279826,0,359.248235152572,138.45477517146,10,30,296.909550342921,6.40722259369471,0.00525084496543985,NA,0.96577535138852
"67","67","~1 ~ Tvar^2 + Biotic ~ Tvar^2 + Biotic ~ Tvar^2 + Biotic",NA,NA,0.0424036570584545,0.565742935674874,-0.534600119326057,0.555062978486322,NA,NA,NA,NA,NA,NA,NA,NA,-0.428506113868692,0.523690156426747,0.25403046114248,0.958232989385319,-1.23501634715716,1.24051649260264,NA,NA,NA,NA,-2.52102105571404,1.94128950350476,NA,NA,-0.177068740139416,0.207525624370373,-1.35298755014818,0.205647773085309,NA,NA,NA,NA,NA,NA,NA,NA,1.36562727699307,0.433992538441977,NA,NA,-1.51420806567434,0.570238112279826,0,359.248235152572,138.45477517146,10,30,296.909550342921,6.40722259369471,0.00525084496543985,NA,0.971026196353959
"31","31","~1 ~ 1 ~ Tvar * Biotic ~ Tvar * Biotic",NA,NA,NA,NA,-0.528342254637542,0.572824973826323,NA,NA,NA,NA,NA,NA,NA,NA,NA,NA,0.109856948051505,1.34162670115754,-0.550164540116542,1.52027260744217,NA,NA,-2.17312631314762,4.89300586230206,-1.52254383964724,2.04892263652604,NA,NA,-0.172875361074143,0.216387853574124,-1.38278034883955,0.263003781962329,NA,NA,NA,NA,NA,NA,0.0906553918268784,0.3773952984363,1.24619626227066,0.552068420980781,NA,NA,-1.56006040957489,0.564314111598197,0,2401.17671951289,138.660601494803,10,30,297.321202989606,6.81887524038001,0.00427405355018589,NA,0.975300249904145
"64","64","~1 ~ 1 ~ Tvar^2 * Biotic ~ Tvar^2 * Biotic",NA,NA,NA,NA,-0.528342254637542,0.572824973826323,NA,NA,NA,NA,NA,NA,NA,NA,NA,NA,0.109856948051505,1.34162670115754,-0.550164540116542,1.52027260744217,NA,NA,-2.17312631314762,4.89300586230206,-1.52254383964724,2.04892263652604,NA,NA,-0.172875361074143,0.216387853574124,-1.38278034883955,0.263003781962329,NA,NA,NA,NA,NA,NA,0.0906553918268784,0.3773952984363,1.24619626227066,0.552068420980781,NA,NA,-1.56006040957489,0.564314111598197,0,2401.17671951289,138.660601494803,10,30,297.321202989606,6.81887524038001,0.00427405355018589,NA,0.979574303454331
"37","37","~Elevation ~ Tvar + Biotic ~ Tvar + Biotic ~ Tvar + Biotic",NA,NA,0.0916543546677309,0.57969122221841,-0.583116713145629,0.569248944829519,NA,NA,NA,NA,NA,NA,NA,NA,-0.419245211458311,0.529680121133771,0.296293108408657,0.936045017191029,-1.32623647697711,1.21463042108985,NA,NA,NA,NA,-2.48363152774024,1.94666727542493,NA,NA,-0.18164950869151,0.2089909737432,-1.35561236736675,0.205109263706555,NA,NA,NA,NA,NA,NA,NA,NA,1.37772605731879,0.435634891128609,-0.897131110137205,0.862373995808613,-1.75875649359394,0.674446967753543,0,352.465544410054,137.869071569249,11,30,297.738143138497,7.23581538927124,0.00346978492809891,NA,0.98304408838243
"70","70","~Elevation^2 ~ Tvar^2 + Biotic ~ Tvar^2 + Biotic ~ Tvar^2 + Biotic",NA,NA,0.0916543546677309,0.57969122221841,-0.583116713145629,0.569248944829519,NA,NA,NA,NA,NA,NA,NA,NA,-0.419245211458311,0.529680121133771,0.296293108408657,0.936045017191029,-1.32623647697711,1.21463042108985,NA,NA,NA,NA,-2.48363152774024,1.94666727542493,NA,NA,-0.18164950869151,0.2089909737432,-1.35561236736675,0.205109263706555,NA,NA,NA,NA,NA,NA,NA,NA,1.37772605731879,0.435634891128609,-0.897131110137205,0.862373995808613,-1.75875649359394,0.674446967753543,0,352.465544410054,137.869071569249,11,30,297.738143138497,7.23581538927124,0.00346978492809891,NA,0.986513873310529
"33","33","~Elevation ~ 1 ~ Tvar * Biotic ~ Tvar * Biotic",NA,NA,NA,NA,-0.565700512478337,0.590283885269005,NA,NA,NA,NA,NA,NA,NA,NA,NA,NA,0.142938386927301,1.36971394810269,-0.642481247442139,1.51196820711088,NA,NA,-2.27229635044552,6.00147298876659,-1.56137001700712,2.0054394049564,NA,NA,-0.174794271025657,0.218371493685506,-1.38795810034301,0.262792242552771,NA,NA,NA,NA,NA,NA,0.0966370780063365,0.373697481476803,1.245540191644,0.543650321651079,-0.855426464358008,0.844426031561018,-1.8053544807577,0.670729309680201,0,3597.78884664569,138.105993349311,11,30,298.211986698622,7.70965894939587,0.00273784422519419,NA,0.989251717535723
"66","66","~Elevation^2 ~ 1 ~ Tvar^2 * Biotic ~ Tvar^2 * Biotic",NA,NA,NA,NA,-0.565700512478337,0.590283885269005,NA,NA,NA,NA,NA,NA,NA,NA,NA,NA,0.142938386927301,1.36971394810269,-0.642481247442139,1.51196820711088,NA,NA,-2.27229635044552,6.00147298876659,-1.56137001700712,2.0054394049564,NA,NA,-0.174794271025657,0.218371493685506,-1.38795810034301,0.262792242552771,NA,NA,NA,NA,NA,NA,0.0966370780063365,0.373697481476803,1.245540191644,0.543650321651079,-0.855426464358008,0.844426031561018,-1.8053544807577,0.670729309680201,0,3597.78884664569,138.105993349311,11,30,298.211986698622,7.70965894939587,0.00273784422519419,NA,0.991989561760917
"30","30","~1 ~ Tvar * Biotic ~ 1 ~ Tvar * Biotic",NA,NA,0.168391178752607,0.571600258203996,-0.505881711023645,0.561483656373648,NA,NA,NA,NA,NA,NA,-0.172294388410479,0.846873802158489,-0.308397989905761,0.488164814323916,NA,NA,-0.751859201556121,1.01006037798049,NA,NA,NA,NA,NA,NA,NA,NA,-0.194237514255506,0.208727757714436,-1.40781485662483,0.263346813754497,NA,NA,NA,NA,NA,NA,0.085954837940766,0.372649000177361,1.3274326488493,0.544147424969656,NA,NA,-1.5577823593945,0.563593900493867,0,110.073442670797,139.576043074472,10,30,299.152086148944,8.64975839971822,0.00171107376541687,NA,0.993700635526334
"63","63","~1 ~ Tvar^2 * Biotic ~ 1 ~ Tvar^2 * Biotic",NA,NA,0.168391178752607,0.571600258203996,-0.505881711023645,0.561483656373648,NA,NA,NA,NA,NA,NA,-0.172294388410479,0.846873802158489,-0.308397989905761,0.488164814323916,NA,NA,-0.751859201556121,1.01006037798049,NA,NA,NA,NA,NA,NA,NA,NA,-0.194237514255506,0.208727757714436,-1.40781485662483,0.263346813754497,NA,NA,NA,NA,NA,NA,0.085954837940766,0.372649000177361,1.3274326488493,0.544147424969656,NA,NA,-1.5577823593945,0.563593900493867,0,110.073442670797,139.576043074472,10,30,299.152086148944,8.64975839971822,0.00171107376541687,NA,0.995411709291751
"32","32","~Elevation ~ Tvar * Biotic ~ 1 ~ Tvar * Biotic",NA,NA,0.212554996404418,0.598604579380642,-0.575584962251378,0.582418458427518,NA,NA,NA,NA,NA,NA,-0.198680088147256,0.87685677213449,-0.289422514932492,0.494237768344337,NA,NA,-0.850912885701707,0.997715835162375,NA,NA,NA,NA,NA,NA,NA,NA,-0.206200068258099,0.210486913849695,-1.41464660996124,0.263067804564562,NA,NA,NA,NA,NA,NA,0.0983016201720849,0.37206539312907,1.33884667695321,0.539525333114906,-0.91353382698035,0.833347820230256,-1.79000035948162,0.666097543636179,0,107.538252443272,138.923837114587,11,30,299.847674229174,9.34534647994786,0.0012084361266178,NA,0.996620145418369
"65","65","~Elevation^2 ~ Tvar^2 * Biotic ~ 1 ~ Tvar^2 * Biotic",NA,NA,0.212554996404418,0.598604579380642,-0.575584962251378,0.582418458427518,NA,NA,NA,NA,NA,NA,-0.198680088147256,0.87685677213449,-0.289422514932492,0.494237768344337,NA,NA,-0.850912885701707,0.997715835162375,NA,NA,NA,NA,NA,NA,NA,NA,-0.206200068258099,0.210486913849695,-1.41464660996124,0.263067804564562,NA,NA,NA,NA,NA,NA,0.0983016201720849,0.37206539312907,1.33884667695321,0.539525333114906,-0.91353382698035,0.833347820230256,-1.79000035948162,0.666097543636179,0,107.538252443272,138.923837114587,11,30,299.847674229174,9.34534647994786,0.0012084361266178,NA,0.997828581544987
"29","29","~1 ~ Tvar * Biotic ~ Tvar * Biotic ~ Tvar * Biotic",NA,NA,0.0700116269748921,0.692707860881782,-0.483701346875237,0.630923851932311,NA,NA,NA,NA,NA,NA,-0.273820364616605,0.829899616127546,-0.391417605921829,0.518141792101437,0.0733775140557343,1.44679119016782,-0.684720843148312,1.53302629562006,NA,NA,-2.20897194878052,6.00897114201192,-1.7134964845955,2.00862973188066,NA,NA,-0.187843950601952,0.216446944882105,-1.3970651001942,0.264689312826157,NA,NA,NA,NA,NA,NA,0.0965868077571053,0.379043117340022,1.28762287946314,0.549691177628455,NA,NA,-1.51837798130504,0.5724449354935,0,3582.40271253288,138.261265520621,13,30,302.522531041241,12.0202032920148,0.000317238526124844,NA,0.998145820071112
"62","62","~1 ~ Tvar^2 * Biotic ~ Tvar^2 * Biotic ~ Tvar^2 * Biotic",NA,NA,0.0700116269748921,0.692707860881782,-0.483701346875237,0.630923851932311,NA,NA,NA,NA,NA,NA,-0.273820364616605,0.829899616127546,-0.391417605921829,0.518141792101437,0.0733775140557343,1.44679119016782,-0.684720843148312,1.53302629562006,NA,NA,-2.20897194878052,6.00897114201192,-1.7134964845955,2.00862973188066,NA,NA,-0.187843950601952,0.216446944882105,-1.3970651001942,0.264689312826157,NA,NA,NA,NA,NA,NA,0.0965868077571053,0.379043117340022,1.28762287946314,0.549691177628455,NA,NA,-1.51837798130504,0.5724449354935,0,3582.40271253288,138.261265520621,13,30,302.522531041241,12.0202032920148,0.000317238526124844,NA,0.998463058597236
"17","17","~1 ~ 1 ~ Biotic ~ Biotic",NA,NA,NA,NA,-0.535769438604968,0.470559421996515,NA,NA,NA,NA,NA,NA,NA,NA,NA,NA,-0.846188645280149,0.967388771952145,0.624031453054507,1.26233469827877,NA,NA,NA,NA,NA,NA,NA,NA,0.302090819432579,0.146135182726504,-1.3731712288219,0.208825051232881,NA,NA,NA,NA,NA,NA,NA,NA,NA,NA,NA,NA,-1.76748121313937,0.547802901303965,0,162.96998898209,146.033596937119,6,30,304.067193874238,13.5648661250114,0.000146543530783624,NA,0.99860960212802
"16","16","~1 ~ Biotic ~ 1 ~ Biotic",NA,NA,0.137871325883473,0.545295868740417,-0.597943311862796,0.483584695644297,NA,NA,NA,NA,NA,NA,NA,NA,NA,NA,NA,NA,-0.111410207776262,0.823821845920459,NA,NA,NA,NA,NA,NA,NA,NA,0.33159929956694,0.146171227950489,-1.40725527648664,0.215182943876354,NA,NA,NA,NA,NA,NA,NA,NA,NA,NA,NA,NA,-1.70487996773656,0.550878085961195,0,51.8839807571085,146.461576424287,6,30,304.923152848575,14.4208250993485,9.55207055097105e-05,NA,0.99870512283353
"21","21","~1 ~ Biotic + Tmin ~ 1 ~ Biotic + Tmin",NA,NA,0.334902829405497,0.568642043551598,-0.655317842750095,0.503749094412799,NA,NA,NA,NA,-0.768215048480379,0.589659283031782,NA,NA,NA,NA,NA,NA,0.0639547696597229,0.745154111738609,NA,NA,NA,NA,NA,NA,NA,NA,0.371116220063633,0.14748085065319,-1.2945127581129,0.213613362159723,NA,NA,NA,NA,0.388551323615203,0.2692870857696,NA,NA,NA,NA,NA,NA,-1.70270074781816,0.55007040784484,0,44.8622838874891,144.502640526307,8,30,305.005281052613,14.5029533033871,9.1677678748696e-05,NA,0.998796800512278
"56","56","~1 ~ Biotic + Tmin^2 ~ 1 ~ Biotic + Tmin^2",NA,NA,0.334902829405497,0.568642043551598,-0.655317842750095,0.503749094412799,NA,NA,NA,NA,-0.768215048480379,0.589659283031782,NA,NA,NA,NA,NA,NA,0.0639547696597229,0.745154111738609,NA,NA,NA,NA,NA,NA,NA,NA,0.371116220063633,0.14748085065319,-1.2945127581129,0.213613362159723,NA,NA,NA,NA,0.388551323615203,0.2692870857696,NA,NA,NA,NA,NA,NA,-1.70270074781816,0.55007040784484,0,44.8622838874891,144.502640526307,8,30,305.005281052613,14.5029533033871,9.1677678748696e-05,NA,0.998888478191027
"20","20","~Elevation ~ 1 ~ Biotic ~ Biotic",NA,NA,NA,NA,-0.553997118936241,0.480416620582071,NA,NA,NA,NA,NA,NA,NA,NA,NA,NA,-0.753822948355994,1.01427304133143,0.498594496327546,1.32993530991406,NA,NA,NA,NA,NA,NA,NA,NA,0.30371729999908,0.146723877169175,-1.37529129771989,0.209787542626637,NA,NA,NA,NA,NA,NA,NA,NA,NA,NA,-0.637989449801126,0.790939077058778,-1.9579358992028,0.646019600045637,0,185.16806480116,145.681696087095,7,30,305.36339217419,14.8610644249633,7.66479893038105e-05,NA,0.998965126180331
"55","55","~Elevation^2 ~ 1 ~ Biotic ~ Biotic",NA,NA,NA,NA,-0.553997118936241,0.480416620582071,NA,NA,NA,NA,NA,NA,NA,NA,NA,NA,-0.753822948355994,1.01427304133143,0.498594496327546,1.32993530991406,NA,NA,NA,NA,NA,NA,NA,NA,0.30371729999908,0.146723877169175,-1.37529129771989,0.209787542626637,NA,NA,NA,NA,NA,NA,NA,NA,NA,NA,-0.637989449801126,0.790939077058778,-1.9579358992028,0.646019600045637,0,185.16806480116,145.681696087095,7,30,305.36339217419,14.8610644249633,7.66479893038105e-05,NA,0.999041774169635
"7","7","~1 ~ Tmax ~ 1 ~ Tmax",NA,NA,NA,NA,-0.62603878231722,0.546867439214961,NA,NA,-0.742069704824854,0.700216894972316,NA,NA,NA,NA,NA,NA,NA,NA,-0.456796246502409,0.897678382705391,NA,NA,NA,NA,NA,NA,NA,NA,NA,NA,-1.3078396495281,0.196696943940895,NA,NA,0.438492923670509,0.212888328285318,NA,NA,NA,NA,NA,NA,NA,NA,-1.73285332353746,0.548809152525762,0,33.5445856806858,146.692163591673,6,30,305.384327183347,14.8819994341206,7.58498606201284e-05,NA,0.999117624030255
"45","45","~1 ~ Tmax^2 ~ 1 ~ Tmax^2",NA,NA,NA,NA,-0.62603878231722,0.546867439214961,NA,NA,-0.742069704824854,0.700216894972316,NA,NA,NA,NA,NA,NA,NA,NA,-0.456796246502409,0.897678382705391,NA,NA,NA,NA,NA,NA,NA,NA,NA,NA,-1.3078396495281,0.196696943940895,NA,NA,0.438492923670509,0.212888328285318,NA,NA,NA,NA,NA,NA,NA,NA,-1.73285332353746,0.548809152525762,0,33.5445856806858,146.692163591673,6,30,305.384327183347,14.8819994341206,7.58498606201284e-05,NA,0.999193473890875
"19","19","~Elevation ~ Biotic ~ 1 ~ Biotic",NA,NA,0.178757130324833,0.563355475402498,-0.63179830784407,0.493242874473674,NA,NA,NA,NA,NA,NA,NA,NA,NA,NA,NA,NA,-0.16558007612917,0.822668793293563,NA,NA,NA,NA,NA,NA,NA,NA,0.329085659732562,0.14599037493032,-1.40702666794962,0.214975662454775,NA,NA,NA,NA,NA,NA,NA,NA,NA,NA,-0.751147512596277,0.800286750588886,-1.91942418089863,0.652875900062294,0,60.9664903459328,145.983883629305,7,30,305.96776725861,15.4654395093841,5.66581492985403e-05,NA,0.999250132040174
"54","54","~Elevation^2 ~ Biotic ~ 1 ~ Biotic",NA,NA,0.178757130324833,0.563355475402498,-0.63179830784407,0.493242874473674,NA,NA,NA,NA,NA,NA,NA,NA,NA,NA,NA,NA,-0.16558007612917,0.822668793293563,NA,NA,NA,NA,NA,NA,NA,NA,0.329085659732562,0.14599037493032,-1.40702666794962,0.214975662454775,NA,NA,NA,NA,NA,NA,NA,NA,NA,NA,-0.751147512596277,0.800286750588886,-1.91942418089863,0.652875900062294,0,60.9664903459328,145.983883629305,7,30,305.96776725861,15.4654395093841,5.66581492985403e-05,NA,0.999306790189472
"22","22","~Elevation ~ Biotic + Tmin ~ 1 ~ Biotic + Tmin",NA,NA,0.384282015590456,0.590517320646186,-0.683319335818737,0.516345762551044,NA,NA,NA,NA,-0.781999947627635,0.599947814680408,NA,NA,NA,NA,NA,NA,0.0269204510224485,0.74149286114074,NA,NA,NA,NA,NA,NA,NA,NA,0.371468553804913,0.147687363205684,-1.29431276973282,0.212075382727601,NA,NA,NA,NA,0.400411498372184,0.268306457707776,NA,NA,NA,NA,-0.785794101235522,0.807200075438377,-1.91697884847048,0.652199643050805,0,65.0627286227759,143.984010791978,9,30,305.968021583956,15.46569383473,5.66509449549041e-05,NA,0.999363441134427
"57","57","~Elevation^2 ~ Biotic + Tmin^2 ~ 1 ~ Biotic + Tmin^2",NA,NA,0.384282015590456,0.590517320646186,-0.683319335818737,0.516345762551044,NA,NA,NA,NA,-0.781999947627635,0.599947814680408,NA,NA,NA,NA,NA,NA,0.0269204510224485,0.74149286114074,NA,NA,NA,NA,NA,NA,NA,NA,0.371468553804913,0.147687363205684,-1.29431276973282,0.212075382727601,NA,NA,NA,NA,0.400411498372184,0.268306457707776,NA,NA,NA,NA,-0.785794101235522,0.807200075438377,-1.91697884847048,0.652199643050805,0,65.0627286227759,143.984010791978,9,30,305.968021583956,15.46569383473,5.66509449549041e-05,NA,0.999420092079382
"15","15","~1 ~ Biotic ~ Biotic ~ Biotic",NA,NA,-0.058203195036782,0.594500904022733,-0.537864644424422,0.469667101876943,NA,NA,NA,NA,NA,NA,NA,NA,NA,NA,-0.87228069138904,0.987424344492391,0.642013837161586,1.26327948606986,NA,NA,NA,NA,NA,NA,NA,NA,0.303088138389476,0.146350188549082,-1.37265585373156,0.208687853764,NA,NA,NA,NA,NA,NA,NA,NA,NA,NA,NA,NA,-1.76875876040017,0.547547395858371,0,166.326025559894,146.02883922744,7,30,306.05767845488,15.5553507056533,5.41674531372973e-05,NA,0.999474259532519
"1","1","~1 ~ 1 ~ 1 ~ 1",NA,NA,NA,NA,-0.648842633027907,0.465229702093459,NA,NA,NA,NA,NA,NA,NA,NA,NA,NA,NA,NA,-0.0212742257454976,0.787852109878571,NA,NA,NA,NA,NA,NA,NA,NA,NA,NA,-1.21475089067489,0.180242190470242,NA,NA,NA,NA,NA,NA,NA,NA,NA,NA,NA,NA,-1.75554077411507,0.544551080548652,0,21.358284251809,149.248797172665,4,30,306.497594345331,15.9952665961046,4.34722275567113e-05,NA,0.999517731760076
"8","8","~Elevation ~ Tmax ~ 1 ~ Tmax",NA,NA,NA,NA,-0.639713349644836,0.550399371197853,NA,NA,-0.724257121624409,0.708761434808467,NA,NA,NA,NA,NA,NA,NA,NA,-0.485705182101427,0.892526015846544,NA,NA,NA,NA,NA,NA,NA,NA,NA,NA,-1.30987202838456,0.196935290553219,NA,NA,0.440393961829416,0.213293835551083,NA,NA,NA,NA,NA,NA,-0.714760759727689,0.790119070023692,-1.93740542683742,0.64774641124978,0,33.0479325640885,146.251345657712,7,30,306.502691315423,16.0003635661971,4.33615802861977e-05,NA,0.999561093340362
"46","46","~Elevation^2 ~ Tmax^2 ~ 1 ~ Tmax^2",NA,NA,NA,NA,-0.639713349644836,0.550399371197853,NA,NA,-0.724257121624409,0.708761434808467,NA,NA,NA,NA,NA,NA,NA,NA,-0.485705182101427,0.892526015846544,NA,NA,NA,NA,NA,NA,NA,NA,NA,NA,-1.30987202838456,0.196935290553219,NA,NA,0.440393961829416,0.213293835551083,NA,NA,NA,NA,NA,NA,-0.714760759727689,0.790119070023692,-1.93740542683742,0.64774641124978,0,33.0479325640885,146.251345657712,7,30,306.502691315423,16.0003635661971,4.33615802861977e-05,NA,0.999604454920648
"25","25","~1 ~ Tmax + Biotic ~ 1 ~ Tmax + Biotic",NA,NA,0.169707484396849,0.568840423568398,-0.61938953565576,0.543708785469189,NA,NA,-0.692860704748768,0.691679092849946,NA,NA,NA,NA,NA,NA,NA,NA,-0.421041763439894,0.934363671035221,NA,NA,NA,NA,NA,NA,NA,NA,0.249492095511933,0.17222267300869,-1.41900468946,0.220824826501496,NA,NA,0.237973352436968,0.251817609533413,NA,NA,NA,NA,NA,NA,NA,NA,-1.71679778796164,0.550714936532257,0,81.9609488504419,145.536273155184,8,30,307.072546310368,16.5702185611414,3.26108907513413e-05,NA,0.9996370658114
"60","60","~1 ~ Tmax^2 + Biotic ~ 1 ~ Tmax^2 + Biotic",NA,NA,0.169707484396849,0.568840423568398,-0.61938953565576,0.543708785469189,NA,NA,-0.692860704748768,0.691679092849946,NA,NA,NA,NA,NA,NA,NA,NA,-0.421041763439894,0.934363671035221,NA,NA,NA,NA,NA,NA,NA,NA,0.249492095511933,0.17222267300869,-1.41900468946,0.220824826501496,NA,NA,0.237973352436968,0.251817609533413,NA,NA,NA,NA,NA,NA,NA,NA,-1.71679778796164,0.550714936532257,0,81.9609488504419,145.536273155184,8,30,307.072546310368,16.5702185611414,3.26108907513413e-05,NA,0.999669676702151
"18","18","~Elevation ~ Biotic ~ Biotic ~ Biotic",NA,NA,-0.0302554977833008,0.618912302582398,-0.554068862205825,0.478651034847347,NA,NA,NA,NA,NA,NA,NA,NA,NA,NA,-0.771599777420222,1.07482844183824,0.513488078619277,1.35850038262541,NA,NA,NA,NA,NA,NA,NA,NA,0.304071631764093,0.146742790682344,-1.37485136052906,0.209784148669499,NA,NA,NA,NA,NA,NA,NA,NA,NA,NA,-0.634638624466312,0.791818618612248,-1.95859509176071,0.645873512722676,0,201.929118677144,145.680490467506,8,30,307.360980935013,16.8586531857865,2.8231235092963e-05,NA,0.999697907937244
"53","53","~Elevation^2 ~ Biotic ~ Biotic ~ Biotic",NA,NA,-0.0302554977833008,0.618912302582398,-0.554068862205825,0.478651034847347,NA,NA,NA,NA,NA,NA,NA,NA,NA,NA,-0.771599777420222,1.07482844183824,0.513488078619277,1.35850038262541,NA,NA,NA,NA,NA,NA,NA,NA,0.304071631764093,0.146742790682344,-1.37485136052906,0.209784148669499,NA,NA,NA,NA,NA,NA,NA,NA,NA,NA,-0.634638624466312,0.791818618612248,-1.95859509176071,0.645873512722676,0,201.929118677144,145.680490467506,8,30,307.360980935013,16.8586531857865,2.8231235092963e-05,NA,0.999726139172337
"3","3","~1 ~ 1 ~ Tmin ~ Tmin",NA,NA,NA,NA,-0.681218755970893,0.45556527488462,NA,NA,NA,NA,NA,NA,NA,NA,NA,NA,NA,NA,-0.812001961640151,1.57321518082368,-7.19722867760286,8.28804494190476,NA,NA,NA,NA,NA,NA,NA,NA,-1.16431053979563,0.190207174362551,NA,NA,NA,NA,0.176378304465926,0.250450031502417,NA,NA,NA,NA,NA,NA,-1.80762413071665,0.542692625330673,0,2705.6691738874,147.8249945371,6,30,307.6499890742,17.1476613249733,2.44327616628043e-05,NA,0.999750571934
"41","41","~1 ~ 1 ~ Tmin^2 ~ Tmin^2",NA,NA,NA,NA,-0.681218755970893,0.45556527488462,NA,NA,NA,NA,NA,NA,NA,NA,NA,NA,NA,NA,-0.812001961640151,1.57321518082368,-7.19722867760286,8.28804494190476,NA,NA,NA,NA,NA,NA,NA,NA,-1.16431053979563,0.190207174362551,NA,NA,NA,NA,0.176378304465926,0.250450031502417,NA,NA,NA,NA,NA,NA,-1.80762413071665,0.542692625330673,0,2705.6691738874,147.8249945371,6,30,307.6499890742,17.1476613249733,2.44327616628043e-05,NA,0.999775004695663
"4","4","~Elevation ~ Tmin ~ Tmin ~ Tmin",NA,NA,NA,NA,-0.807469741411014,0.514906556823305,NA,NA,NA,NA,-0.837022454606376,0.539417522526456,NA,NA,NA,NA,NA,NA,-1.0976354500925,1.87465853607707,-8.19624673019886,11.0380144575352,NA,NA,NA,NA,NA,NA,NA,NA,-1.1668595131207,0.192736346391284,NA,NA,NA,NA,0.185635022572528,0.257611632442393,NA,NA,NA,NA,-0.662493744243583,0.783669420214284,-1.98975532770324,0.641870990072104,0,4798.35856426387,145.979598476274,8,30,307.959196952548,17.456869203322,2.09328769668078e-05,NA,0.999795937572629
"42","42","~Elevation^2 ~ Tmin^2 ~ Tmin^2 ~ Tmin^2",NA,NA,NA,NA,-0.807469741411014,0.514906556823305,NA,NA,NA,NA,-0.837022454606376,0.539417522526456,NA,NA,NA,NA,NA,NA,-1.0976354500925,1.87465853607707,-8.19624673019886,11.0380144575352,NA,NA,NA,NA,NA,NA,NA,NA,-1.1668595131207,0.192736346391284,NA,NA,NA,NA,0.185635022572528,0.257611632442393,NA,NA,NA,NA,-0.662493744243583,0.783669420214284,-1.98975532770324,0.641870990072104,0,4798.35856426387,145.979598476274,8,30,307.959196952548,17.456869203322,2.09328769668078e-05,NA,0.999816870449596
"2","2","~1 ~ Tmin ~ 1 ~ Tmin",NA,NA,NA,NA,-0.677215072174722,0.483071822497429,NA,NA,NA,NA,-0.658559969492151,0.529628566091403,NA,NA,NA,NA,NA,NA,0.0936161960961228,0.759392684279384,NA,NA,NA,NA,NA,NA,NA,NA,NA,NA,-1.14524100012096,0.192546622534899,NA,NA,NA,NA,0.210082501734092,0.255362185227679,NA,NA,NA,NA,NA,NA,-1.76787707567342,0.54392363338707,0,22.7940290904746,148.082905013411,6,30,308.165810026822,17.6634822775962,1.88783251495407e-05,NA,0.999835748774746
"40","40","~1 ~ Tmin^2 ~ 1 ~ Tmin^2",NA,NA,NA,NA,-0.677215072174722,0.483071822497429,NA,NA,NA,NA,-0.658559969492151,0.529628566091403,NA,NA,NA,NA,NA,NA,0.0936161960961228,0.759392684279384,NA,NA,NA,NA,NA,NA,NA,NA,NA,NA,-1.14524100012096,0.192546622534899,NA,NA,NA,NA,0.210082501734092,0.255362185227679,NA,NA,NA,NA,NA,NA,-1.76787707567342,0.54392363338707,0,22.7940290904746,148.082905013411,6,30,308.165810026822,17.6634822775962,1.88783251495407e-05,NA,0.999854627099895
"26","26","~Elevation ~ Tmax + Biotic ~ 1 ~ Tmax + Biotic",NA,NA,0.18536195730529,0.575701184516654,-0.634028923208417,0.545699584060356,NA,NA,-0.668020754436059,0.698710019759255,NA,NA,NA,NA,NA,NA,NA,NA,-0.447876290220145,0.92897780697579,NA,NA,NA,NA,NA,NA,NA,NA,0.246613443197094,0.171776579315214,-1.41867075729635,0.220536926798509,NA,NA,0.241396028348995,0.251730026295835,NA,NA,NA,NA,NA,NA,-0.705649934589949,0.789672020290035,-1.91999896189238,0.649405399378167,0,80.6849196155241,145.104189622472,9,30,308.208379244944,17.7060514957179,1.84807534672879e-05,NA,0.999873107853363
"61","61","~Elevation^2 ~ Tmax^2 + Biotic ~ 1 ~ Tmax^2 + Biotic",NA,NA,0.18536195730529,0.575701184516654,-0.634028923208417,0.545699584060356,NA,NA,-0.668020754436059,0.698710019759255,NA,NA,NA,NA,NA,NA,NA,NA,-0.447876290220145,0.92897780697579,NA,NA,NA,NA,NA,NA,NA,NA,0.246613443197094,0.171776579315214,-1.41867075729635,0.220536926798509,NA,NA,0.241396028348995,0.251730026295835,NA,NA,NA,NA,NA,NA,-0.705649934589949,0.789672020290035,-1.91999896189238,0.649405399378167,0,80.6849196155241,145.104189622472,9,30,308.208379244944,17.7060514957179,1.84807534672879e-05,NA,0.99989158860683
"23","23","~1 ~ Biotic * Tmin ~ 1 ~ Biotic * Tmin",0.320934515714111,1.21190209285487,0.349203340472179,0.612127954545344,-0.742691637199613,0.595352525967247,NA,NA,NA,NA,-0.705382179307094,0.684719068835137,NA,NA,NA,NA,NA,NA,0.0274667709333522,0.773531529562328,NA,NA,NA,NA,NA,NA,0.0923655645597486,0.191334108804766,0.384014994197443,0.151411095497586,-1.28112075339706,0.21948371431645,NA,NA,NA,NA,0.33183520907002,0.302438801941207,NA,NA,NA,NA,NA,NA,-1.7098335432091,0.551620818643273,0,152.642058935236,144.334174901239,10,30,308.668349802479,18.1660220532527,1.46837957913224e-05,NA,0.999906272402621
"58","58","~1 ~ Biotic * Tmin^2 ~ 1 ~ Biotic * Tmin^2",0.320934515714111,1.21190209285487,0.349203340472179,0.612127954545344,-0.742691637199613,0.595352525967247,NA,NA,NA,NA,-0.705382179307094,0.684719068835137,NA,NA,NA,NA,NA,NA,0.0274667709333522,0.773531529562328,NA,NA,NA,NA,NA,NA,0.0923655645597486,0.191334108804766,0.384014994197443,0.151411095497586,-1.28112075339706,0.21948371431645,NA,NA,NA,NA,0.33183520907002,0.302438801941207,NA,NA,NA,NA,NA,NA,-1.7098335432091,0.551620818643273,0,152.642058935236,144.334174901239,10,30,308.668349802479,18.1660220532527,1.46837957913224e-05,NA,0.999920956198412
"6","6","~Elevation ~ 1 ~ Tmin ~ Tmin",NA,NA,NA,NA,-0.6862525171453,0.459296386407464,NA,NA,NA,NA,NA,NA,NA,NA,NA,NA,NA,NA,-0.782937718399435,1.4605636408845,-6.62331205960519,7.68937970442629,NA,NA,NA,NA,NA,NA,NA,NA,-1.16692696191304,0.190483685708324,NA,NA,NA,NA,0.178483634202393,0.250675117777834,NA,NA,NA,NA,-0.655596164284159,0.783756593289538,-2.00070625353611,0.640908002871247,0,2310.41835174348,147.446159782337,7,30,308.892319564675,18.3899918154484,1.31281617874329e-05,NA,0.9999340843602
"44","44","~Elevation^2 ~ 1 ~ Tmin^2 ~ Tmin^2",NA,NA,NA,NA,-0.6862525171453,0.459296386407464,NA,NA,NA,NA,NA,NA,NA,NA,NA,NA,NA,NA,-0.782937718399435,1.4605636408845,-6.62331205960519,7.68937970442629,NA,NA,NA,NA,NA,NA,NA,NA,-1.16692696191304,0.190483685708324,NA,NA,NA,NA,0.178483634202393,0.250675117777834,NA,NA,NA,NA,-0.655596164284159,0.783756593289538,-2.00070625353611,0.640908002871247,0,2310.41835174348,147.446159782337,7,30,308.892319564675,18.3899918154484,1.31281617874329e-05,NA,0.999947212521987
"5","5","~Elevation ~ Tmin ~ 1 ~ Tmin",NA,NA,NA,NA,-0.696471420475863,0.490518866552497,NA,NA,NA,NA,-0.656377353433424,0.533681354628874,NA,NA,NA,NA,NA,NA,0.0540426781901226,0.761596876510088,NA,NA,NA,NA,NA,NA,NA,NA,NA,NA,-1.14631560845362,0.192343817351194,NA,NA,NA,NA,0.214740130364913,0.255381663841366,NA,NA,NA,NA,-0.738176124385177,0.798945040038753,-1.97988139448465,0.646477181315053,0,31.1373309970356,147.6203275634,7,30,309.2406551268,18.7383273775736,1.10297028914121e-05,NA,0.999958242224879
"43","43","~Elevation^2 ~ Tmin^2 ~ 1 ~ Tmin^2",NA,NA,NA,NA,-0.696471420475863,0.490518866552497,NA,NA,NA,NA,-0.656377353433424,0.533681354628874,NA,NA,NA,NA,NA,NA,0.0540426781901226,0.761596876510088,NA,NA,NA,NA,NA,NA,NA,NA,NA,NA,-1.14631560845362,0.192343817351194,NA,NA,NA,NA,0.214740130364913,0.255381663841366,NA,NA,NA,NA,-0.738176124385177,0.798945040038753,-1.97988139448465,0.646477181315053,0,31.1373309970356,147.6203275634,7,30,309.2406551268,18.7383273775736,1.10297028914121e-05,NA,0.99996927192777
"24","24","~Elevation ~ Biotic * Tmin ~ 1 ~ Biotic * Tmin",0.233126964895749,1.13403390872128,0.386685678104108,0.615334199581669,-0.745121703986118,0.581815827356067,NA,NA,NA,NA,-0.728518665441912,0.695791311745612,NA,NA,NA,NA,NA,NA,0.00795234042205581,0.75689007847817,NA,NA,NA,NA,NA,NA,0.0868529294610246,0.188163857095065,0.382863453253868,0.150939356618258,-1.27791457594093,0.216211378611429,NA,NA,NA,NA,0.353076897008825,0.290824903416614,NA,NA,NA,NA,-0.765884392420712,0.808540454625931,-1.92484631519702,0.652856505744792,0,135.300774503005,143.844786651689,11,30,309.689573303378,19.1872455541522,8.81216195956728e-06,NA,0.99997808408973
"59","59","~Elevation^2 ~ Biotic * Tmin^2 ~ 1 ~ Biotic * Tmin^2",0.233126964895749,1.13403390872128,0.386685678104108,0.615334199581669,-0.745121703986118,0.581815827356067,NA,NA,NA,NA,-0.728518665441912,0.695791311745612,NA,NA,NA,NA,NA,NA,0.00795234042205581,0.75689007847817,NA,NA,NA,NA,NA,NA,0.0868529294610246,0.188163857095065,0.382863453253868,0.150939356618258,-1.27791457594093,0.216211378611429,NA,NA,NA,NA,0.353076897008825,0.290824903416614,NA,NA,NA,NA,-0.765884392420712,0.808540454625931,-1.92484631519702,0.652856505744792,0,135.300774503005,143.844786651689,11,30,309.689573303378,19.1872455541522,8.81216195956728e-06,NA,0.999986896251689
"27","27","~1 ~ Tmax * Biotic ~ 1 ~ Tmax * Biotic",NA,NA,0.416458566318865,0.697013200722377,-0.662858666906035,0.529894179047716,1.20671990755312,1.39426218755663,-0.545199615231518,0.673812442292332,NA,NA,NA,NA,NA,NA,NA,NA,-0.288558795307222,0.904946136604,NA,NA,NA,NA,NA,NA,NA,NA,0.251567063001914,0.169518035036802,-1.36272590382075,0.237514050532777,-0.0789348145238421,0.220037503894115,0.299472703717286,0.390155615826198,NA,NA,NA,NA,NA,NA,NA,NA,-1.73811930582289,0.549480479644635,0,283.647070936807,144.878696587395,10,30,309.757393174791,19.2550654255644,8.51835180916158e-06,NA,0.999995414603499
"28","28","~Elevation ~ Tmax * Biotic ~ 1 ~ Tmax * Biotic",NA,NA,0.409957599099233,0.688108318838892,-0.665215587269179,0.531583757167672,1.17852453930137,1.39122217961023,-0.548347267292858,0.677122860739043,NA,NA,NA,NA,NA,NA,NA,NA,-0.309498141500276,0.903871430325356,NA,NA,NA,NA,NA,NA,NA,NA,0.248930964460137,0.169257728774124,-1.36322014115706,0.236962654549453,-0.0804681616401794,0.21984295024421,0.306508133641202,0.390444057527725,NA,NA,NA,NA,NA,NA,-0.652719008985332,0.777119893426076,-1.93176714999727,0.645957031851731,0,279.786849326371,144.498042879932,11,30,310.996085759864,20.4937580106375,4.58539650159586e-06,NA,1
