"","model","formula","col(Biotic)","SEcol(Biotic)","col(Int)","SEcol(Int)","col(Tmax:Biotic)","SEcol(Tmax:Biotic)","col(Tmax)","SEcol(Tmax)","col(Tvar:Biotic)","SEcol(Tvar:Biotic)","col(Tvar)","SEcol(Tvar)","ext(Biotic)","SEext(Biotic)","ext(Int)","SEext(Int)","ext(Tmax:Biotic)","SEext(Tmax:Biotic)","ext(Tmax)","SEext(Tmax)","ext(Tmin)","SEext(Tmin)","ext(Tvar:Biotic)","SEext(Tvar:Biotic)","ext(Tvar)","SEext(Tvar)","p(Biotic)","SEp(Biotic)","p(Int)","SEp(Int)","p(Tmax:Biotic)","SEp(Tmax:Biotic)","p(Tmax)","SEp(Tmax)","p(Tmin)","SEp(Tmin)","p(Tvar:Biotic)","SEp(Tvar:Biotic)","p(Tvar)","SEp(Tvar)","psi(Elevation)","SEpsi(Elevation)","psi(Int)","SEpsi(Int)","Converge","CondNum","negLogLike","nPars","n","AIC","delta","AICwt","Rsq","cumltvWt"
"13","13","~1 ~ Biotic ~ 1 ~ Biotic",-4.96635606086281,4.8369420144394,-4.53755870762483,2.84684766960528,NA,NA,NA,NA,NA,NA,NA,NA,NA,NA,-1.29549045466328,0.609139828370773,NA,NA,NA,NA,NA,NA,NA,NA,NA,NA,0.186637838661001,0.280900999076694,-1.72271275514472,0.240058061289946,NA,NA,NA,NA,NA,NA,NA,NA,NA,NA,NA,NA,0.135642097677355,0.519449632273507,0,737.271353517286,125.543501139781,6,60,263.087002279562,0,0.0841155428480144,NA,0.0841155428480144
"2","2","~1 ~ 1 ~ Tmin ~ Tmin",NA,NA,-1.06652649837339,0.92816765107181,NA,NA,NA,NA,NA,NA,NA,NA,NA,NA,0.17949178135987,1.34012378351693,NA,NA,NA,NA,0.780203276108352,0.931516380912493,NA,NA,NA,NA,NA,NA,-1.90598767570625,0.393326251361563,NA,NA,NA,NA,-0.482357556439428,0.260745581685744,NA,NA,NA,NA,NA,NA,0.393684583945291,0.648075795744901,0,112.387211376553,125.732132492554,6,60,263.464264985108,0.377262705546002,0.0696553849048508,NA,0.153770927752865
"29","29","~1 ~ 1 ~ Tmin^2 ~ Tmin^2",NA,NA,-1.06652649837339,0.92816765107181,NA,NA,NA,NA,NA,NA,NA,NA,NA,NA,0.17949178135987,1.34012378351693,NA,NA,NA,NA,0.780203276108352,0.931516380912493,NA,NA,NA,NA,NA,NA,-1.90598767570625,0.393326251361563,NA,NA,NA,NA,-0.482357556439428,0.260745581685744,NA,NA,NA,NA,NA,NA,0.393684583945291,0.648075795744901,0,112.387211376553,125.732132492554,6,60,263.464264985108,0.377262705546002,0.0696553849048508,NA,0.223426312657716
"16","16","~1 ~ Tmax + Biotic ~ 1 ~ Tmax + Biotic",-2.52065394905103,3.77848231735379,-3.526098207415,5.13003589028021,NA,NA,-1.34354041574875,4.0719403311099,NA,NA,NA,NA,NA,NA,-0.928528129867504,0.986174788103299,NA,NA,NA,NA,NA,NA,NA,NA,NA,NA,0.190730100183397,0.312997306573265,-1.52554645780971,0.292632777515607,NA,NA,0.647172522309999,0.370840337490038,NA,NA,NA,NA,NA,NA,NA,NA,0.527146506861957,0.708136338557417,0,1472.08370505172,124.013603833634,8,60,264.027207667268,0.940205387705646,0.0525670064922156,NA,0.275993319149932
"42","42","~1 ~ Tmax^2 + Biotic ~ 1 ~ Tmax^2 + Biotic",-2.52065394905103,3.77848231735379,-3.526098207415,5.13003589028021,NA,NA,-1.34354041574875,4.0719403311099,NA,NA,NA,NA,NA,NA,-0.928528129867504,0.986174788103299,NA,NA,NA,NA,NA,NA,NA,NA,NA,NA,0.190730100183397,0.312997306573265,-1.52554645780971,0.292632777515607,NA,NA,0.647172522309999,0.370840337490038,NA,NA,NA,NA,NA,NA,NA,NA,0.527146506861957,0.708136338557417,0,1472.08370505172,124.013603833634,8,60,264.027207667268,0.940205387705646,0.0525670064922156,NA,0.328560325642147
"5","5","~1 ~ 1 ~ Tmax ~ Tmax",NA,NA,-1.84600660811102,0.90529928179094,NA,NA,NA,NA,NA,NA,NA,NA,NA,NA,-0.312282570607433,0.73686769243732,NA,NA,0.163097885816325,0.881043690913328,NA,NA,NA,NA,NA,NA,NA,NA,-1.49142206976029,0.295474962451931,NA,NA,0.74493107355207,0.356014430492144,NA,NA,NA,NA,NA,NA,NA,NA,1.01800438798084,0.991006706460953,0,34.4943571986054,126.188739496099,6,60,264.377478992197,1.29047671263504,0.0441217565884319,NA,0.372682082230579
"32","32","~1 ~ 1 ~ Tmax^2 ~ Tmax^2",NA,NA,-1.84600660811102,0.90529928179094,NA,NA,NA,NA,NA,NA,NA,NA,NA,NA,-0.312282570607433,0.73686769243732,NA,NA,0.163097885816325,0.881043690913328,NA,NA,NA,NA,NA,NA,NA,NA,-1.49142206976029,0.295474962451931,NA,NA,0.74493107355207,0.356014430492144,NA,NA,NA,NA,NA,NA,NA,NA,1.01800438798084,0.991006706460953,0,34.4943571986054,126.188739496099,6,60,264.377478992197,1.29047671263504,0.0441217565884319,NA,0.416803838819011
"4","4","~1 ~ Tmax ~ 1 ~ Tmax",NA,NA,-1.79148767927407,0.96412406824451,NA,NA,-0.0592332930211429,0.961153856252695,NA,NA,NA,NA,NA,NA,-0.272959953609784,0.820570243177598,NA,NA,NA,NA,NA,NA,NA,NA,NA,NA,NA,NA,-1.48836865200585,0.303701685405377,NA,NA,0.736233848146874,0.353642917679716,NA,NA,NA,NA,NA,NA,NA,NA,1.01051058255741,0.997823721920969,0,47.0021976981201,126.203853133936,6,60,264.407706267871,1.32070398830922,0.0434599302384302,NA,0.460263769057441
"31","31","~1 ~ Tmax^2 ~ 1 ~ Tmax^2",NA,NA,-1.79148767927407,0.96412406824451,NA,NA,-0.0592332930211429,0.961153856252695,NA,NA,NA,NA,NA,NA,-0.272959953609784,0.820570243177598,NA,NA,NA,NA,NA,NA,NA,NA,NA,NA,NA,NA,-1.48836865200585,0.303701685405377,NA,NA,0.736233848146874,0.353642917679716,NA,NA,NA,NA,NA,NA,NA,NA,1.01051058255741,0.997823721920969,0,47.0021976981201,126.203853133936,6,60,264.407706267871,1.32070398830922,0.0434599302384302,NA,0.503723699295871
"1","1","~1 ~ 1 ~ 1 ~ 1",NA,NA,-1.56579148877423,1.21556213845518,NA,NA,NA,NA,NA,NA,NA,NA,NA,NA,-0.23677104709288,1.39263892281191,NA,NA,NA,NA,NA,NA,NA,NA,NA,NA,NA,NA,-1.61814444186033,0.348379881139705,NA,NA,NA,NA,NA,NA,NA,NA,NA,NA,NA,NA,0.430733070839065,0.672764165513506,0,75.0385820425298,128.349982425037,4,60,264.699964850074,1.61296257051146,0.0375513781225092,NA,0.541275077418381
"14","14","~Elevation ~ Biotic ~ 1 ~ Biotic",-4.97607769142056,4.78392538580087,-4.5542412345594,2.84680145502579,NA,NA,NA,NA,NA,NA,NA,NA,NA,NA,-1.29682106250341,0.609065325680126,NA,NA,NA,NA,NA,NA,NA,NA,NA,NA,0.179556777832028,0.284648192982822,-1.72036563860599,0.240285223015369,NA,NA,NA,NA,NA,NA,NA,NA,NA,NA,0.081406048991351,0.519625146640003,0.112161413073345,0.535556662151687,0,725.4610665092,125.531592670142,7,60,265.063185340284,1.97618306072229,0.0313150819656416,NA,0.572590159384022
"40","40","~Elevation^2 ~ Biotic ~ 1 ~ Biotic",-4.97607769142056,4.78392538580087,-4.5542412345594,2.84680145502579,NA,NA,NA,NA,NA,NA,NA,NA,NA,NA,-1.29682106250341,0.609065325680126,NA,NA,NA,NA,NA,NA,NA,NA,NA,NA,0.179556777832028,0.284648192982822,-1.72036563860599,0.240285223015369,NA,NA,NA,NA,NA,NA,NA,NA,NA,NA,0.081406048991351,0.519625146640003,0.112161413073345,0.535556662151687,0,725.4610665092,125.531592670142,7,60,265.063185340284,1.97618306072229,0.0313150819656416,NA,0.603905241349664
"26","26","~1 ~ Tvar + Biotic ~ 1 ~ Tvar + Biotic",-4.09189687989603,4.3108633847093,-4.16753335728657,2.38086452163831,NA,NA,NA,NA,NA,NA,0.0546127887098944,1.14551820000101,NA,NA,-1.23661666427011,0.609001970389018,NA,NA,NA,NA,NA,NA,NA,NA,NA,NA,0.175590931067801,0.278878067712876,-1.70873965801964,0.244958203036959,NA,NA,NA,NA,NA,NA,NA,NA,0.364891553959639,0.322252565276819,NA,NA,0.221974680896365,0.548762439258863,0,546.84783508528,124.804478976599,8,60,265.608957953199,2.52195567363657,0.0238363929179672,NA,0.627741634267631
"51","51","~1 ~ Tvar^2 + Biotic ~ 1 ~ Tvar^2 + Biotic",-4.09189687989603,4.3108633847093,-4.16753335728657,2.38086452163831,NA,NA,NA,NA,NA,NA,0.0546127887098944,1.14551820000101,NA,NA,-1.23661666427011,0.609001970389018,NA,NA,NA,NA,NA,NA,NA,NA,NA,NA,0.175590931067801,0.278878067712876,-1.70873965801964,0.244958203036959,NA,NA,NA,NA,NA,NA,NA,NA,0.364891553959639,0.322252565276819,NA,NA,0.221974680896365,0.548762439258863,0,546.84783508528,124.804478976599,8,60,265.608957953199,2.52195567363657,0.0238363929179672,NA,0.651578027185598
"17","17","~Elevation ~ Tmax + Biotic ~ 1 ~ Tmax + Biotic",-2.54482189505463,3.99264166431795,-3.55507149551505,5.6079325547901,NA,NA,-1.6134255131916,3.89295734180089,NA,NA,NA,NA,NA,NA,-0.878074591207808,1.08186121026241,NA,NA,NA,NA,NA,NA,NA,NA,NA,NA,0.136976200253542,0.33282403019073,-1.51421039959487,0.303010630038066,NA,NA,0.699720527508235,0.396602751860663,NA,NA,NA,NA,NA,NA,0.355264158708616,0.638751324699603,0.572205623983695,0.842189433720352,0,1656.75174630501,123.854352379612,9,60,265.708704759224,2.62170247966219,0.0226767489439162,NA,0.674254776129514
"43","43","~Elevation^2 ~ Tmax^2 + Biotic ~ 1 ~ Tmax^2 + Biotic",-2.54482189505463,3.99264166431795,-3.55507149551505,5.6079325547901,NA,NA,-1.6134255131916,3.89295734180089,NA,NA,NA,NA,NA,NA,-0.878074591207808,1.08186121026241,NA,NA,NA,NA,NA,NA,NA,NA,NA,NA,0.136976200253542,0.33282403019073,-1.51421039959487,0.303010630038066,NA,NA,0.699720527508235,0.396602751860663,NA,NA,NA,NA,NA,NA,0.355264158708616,0.638751324699603,0.572205623983695,0.842189433720352,0,1656.75174630501,123.854352379612,9,60,265.708704759224,2.62170247966219,0.0226767489439162,NA,0.696931525073431
"10","10","~1 ~ 1 ~ Tvar ~ Tvar",NA,NA,-1.68958451648947,1.06595760977895,NA,NA,NA,NA,NA,NA,NA,NA,NA,NA,-0.616661170743481,1.18516849025708,NA,NA,NA,NA,NA,NA,NA,NA,-1.42558087286446,1.50264498425594,NA,NA,-1.65730118335724,0.307377887228216,NA,NA,NA,NA,NA,NA,NA,NA,0.48397136295224,0.371993381840251,NA,NA,0.564046134290904,0.737338059901024,0,62.0034822620777,127.055715069799,6,60,266.111430139597,3.02442786003485,0.0185408690575827,NA,0.715472394131013
"37","37","~1 ~ 1 ~ Tvar^2 ~ Tvar^2",NA,NA,-1.68958451648947,1.06595760977895,NA,NA,NA,NA,NA,NA,NA,NA,NA,NA,-0.616661170743481,1.18516849025708,NA,NA,NA,NA,NA,NA,NA,NA,-1.42558087286446,1.50264498425594,NA,NA,-1.65730118335724,0.307377887228216,NA,NA,NA,NA,NA,NA,NA,NA,0.48397136295224,0.371993381840251,NA,NA,0.564046134290904,0.737338059901024,0,62.0034822620777,127.055715069799,6,60,266.111430139597,3.02442786003485,0.0185408690575827,NA,0.734013263188596
"3","3","~1 ~ Tmax ~ Tmax ~ Tmax",NA,NA,-1.98335444402399,1.24607414363323,NA,NA,0.260038217819065,1.71691402065255,NA,NA,NA,NA,NA,NA,-0.407028220954817,0.877149145960662,NA,NA,0.363090277273403,1.68457849454158,NA,NA,NA,NA,NA,NA,NA,NA,-1.50619414293312,0.307263054036808,NA,NA,0.743370080860222,0.357513795622785,NA,NA,NA,NA,NA,NA,NA,NA,1.00473034461566,0.969994178538994,0,174.188927615613,126.176791749371,7,60,266.353583498742,3.2665812191803,0.0164265799939544,NA,0.75043984318255
"30","30","~1 ~ Tmax^2 ~ Tmax^2 ~ Tmax^2",NA,NA,-1.98335444402399,1.24607414363323,NA,NA,0.260038217819065,1.71691402065255,NA,NA,NA,NA,NA,NA,-0.407028220954817,0.877149145960662,NA,NA,0.363090277273403,1.68457849454158,NA,NA,NA,NA,NA,NA,NA,NA,-1.50619414293312,0.307263054036808,NA,NA,0.743370080860222,0.357513795622785,NA,NA,NA,NA,NA,NA,NA,NA,1.00473034461566,0.969994178538994,0,174.188927615613,126.176791749371,7,60,266.353583498742,3.2665812191803,0.0164265799939544,NA,0.766866423176505
"8","8","~Elevation ~ 1 ~ Tmax ~ Tmax",NA,NA,-1.83481968979528,0.933600733447181,NA,NA,NA,NA,NA,NA,NA,NA,NA,NA,-0.304687274938563,0.75691255999462,NA,NA,0.1400285446007,1.01015727221356,NA,NA,NA,NA,NA,NA,NA,NA,-1.49045973574155,0.296601925296159,NA,NA,0.749100641815299,0.365224309448899,NA,NA,NA,NA,NA,NA,0.0456546021895414,0.921462079862161,1.01788214886539,0.999240539516895,0,46.4970413395903,126.187515739924,7,60,266.375031479849,3.2880292002867,0.0162513626988073,NA,0.783117785875312
"35","35","~Elevation^2 ~ 1 ~ Tmax^2 ~ Tmax^2",NA,NA,-1.83481968979528,0.933600733447181,NA,NA,NA,NA,NA,NA,NA,NA,NA,NA,-0.304687274938563,0.75691255999462,NA,NA,0.1400285446007,1.01015727221356,NA,NA,NA,NA,NA,NA,NA,NA,-1.49045973574155,0.296601925296159,NA,NA,0.749100641815299,0.365224309448899,NA,NA,NA,NA,NA,NA,0.0456546021895414,0.921462079862161,1.01788214886539,0.999240539516895,0,46.4970413395903,126.187515739924,7,60,266.375031479849,3.2880292002867,0.0162513626988073,NA,0.799369148574119
"7","7","~Elevation ~ Tmax ~ 1 ~ Tmax",NA,NA,-1.74894846599461,0.978069335472002,NA,NA,-0.113343064168819,1.00246100555968,NA,NA,NA,NA,NA,NA,-0.241992300109045,0.830915665345347,NA,NA,NA,NA,NA,NA,NA,NA,NA,NA,NA,NA,-1.48260686205012,0.304375832803646,NA,NA,0.754541715441606,0.367795407662947,NA,NA,NA,NA,NA,NA,0.143431407235855,0.875130256515001,1.02052202424971,1.03285144051709,0,54.9409718013603,126.190391636303,7,60,266.380783272605,3.29378099304307,0.0162046926050245,NA,0.815573841179144
"34","34","~Elevation^2 ~ Tmax^2 ~ 1 ~ Tmax^2",NA,NA,-1.74894846599461,0.978069335472002,NA,NA,-0.113343064168819,1.00246100555968,NA,NA,NA,NA,NA,NA,-0.241992300109045,0.830915665345347,NA,NA,NA,NA,NA,NA,NA,NA,NA,NA,NA,NA,-1.48260686205012,0.304375832803646,NA,NA,0.754541715441606,0.367795407662947,NA,NA,NA,NA,NA,NA,0.143431407235855,0.875130256515001,1.02052202424971,1.03285144051709,0,54.9409718013603,126.190391636303,7,60,266.380783272605,3.29378099304307,0.0162046926050245,NA,0.831778533784169
"22","22","~1 ~ 1 ~ Tvar * Biotic ~ Tvar * Biotic",NA,NA,-2.15239160233688,0.89226808687891,NA,NA,NA,NA,NA,NA,NA,NA,0.89433320476109,0.593232739782349,-0.815083627845552,0.742212187504177,NA,NA,NA,NA,NA,NA,0.66311927256134,1.18040331527509,-1.85883277637682,1.41960013599402,0.582313064065078,0.330339642873064,-1.53100023220976,0.226643810885873,NA,NA,NA,NA,NA,NA,-1.93741541528485,0.755499513058569,1.56025942864033,0.539215153922553,NA,NA,0.691366956507519,0.603268225741408,0,69.8435292582687,123.288045112996,10,60,266.576090225991,3.48908794642887,0.0146970587771291,NA,0.846475592561298
"47","47","~1 ~ 1 ~ Tvar^2 * Biotic ~ Tvar^2 * Biotic",NA,NA,-2.15239160233688,0.89226808687891,NA,NA,NA,NA,NA,NA,NA,NA,0.89433320476109,0.593232739782349,-0.815083627845552,0.742212187504177,NA,NA,NA,NA,NA,NA,0.66311927256134,1.18040331527509,-1.85883277637682,1.41960013599402,0.582313064065078,0.330339642873064,-1.53100023220976,0.226643810885873,NA,NA,NA,NA,NA,NA,-1.93741541528485,0.755499513058569,1.56025942864033,0.539215153922553,NA,NA,0.691366956507519,0.603268225741408,0,69.8435292582687,123.288045112996,10,60,266.576090225991,3.48908794642887,0.0146970587771291,NA,0.861172651338427
"15","15","~1 ~ 1 ~ Biotic + Tmin ~ Biotic + Tmin",NA,NA,-1.00564197404488,1.1137055814761,NA,NA,NA,NA,NA,NA,NA,NA,0.263224628034229,1.08848873150651,0.176628683077298,1.67102181239619,NA,NA,NA,NA,0.823282658559359,0.978072783007613,NA,NA,NA,NA,-0.0953003276456866,0.41733933340205,-1.92570696965071,0.436447484504361,NA,NA,NA,NA,-0.494599964164087,0.263450429565104,NA,NA,NA,NA,NA,NA,0.428754723922219,0.700941449356233,0,192.13357118066,125.557251530419,8,60,267.114503060837,4.02750078127508,0.0112283403780959,NA,0.872400991716523
"41","41","~1 ~ 1 ~ Biotic + Tmin^2 ~ Biotic + Tmin^2",NA,NA,-1.00564197404488,1.1137055814761,NA,NA,NA,NA,NA,NA,NA,NA,0.263224628034229,1.08848873150651,0.176628683077298,1.67102181239619,NA,NA,NA,NA,0.823282658559359,0.978072783007613,NA,NA,NA,NA,-0.0953003276456866,0.41733933340205,-1.92570696965071,0.436447484504361,NA,NA,NA,NA,-0.494599964164087,0.263450429565104,NA,NA,NA,NA,NA,NA,0.428754723922219,0.700941449356233,0,192.13357118066,125.557251530419,8,60,267.114503060837,4.02750078127508,0.0112283403780959,NA,0.883629332094619
"28","28","~Elevation ~ Tvar + Biotic ~ 1 ~ Tvar + Biotic",-4.10859558853429,4.19840810965201,-4.17986620341004,2.36815702980723,NA,NA,NA,NA,NA,NA,0.055678101601351,1.13853215545021,NA,NA,-1.2337325322953,0.608943439046614,NA,NA,NA,NA,NA,NA,NA,NA,NA,NA,0.166911819391921,0.282534384819288,-1.70645468969197,0.244986670415372,NA,NA,NA,NA,NA,NA,NA,NA,0.367664054548982,0.3232782621326,0.109110144323223,0.532817119439215,0.195939004484387,0.559327379194904,0,522.564175448325,124.784197130227,9,60,267.568394260454,4.48139198089166,0.00894858458940847,NA,0.892577916684027
"53","53","~Elevation^2 ~ Tvar^2 + Biotic ~ 1 ~ Tvar^2 + Biotic",-4.10859558853429,4.19840810965201,-4.17986620341004,2.36815702980723,NA,NA,NA,NA,NA,NA,0.055678101601351,1.13853215545021,NA,NA,-1.2337325322953,0.608943439046614,NA,NA,NA,NA,NA,NA,NA,NA,NA,NA,0.166911819391921,0.282534384819288,-1.70645468969197,0.244986670415372,NA,NA,NA,NA,NA,NA,NA,NA,0.367664054548982,0.3232782621326,0.109110144323223,0.532817119439215,0.195939004484387,0.559327379194904,0,522.564175448325,124.784197130227,9,60,267.568394260454,4.48139198089166,0.00894858458940847,NA,0.901526501273436
"9","9","~1 ~ Tvar ~ Tvar ~ Tvar",NA,NA,-1.6511192063802,0.765398918290892,NA,NA,NA,NA,NA,NA,-0.780958784983343,1.29335339503912,NA,NA,-0.48705031395644,0.892820051221027,NA,NA,NA,NA,NA,NA,NA,NA,-1.78655826408871,1.49826762779262,NA,NA,-1.62316247073913,0.294081733567659,NA,NA,NA,NA,NA,NA,NA,NA,0.448841877615137,0.364752486166944,NA,NA,0.488425551505066,0.727449558593913,0,65.5891710598897,126.793252916093,7,60,267.586505832186,4.49950355262376,0.00886791394291016,NA,0.910394415216346
"36","36","~1 ~ Tvar^2 ~ Tvar^2 ~ Tvar^2",NA,NA,-1.6511192063802,0.765398918290892,NA,NA,NA,NA,NA,NA,-0.780958784983343,1.29335339503912,NA,NA,-0.48705031395644,0.892820051221027,NA,NA,NA,NA,NA,NA,NA,NA,-1.78655826408871,1.49826762779262,NA,NA,-1.62316247073913,0.294081733567659,NA,NA,NA,NA,NA,NA,NA,NA,0.448841877615137,0.364752486166944,NA,NA,0.488425551505066,0.727449558593913,0,65.5891710598897,126.793252916093,7,60,267.586505832186,4.49950355262376,0.00886791394291016,NA,0.919262329159256
"12","12","~Elevation ~ 1 ~ Tvar ~ Tvar",NA,NA,-1.71956032116974,1.21881283277251,NA,NA,NA,NA,NA,NA,NA,NA,NA,NA,-0.642442539078453,1.30041028528954,NA,NA,NA,NA,NA,NA,NA,NA,-1.39812060811551,1.56716441758829,NA,NA,-1.66146541983696,0.316070907901333,NA,NA,NA,NA,NA,NA,NA,NA,0.484655177744275,0.373809909085605,-0.0567057707313315,0.697984658800564,0.57876503544917,0.757013822940712,0,83.1665777117789,127.052350783842,7,60,268.104701567684,5.01769928812155,0.00684379032837869,NA,0.926106119487635
"39","39","~Elevation^2 ~ 1 ~ Tvar^2 ~ Tvar^2",NA,NA,-1.71956032116974,1.21881283277251,NA,NA,NA,NA,NA,NA,NA,NA,NA,NA,-0.642442539078453,1.30041028528954,NA,NA,NA,NA,NA,NA,NA,NA,-1.39812060811551,1.56716441758829,NA,NA,-1.66146541983696,0.316070907901333,NA,NA,NA,NA,NA,NA,NA,NA,0.484655177744275,0.373809909085605,-0.0567057707313315,0.697984658800564,0.57876503544917,0.757013822940712,0,83.1665777117789,127.052350783842,7,60,268.104701567684,5.01769928812155,0.00684379032837869,NA,0.932949909816013
"6","6","~Elevation ~ Tmax ~ Tmax ~ Tmax",NA,NA,-1.57960911496256,0.772034939056815,NA,NA,-0.566233481890961,1.26338934261952,NA,NA,NA,NA,NA,NA,-0.160146739367973,0.790397687076689,NA,NA,-0.540525351781185,1.49400548135891,NA,NA,NA,NA,NA,NA,NA,NA,-1.47565523701949,0.309706061620528,NA,NA,0.762176900664176,0.357855049160108,NA,NA,NA,NA,NA,NA,0.505442879351461,1.02476045949997,1.02157387895732,1.18398997020007,0,101.305417746531,126.162798916359,8,60,268.325597832718,5.23859555315602,0.00612815415040013,NA,0.939078063966413
"33","33","~Elevation^2 ~ Tmax^2 ~ Tmax^2 ~ Tmax^2",NA,NA,-1.57960911496256,0.772034939056815,NA,NA,-0.566233481890961,1.26338934261952,NA,NA,NA,NA,NA,NA,-0.160146739367973,0.790397687076689,NA,NA,-0.540525351781185,1.49400548135891,NA,NA,NA,NA,NA,NA,NA,NA,-1.47565523701949,0.309706061620528,NA,NA,0.762176900664176,0.357855049160108,NA,NA,NA,NA,NA,NA,0.505442879351461,1.02476045949997,1.02157387895732,1.18398997020007,0,101.305417746531,126.162798916359,8,60,268.325597832718,5.23859555315602,0.00612815415040013,NA,0.945206218116813
"24","24","~Elevation ~ 1 ~ Tvar * Biotic ~ Tvar * Biotic",NA,NA,-2.16729687219047,0.905980732149005,NA,NA,NA,NA,NA,NA,NA,NA,0.890467888385505,0.594292092287001,-0.820850005652542,0.747807411602546,NA,NA,NA,NA,NA,NA,0.657206849727877,1.17832603897735,-1.84496582235472,1.42650504541888,0.589587967467387,0.329438939286827,-1.52922083892556,0.226675637201178,NA,NA,NA,NA,NA,NA,-1.93421650286557,0.753152327215166,1.55723929847498,0.541328726301241,-0.137952043039138,0.563507625905785,0.701281728196178,0.601704542581831,0,70.1879467116429,123.257395229614,11,60,268.514790459227,5.42778817966484,0.00557502763318437,NA,0.950781245749998
"49","49","~Elevation^2 ~ 1 ~ Tvar^2 * Biotic ~ Tvar^2 * Biotic",NA,NA,-2.16729687219047,0.905980732149005,NA,NA,NA,NA,NA,NA,NA,NA,0.890467888385505,0.594292092287001,-0.820850005652542,0.747807411602546,NA,NA,NA,NA,NA,NA,0.657206849727877,1.17832603897735,-1.84496582235472,1.42650504541888,0.589587967467387,0.329438939286827,-1.52922083892556,0.226675637201178,NA,NA,NA,NA,NA,NA,-1.93421650286557,0.753152327215166,1.55723929847498,0.541328726301241,-0.137952043039138,0.563507625905785,0.701281728196178,0.601704542581831,0,70.1879467116429,123.257395229614,11,60,268.514790459227,5.42778817966484,0.00557502763318437,NA,0.956356273383182
"18","18","~1 ~ 1 ~ Tmax * Biotic ~ Tmax * Biotic",NA,NA,-1.90460346763783,0.655835301555191,NA,NA,NA,NA,NA,NA,NA,NA,0.353406369584235,1.25421426413337,-1.17748991287785,0.919076546655562,-3.74055638479144,2.33100336152942,4.27540092074969,2.7294810138742,NA,NA,NA,NA,NA,NA,-0.0670614433070177,0.265875927926852,-1.61605338572149,0.279032640357799,-0.439373040494217,0.459053141963356,0.792964680393459,0.347585795018351,NA,NA,NA,NA,NA,NA,NA,NA,1.29384500289222,1.14017329789483,0,341.104573675173,124.285315679958,10,60,268.570631359916,5.48362908035375,0.00542152327825965,NA,0.961777796661442
"44","44","~1 ~ 1 ~ Tmax^2 * Biotic ~ Tmax^2 * Biotic",NA,NA,-1.90460346763783,0.655835301555191,NA,NA,NA,NA,NA,NA,NA,NA,0.353406369584235,1.25421426413337,-1.17748991287785,0.919076546655562,-3.74055638479144,2.33100336152942,4.27540092074969,2.7294810138742,NA,NA,NA,NA,NA,NA,-0.0670614433070177,0.265875927926852,-1.61605338572149,0.279032640357799,-0.439373040494217,0.459053141963356,0.792964680393459,0.347585795018351,NA,NA,NA,NA,NA,NA,NA,NA,1.29384500289222,1.14017329789483,0,341.104573675173,124.285315679958,10,60,268.570631359916,5.48362908035375,0.00542152327825965,NA,0.967199319939702
"19","19","~Elevation ~ Tmax * Biotic ~ 1 ~ Tmax * Biotic",-1.45875480866199,1.4012440048037,-1.92260544950959,2.96533630853352,0.795346330697217,1.97460974398422,-1.10839648811771,2.1935004610895,NA,NA,NA,NA,NA,NA,-0.31738249969704,1.58492990381998,NA,NA,NA,NA,NA,NA,NA,NA,NA,NA,0.0497222051777024,0.331825796544033,-1.46468246915901,0.303072820923127,-0.268444072816312,0.580899948309369,0.793797497964612,0.37184814052956,NA,NA,NA,NA,NA,NA,0.474459039444132,0.869154633474105,0.871080466932197,1.46043238695656,0,470.140742289748,123.627481672615,11,60,269.25496334523,6.16796106566761,0.00385053011472557,NA,0.971049850054427
"21","21","~1 ~ Tvar * Biotic ~ Tvar * Biotic ~ Tvar * Biotic",-1.87565906155152,1.25367564671832,-2.17736491782515,0.916810700359049,NA,NA,NA,NA,-1.79212338728493,2.1201937904712,-1.22956251969264,1.60797195841697,0.549425532606798,0.659762883664685,-0.625318253777977,0.695414714713978,NA,NA,NA,NA,NA,NA,1.24823586810283,1.36576931927975,-2.46468772176345,1.53861829629348,0.597024257396444,0.338870999973059,-1.48267877599489,0.222901434682181,NA,NA,NA,NA,NA,NA,-1.89840690576525,0.754121940485467,1.53406915890534,0.537592370487229,NA,NA,0.54837873931644,0.594007209794327,0,162.464738977533,121.702582705023,13,60,269.405165410046,6.31816313048341,0.00357194333258181,NA,0.974621793387009
"46","46","~1 ~ Tvar^2 * Biotic ~ Tvar^2 * Biotic ~ Tvar^2 * Biotic",-1.87565906155152,1.25367564671832,-2.17736491782515,0.916810700359049,NA,NA,NA,NA,-1.79212338728493,2.1201937904712,-1.22956251969264,1.60797195841697,0.549425532606798,0.659762883664685,-0.625318253777977,0.695414714713978,NA,NA,NA,NA,NA,NA,1.24823586810283,1.36576931927975,-2.46468772176345,1.53861829629348,0.597024257396444,0.338870999973059,-1.48267877599489,0.222901434682181,NA,NA,NA,NA,NA,NA,-1.89840690576525,0.754121940485467,1.53406915890534,0.537592370487229,NA,NA,0.54837873931644,0.594007209794327,0,162.464738977533,121.702582705023,13,60,269.405165410046,6.31816313048341,0.00357194333258181,NA,0.978193736719591
"11","11","~Elevation ~ Tvar ~ Tvar ~ Tvar",NA,NA,-1.64102658379734,0.776924430870774,NA,NA,NA,NA,NA,NA,-0.788349016924154,1.29334243724136,NA,NA,-0.478537758215176,0.900259035285247,NA,NA,NA,NA,NA,NA,NA,NA,-1.79978159512673,1.50702895008959,NA,NA,-1.62145627605047,0.295103813284971,NA,NA,NA,NA,NA,NA,NA,NA,0.448823936696909,0.364296990159878,0.0421426654624735,0.654805043245378,0.477396743515184,0.745530854862859,0,66.1162981448599,126.791214060565,8,60,269.582428121131,6.4954258415687,0.00326898141665376,NA,0.981462718136245
"38","38","~Elevation^2 ~ Tvar^2 ~ Tvar^2 ~ Tvar^2",NA,NA,-1.64102658379734,0.776924430870774,NA,NA,NA,NA,NA,NA,-0.788349016924154,1.29334243724136,NA,NA,-0.478537758215176,0.900259035285247,NA,NA,NA,NA,NA,NA,NA,NA,-1.79978159512673,1.50702895008959,NA,NA,-1.62145627605047,0.295103813284971,NA,NA,NA,NA,NA,NA,NA,NA,0.448823936696909,0.364296990159878,0.0421426654624735,0.654805043245378,0.477396743515184,0.745530854862859,0,66.1162981448599,126.791214060565,8,60,269.582428121131,6.4954258415687,0.00326898141665376,NA,0.984731699552898
"25","25","~1 ~ Tvar + Biotic ~ Tvar + Biotic ~ Tvar + Biotic",-1.51922378807293,1.10165781175876,-1.91798789845855,1.04300951174668,NA,NA,NA,NA,NA,NA,-2.00691160680201,2.61787732756929,-0.115754501394001,1.18538596164586,-0.552371113655267,0.900274508164439,NA,NA,NA,NA,NA,NA,NA,NA,-2.06428542362878,1.87834384604602,0.151263135995864,0.328017781832704,-1.6088919238851,0.302089356966162,NA,NA,NA,NA,NA,NA,NA,NA,0.373407301677339,0.337803134451301,NA,NA,0.380565709946248,0.652612844936143,0,213.095927422714,124.905113194359,10,60,269.810226388718,6.72322410915632,0.00291706889547513,NA,0.987648768448373
"50","50","~1 ~ Tvar^2 + Biotic ~ Tvar^2 + Biotic ~ Tvar^2 + Biotic",-1.51922378807293,1.10165781175876,-1.91798789845855,1.04300951174668,NA,NA,NA,NA,NA,NA,-2.00691160680201,2.61787732756929,-0.115754501394001,1.18538596164586,-0.552371113655267,0.900274508164439,NA,NA,NA,NA,NA,NA,NA,NA,-2.06428542362878,1.87834384604602,0.151263135995864,0.328017781832704,-1.6088919238851,0.302089356966162,NA,NA,NA,NA,NA,NA,NA,NA,0.373407301677339,0.337803134451301,NA,NA,0.380565709946248,0.652612844936143,0,213.095927422714,124.905113194359,10,60,269.810226388718,6.72322410915632,0.00291706889547513,NA,0.990565837343849
"20","20","~Elevation ~ 1 ~ Tmax * Biotic ~ Tmax * Biotic",NA,NA,-1.9384207713612,0.653539506430912,NA,NA,NA,NA,NA,NA,NA,NA,0.409071290227717,1.26683811513249,-1.23765684521363,0.943639975575942,-3.83237992967321,2.38325682745122,4.44998205925635,2.80522363876788,NA,NA,NA,NA,NA,NA,-0.049006752679681,0.268358260255211,-1.61910457521987,0.283569225290378,-0.437411133727295,0.464246402713244,0.753741493003495,0.357648028824209,NA,NA,NA,NA,NA,NA,-0.446766326158574,1.20614315201726,1.35150574062523,1.29548866025368,0,358.13400469253,124.180160389584,11,60,270.360320779169,7.27331849960643,0.00221561964539419,NA,0.992781456989243
"45","45","~Elevation^2 ~ 1 ~ Tmax^2 * Biotic ~ Tmax^2 * Biotic",NA,NA,-1.9384207713612,0.653539506430912,NA,NA,NA,NA,NA,NA,NA,NA,0.409071290227717,1.26683811513249,-1.23765684521363,0.943639975575942,-3.83237992967321,2.38325682745122,4.44998205925635,2.80522363876788,NA,NA,NA,NA,NA,NA,-0.049006752679681,0.268358260255211,-1.61910457521987,0.283569225290378,-0.437411133727295,0.464246402713244,0.753741493003495,0.357648028824209,NA,NA,NA,NA,NA,NA,-0.446766326158574,1.20614315201726,1.35150574062523,1.29548866025368,0,358.13400469253,124.180160389584,11,60,270.360320779169,7.27331849960643,0.00221561964539419,NA,0.994997076634637
"23","23","~Elevation ~ Tvar * Biotic ~ Tvar * Biotic ~ Tvar * Biotic",-1.92829302178626,1.2806307510275,-2.17515225484849,0.927359680323443,NA,NA,NA,NA,-1.82047006450805,2.14683209720376,-1.2723254739812,1.61910277460058,0.523392626728412,0.676945490756814,-0.611006118287152,0.700324996544211,NA,NA,NA,NA,NA,NA,1.2818199956703,1.38012933147178,-2.48778829302317,1.53933434999742,0.588673103264776,0.343969936976751,-1.48199604782454,0.223203905768616,NA,NA,NA,NA,NA,NA,-1.89203855178086,0.758516364160939,1.53096355268672,0.537009020833501,0.141397892266743,0.613920349341838,0.517111780803443,0.606517340990236,0,167.618672423487,121.676908726944,14,60,271.353817453887,8.26681517432485,0.00134821807569701,NA,0.996345294710334
"48","48","~Elevation^2 ~ Tvar^2 * Biotic ~ Tvar^2 * Biotic ~ Tvar^2 * Biotic",-1.92829302178626,1.2806307510275,-2.17515225484849,0.927359680323443,NA,NA,NA,NA,-1.82047006450805,2.14683209720376,-1.2723254739812,1.61910277460058,0.523392626728412,0.676945490756814,-0.611006118287152,0.700324996544211,NA,NA,NA,NA,NA,NA,1.2818199956703,1.38012933147178,-2.48778829302317,1.53933434999742,0.588673103264776,0.343969936976751,-1.48199604782454,0.223203905768616,NA,NA,NA,NA,NA,NA,-1.89203855178086,0.758516364160939,1.53096355268672,0.537009020833501,0.141397892266743,0.613920349341838,0.517111780803443,0.606517340990236,0,167.618672423487,121.676908726944,14,60,271.353817453887,8.26681517432485,0.00134821807569701,NA,0.997693512786031
"27","27","~Elevation ~ Tvar + Biotic ~ Tvar + Biotic ~ Tvar + Biotic",-1.52333328980002,1.08821503465029,-1.91346396642685,1.04926502651412,NA,NA,NA,NA,NA,NA,-2.03078545071351,2.61221348419191,-0.251610965871163,1.40279590560254,-0.537238399179524,0.946196643542583,NA,NA,NA,NA,NA,NA,NA,NA,-2.18450329849332,1.97704435290004,0.11703422730728,0.341021824833643,-1.60182474099423,0.302405651129055,NA,NA,NA,NA,NA,NA,NA,NA,0.392454802287504,0.346638514225658,0.21375123801354,0.543389333204226,0.353825671653829,0.65005738381916,0,214.926954328648,124.833114003609,11,60,271.666228007219,8.57922572765682,0.00115324360698455,NA,0.998846756393015
"52","52","~Elevation^2 ~ Tvar^2 + Biotic ~ Tvar^2 + Biotic ~ Tvar^2 + Biotic",-1.52333328980002,1.08821503465029,-1.91346396642685,1.04926502651412,NA,NA,NA,NA,NA,NA,-2.03078545071351,2.61221348419191,-0.251610965871163,1.40279590560254,-0.537238399179524,0.946196643542583,NA,NA,NA,NA,NA,NA,NA,NA,-2.18450329849332,1.97704435290004,0.11703422730728,0.341021824833643,-1.60182474099423,0.302405651129055,NA,NA,NA,NA,NA,NA,NA,NA,0.392454802287504,0.346638514225658,0.21375123801354,0.543389333204226,0.353825671653829,0.65005738381916,0,214.926954328648,124.833114003609,11,60,271.666228007219,8.57922572765682,0.00115324360698455,NA,1
