"","model","formula","col(Biotic:Tmin)","SEcol(Biotic:Tmin)","col(Biotic)","SEcol(Biotic)","col(ForestLossCT)","SEcol(ForestLossCT)","col(Int)","SEcol(Int)","col(Tmax:Biotic)","SEcol(Tmax:Biotic)","col(Tmax)","SEcol(Tmax)","col(Tmin)","SEcol(Tmin)","col(Tvar:Biotic)","SEcol(Tvar:Biotic)","col(Tvar)","SEcol(Tvar)","ext(Biotic:Tmin)","SEext(Biotic:Tmin)","ext(Biotic)","SEext(Biotic)","ext(ForestLossCT)","SEext(ForestLossCT)","ext(Int)","SEext(Int)","ext(Tmax:Biotic)","SEext(Tmax:Biotic)","ext(Tmax)","SEext(Tmax)","ext(Tmin)","SEext(Tmin)","ext(Tvar:Biotic)","SEext(Tvar:Biotic)","ext(Tvar)","SEext(Tvar)","p(Biotic:Tmin)","SEp(Biotic:Tmin)","p(Biotic)","SEp(Biotic)","p(ForestLossCT)","SEp(ForestLossCT)","p(Int)","SEp(Int)","p(Tmax:Biotic)","SEp(Tmax:Biotic)","p(Tmax)","SEp(Tmax)","p(Tmin)","SEp(Tmin)","p(Tvar:Biotic)","SEp(Tvar:Biotic)","p(Tvar)","SEp(Tvar)","psi(Elevation)","SEpsi(Elevation)","psi(Int)","SEpsi(Int)","Converge","CondNum","negLogLike","nPars","n","AIC","delta","AICwt","Rsq","cumltvWt"
"48","48","~Elevation ~ Tmax * Biotic ~ 1 ~ Tmax * Biotic",NA,NA,3.99859825332781,2.8635647361728,NA,NA,-2.09300233427779,0.828650505514538,-4.66579495122489,3.01241009249659,1.00072239151386,1.00531619749656,NA,NA,NA,NA,NA,NA,NA,NA,NA,NA,NA,NA,-0.88132566430932,0.470494065503016,NA,NA,NA,NA,NA,NA,NA,NA,NA,NA,NA,NA,0.186336367447064,0.138388812988373,NA,NA,-0.975929581182859,0.18302773542164,0.0301394780761614,0.14597923018007,0.21606653265744,0.172983970895629,NA,NA,NA,NA,NA,NA,1.54436466548804,0.979812171629951,-0.0476723059814719,0.793881566474314,0,2037.35491368472,200.755262992393,11,61,423.510525984786,0,0.0897677770345286,NA,0.0897677770345286
"119","119","~Elevation^2 ~ ForestLossCT ~ 1 ~ ForestLossCT",NA,NA,NA,NA,2.70991882813098,2.75693677555037,0.3176589820151,1.27955016063902,NA,NA,NA,NA,NA,NA,NA,NA,NA,NA,NA,NA,NA,NA,NA,NA,-0.699331436205688,0.480365638903206,NA,NA,NA,NA,NA,NA,NA,NA,NA,NA,NA,NA,NA,NA,-0.353204545564146,0.222134390336515,-0.921579691629783,0.190185029717192,NA,NA,NA,NA,NA,NA,NA,NA,NA,NA,1.30604456457986,0.851752298530638,-0.396153916663128,0.703726483275897,0,377.323344025306,205.126776872247,7,61,424.253553744493,0.743027759707786,0.0619118872422923,NA,0.151679664276821
"116","116","~1 ~ ForestLossCT ~ 1 ~ ForestLossCT",NA,NA,NA,NA,2.27480578396089,2.43102251710995,0.15242969315944,1.10812281146911,NA,NA,NA,NA,NA,NA,NA,NA,NA,NA,NA,NA,NA,NA,NA,NA,-0.715342230523191,0.484508174734583,NA,NA,NA,NA,NA,NA,NA,NA,NA,NA,NA,NA,NA,NA,-0.352270928172534,0.225716596535222,-0.902507586295868,0.1845247514988,NA,NA,NA,NA,NA,NA,NA,NA,NA,NA,NA,NA,-0.719642400871362,0.573864947081835,0,286.005233317718,206.732447412725,6,61,425.46489482545,1.9543688406639,0.0337858359602524,NA,0.185465500237073
"60","60","~Elevation ~ Tvar + Biotic ~ 1 ~ Tvar + Biotic",NA,NA,0.386989857992141,0.357626121725824,NA,NA,-0.2487312262012,0.449458351605319,NA,NA,NA,NA,NA,NA,NA,NA,0.710796647657772,0.603473178736381,NA,NA,NA,NA,NA,NA,-0.59740389132532,0.445167098767873,NA,NA,NA,NA,NA,NA,NA,NA,NA,NA,NA,NA,0.257049044405163,0.14488258082185,NA,NA,-0.951561884953629,0.203664364378399,NA,NA,NA,NA,NA,NA,NA,NA,0.319032020637597,0.210301753911784,1.23178219125964,0.857503774408923,-0.488261669298592,0.661662295914758,0,57.0236249877337,203.9531218081,9,61,425.9062436162,2.39571763141453,0.0270954892273293,NA,0.212560989464403
"113","113","~Elevation^2 ~ Tvar^2 + Biotic ~ 1 ~ Tvar^2 + Biotic",NA,NA,0.386989857992141,0.357626121725824,NA,NA,-0.2487312262012,0.449458351605319,NA,NA,NA,NA,NA,NA,NA,NA,0.710796647657772,0.603473178736381,NA,NA,NA,NA,NA,NA,-0.59740389132532,0.445167098767873,NA,NA,NA,NA,NA,NA,NA,NA,NA,NA,NA,NA,0.257049044405163,0.14488258082185,NA,NA,-0.951561884953629,0.203664364378399,NA,NA,NA,NA,NA,NA,NA,NA,0.319032020637597,0.210301753911784,1.23178219125964,0.857503774408923,-0.488261669298592,0.661662295914758,0,57.0236249877337,203.9531218081,9,61,425.9062436162,2.39571763141453,0.0270954892273293,NA,0.239656478691732
"118","118","~Elevation^2 ~ ForestLossCT ~ ForestLossCT ~ ForestLossCT",NA,NA,NA,NA,2.39708690115689,2.3858040137246,0.189548283836499,1.08959450409306,NA,NA,NA,NA,NA,NA,NA,NA,NA,NA,NA,NA,NA,NA,-0.470105809688598,1.04358491059609,-0.82149157838635,0.559089359288302,NA,NA,NA,NA,NA,NA,NA,NA,NA,NA,NA,NA,NA,NA,-0.401467781908614,0.238024524818705,-0.925934626455848,0.188786260732331,NA,NA,NA,NA,NA,NA,NA,NA,NA,NA,1.24809386795538,0.841900455956739,-0.453783614444604,0.684734799415441,0,282.037492813202,205.029560641613,8,61,426.059121283226,2.5485952984406,0.0251015207347029,NA,0.264757999426435
"21","21","~1 ~ Biotic ~ 1 ~ Biotic",NA,NA,0.302784443322005,0.379655541425998,NA,NA,-0.391892040901809,0.445899535338068,NA,NA,NA,NA,NA,NA,NA,NA,NA,NA,NA,NA,NA,NA,NA,NA,-0.763272009684752,0.494226038054074,NA,NA,NA,NA,NA,NA,NA,NA,NA,NA,NA,NA,0.260794763451016,0.139095199530073,NA,NA,-1.01569196035807,0.203648718331001,NA,NA,NA,NA,NA,NA,NA,NA,NA,NA,NA,NA,-0.658240891222162,0.589721477988514,0,27.0722837011774,207.036393349107,6,61,426.072786698215,2.56226071342905,0.0249305939970515,NA,0.289688593423486
"24","24","~Elevation ~ Biotic ~ 1 ~ Biotic",NA,NA,0.227244407351112,0.335650960409241,NA,NA,-0.33121904310299,0.419643143558932,NA,NA,NA,NA,NA,NA,NA,NA,NA,NA,NA,NA,NA,NA,NA,NA,-0.726115132534701,0.479953245455104,NA,NA,NA,NA,NA,NA,NA,NA,NA,NA,NA,NA,0.245631363845937,0.140131842358668,NA,NA,-0.996856029302004,0.20308015513229,NA,NA,NA,NA,NA,NA,NA,NA,NA,NA,1.05176677564962,0.815677850588819,-0.568153899707738,0.628345048741759,0,49.3369652898125,206.064437474275,7,61,426.128874948551,2.61834896376507,0.0242411499117659,NA,0.313929743335252
"81","81","~Elevation^2 ~ Biotic ~ 1 ~ Biotic",NA,NA,0.227244407351112,0.335650960409241,NA,NA,-0.33121904310299,0.419643143558932,NA,NA,NA,NA,NA,NA,NA,NA,NA,NA,NA,NA,NA,NA,NA,NA,-0.726115132534701,0.479953245455104,NA,NA,NA,NA,NA,NA,NA,NA,NA,NA,NA,NA,0.245631363845937,0.140131842358668,NA,NA,-0.996856029302004,0.20308015513229,NA,NA,NA,NA,NA,NA,NA,NA,NA,NA,1.05176677564962,0.815677850588819,-0.568153899707738,0.628345048741759,0,49.3369652898125,206.064437474275,7,61,426.128874948551,2.61834896376507,0.0242411499117659,NA,0.338170893247018
"1","1","~1 ~ 1 ~ 1 ~ 1",NA,NA,NA,NA,NA,NA,-0.373930020483768,0.390991546312986,NA,NA,NA,NA,NA,NA,NA,NA,NA,NA,NA,NA,NA,NA,NA,NA,-0.768118497670732,0.495550534646503,NA,NA,NA,NA,NA,NA,NA,NA,NA,NA,NA,NA,NA,NA,NA,NA,-0.884635210859071,0.183878059714082,NA,NA,NA,NA,NA,NA,NA,NA,NA,NA,NA,NA,-0.741413047614407,0.575137414852984,0,12.9049723537026,209.201916891945,4,61,426.403833783891,2.89330779910529,0.0211274296787869,NA,0.359298322925805
"25","25","~Elevation ~ 1 ~ Biotic ~ Biotic",NA,NA,NA,NA,NA,NA,-0.265845379499698,0.425841121864715,NA,NA,NA,NA,NA,NA,NA,NA,NA,NA,NA,NA,-0.157566254051014,0.465812481012994,NA,NA,-0.716315760315973,0.503233113648302,NA,NA,NA,NA,NA,NA,NA,NA,NA,NA,NA,NA,0.229191660688632,0.158721427472531,NA,NA,-1.00790489046361,0.202526445694564,NA,NA,NA,NA,NA,NA,NA,NA,NA,NA,1.0902065983086,0.8044598482211,-0.557752203766953,0.633466658134656,0,48.3454334520544,206.236364736697,7,61,426.472729473394,2.9622034886084,0.0204120280268537,NA,0.379710350952659
"82","82","~Elevation^2 ~ 1 ~ Biotic ~ Biotic",NA,NA,NA,NA,NA,NA,-0.265845379499698,0.425841121864715,NA,NA,NA,NA,NA,NA,NA,NA,NA,NA,NA,NA,-0.157566254051014,0.465812481012994,NA,NA,-0.716315760315973,0.503233113648302,NA,NA,NA,NA,NA,NA,NA,NA,NA,NA,NA,NA,0.229191660688632,0.158721427472531,NA,NA,-1.00790489046361,0.202526445694564,NA,NA,NA,NA,NA,NA,NA,NA,NA,NA,1.0902065983086,0.8044598482211,-0.557752203766953,0.633466658134656,0,48.3454334520544,206.236364736697,7,61,426.472729473394,2.9622034886084,0.0204120280268537,NA,0.400122378979512
"57","57","~1 ~ Tvar + Biotic ~ 1 ~ Tvar + Biotic",NA,NA,0.435532198528786,0.377180211519793,NA,NA,-0.249234210114037,0.472834812904646,NA,NA,NA,NA,NA,NA,NA,NA,0.725854800708105,0.639310465924747,NA,NA,NA,NA,NA,NA,-0.596407192380689,0.448191646787983,NA,NA,NA,NA,NA,NA,NA,NA,NA,NA,NA,NA,0.268695950940028,0.143801045767087,NA,NA,-0.966698281109122,0.205634616201643,NA,NA,NA,NA,NA,NA,NA,NA,0.262849478965175,0.215729440628889,NA,NA,-0.676811743971289,0.590836297672894,0,37.7888783440815,205.2522705569,8,61,426.504541113801,2.99401512901505,0.0200899264150515,NA,0.420212305394564
"110","110","~1 ~ Tvar^2 + Biotic ~ 1 ~ Tvar^2 + Biotic",NA,NA,0.435532198528786,0.377180211519793,NA,NA,-0.249234210114037,0.472834812904646,NA,NA,NA,NA,NA,NA,NA,NA,0.725854800708105,0.639310465924747,NA,NA,NA,NA,NA,NA,-0.596407192380689,0.448191646787983,NA,NA,NA,NA,NA,NA,NA,NA,NA,NA,NA,NA,0.268695950940028,0.143801045767087,NA,NA,-0.966698281109122,0.205634616201643,NA,NA,NA,NA,NA,NA,NA,NA,0.262849478965175,0.215729440628889,NA,NA,-0.676811743971289,0.590836297672894,0,37.7888783440815,205.2522705569,8,61,426.504541113801,2.99401512901505,0.0200899264150515,NA,0.440302231809615
"22","22","~1 ~ 1 ~ Biotic ~ Biotic",NA,NA,NA,NA,NA,NA,-0.265788879327258,0.429466764820749,NA,NA,NA,NA,NA,NA,NA,NA,NA,NA,NA,NA,-0.0978091873267789,0.454382731497232,NA,NA,-0.746118502935604,0.511704436555308,NA,NA,NA,NA,NA,NA,NA,NA,NA,NA,NA,NA,0.249387140098229,0.158555299161325,NA,NA,-1.02576235115739,0.205905095287103,NA,NA,NA,NA,NA,NA,NA,NA,NA,NA,NA,NA,-0.691425691741326,0.58471656643756,0,26.4734121383953,207.36091466866,6,61,426.72182933732,3.21130335253434,0.0180216606576333,NA,0.458323892467249
"18","18","~Elevation ~ Tvar ~ 1 ~ Tvar",NA,NA,NA,NA,NA,NA,-0.322548299965947,0.40342584197591,NA,NA,NA,NA,NA,NA,NA,NA,0.494533746350522,0.468073323146865,NA,NA,NA,NA,NA,NA,-0.699614580050017,0.476865041029592,NA,NA,NA,NA,NA,NA,NA,NA,NA,NA,NA,NA,NA,NA,NA,NA,-0.835788767238615,0.180725517791757,NA,NA,NA,NA,NA,NA,NA,NA,0.280397876993382,0.205150869203585,1.28611343452814,0.844079358351438,-0.507145508181064,0.656105064262142,0,29.3803862108202,206.429153873737,7,61,426.858307747473,3.34778176268765,0.0168328982243186,NA,0.475156790691567
"78","78","~Elevation^2 ~ Tvar^2 ~ 1 ~ Tvar^2",NA,NA,NA,NA,NA,NA,-0.322548299965947,0.40342584197591,NA,NA,NA,NA,NA,NA,NA,NA,0.494533746350522,0.468073323146865,NA,NA,NA,NA,NA,NA,-0.699614580050017,0.476865041029592,NA,NA,NA,NA,NA,NA,NA,NA,NA,NA,NA,NA,NA,NA,NA,NA,-0.835788767238615,0.180725517791757,NA,NA,NA,NA,NA,NA,NA,NA,0.280397876993382,0.205150869203585,1.28611343452814,0.844079358351438,-0.507145508181064,0.656105064262142,0,29.3803862108202,206.429153873737,7,61,426.858307747473,3.34778176268765,0.0168328982243186,NA,0.491989688915886
"45","45","~1 ~ Tmax * Biotic ~ 1 ~ Tmax * Biotic",NA,NA,0.714468929683887,0.639621215502792,NA,NA,-0.916027042403021,0.52370919837932,-1.12903879403423,0.684516829158369,0.0384049175590747,0.458884033571771,NA,NA,NA,NA,NA,NA,NA,NA,NA,NA,NA,NA,-0.817803350570549,0.493228132063689,NA,NA,NA,NA,NA,NA,NA,NA,NA,NA,NA,NA,0.260842985497278,0.148440800472124,NA,NA,-0.944774011831759,0.195584029876567,0.117465331948931,0.144293691826783,0.0554445974729505,0.177660505591116,NA,NA,NA,NA,NA,NA,NA,NA,-0.707819616387368,0.590424812347615,0,100.022814739553,203.458486709702,10,61,426.916973419404,3.40644743461803,0.0163463129334303,NA,0.508336001849316
"115","115","~1 ~ ForestLossCT ~ ForestLossCT ~ ForestLossCT",NA,NA,NA,NA,1.95641804755775,2.02026807068492,0.0257740590932263,0.909384885611597,NA,NA,NA,NA,NA,NA,NA,NA,NA,NA,NA,NA,NA,NA,-0.64003002775098,0.995203890829484,-0.86566939342001,0.555060283686002,NA,NA,NA,NA,NA,NA,NA,NA,NA,NA,NA,NA,NA,NA,-0.410102657203629,0.234214601472725,-0.91299418553493,0.183104899361181,NA,NA,NA,NA,NA,NA,NA,NA,NA,NA,NA,NA,-0.72356914065946,0.575381739650482,0,196.813497472277,206.491591644667,7,61,426.983183289335,3.47265730454933,0.0158140285385913,NA,0.524150030387907
"54","54","~Elevation ~ Tvar * Biotic ~ 1 ~ Tvar * Biotic",NA,NA,0.613689486757287,0.446438433609526,NA,NA,-0.47807407848419,0.514419841044676,NA,NA,NA,NA,NA,NA,-0.57248646994854,0.508432684574367,0.770087896800465,0.589798703990654,NA,NA,NA,NA,NA,NA,-0.642239463302002,0.461771897634053,NA,NA,NA,NA,NA,NA,NA,NA,NA,NA,NA,NA,0.297553535799111,0.162256319652073,NA,NA,-0.938877770667673,0.198240575793486,NA,NA,NA,NA,NA,NA,0.18669173197719,0.235715627475876,0.19764956128838,0.205148303157628,1.17441273848622,0.842630331872547,-0.517113040283248,0.653744464286255,0,60.6545366103548,202.76543973228,11,61,427.530879464559,4.0203534797738,0.012025739857084,NA,0.536175770244991
"107","107","~Elevation^2 ~ Tvar^2 * Biotic ~ 1 ~ Tvar^2 * Biotic",NA,NA,0.613689486757287,0.446438433609526,NA,NA,-0.47807407848419,0.514419841044676,NA,NA,NA,NA,NA,NA,-0.57248646994854,0.508432684574367,0.770087896800465,0.589798703990654,NA,NA,NA,NA,NA,NA,-0.642239463302002,0.461771897634053,NA,NA,NA,NA,NA,NA,NA,NA,NA,NA,NA,NA,0.297553535799111,0.162256319652073,NA,NA,-0.938877770667673,0.198240575793486,NA,NA,NA,NA,NA,NA,0.18669173197719,0.235715627475876,0.19764956128838,0.205148303157628,1.17441273848622,0.842630331872547,-0.517113040283248,0.653744464286255,0,60.6545366103548,202.76543973228,11,61,427.530879464559,4.0203534797738,0.012025739857084,NA,0.548201510102075
"3","3","~1 ~ Tmin ~ 1 ~ Tmin",NA,NA,NA,NA,NA,NA,-0.342852781217615,0.400054185748666,NA,NA,NA,NA,-0.497314934750551,0.413213044736586,NA,NA,NA,NA,NA,NA,NA,NA,NA,NA,-0.670903104450008,0.459586610945666,NA,NA,NA,NA,NA,NA,NA,NA,NA,NA,NA,NA,NA,NA,NA,NA,-0.910558925780685,0.189076717413082,NA,NA,NA,NA,-0.156992777589282,0.164344660181244,NA,NA,NA,NA,NA,NA,-0.69148672579005,0.585831494208826,0,17.8253778183582,207.818533618575,6,61,427.63706723715,4.12654125236423,0.0114039005955301,NA,0.559605410697605
"63","63","~1 ~ Tmin^2 ~ 1 ~ Tmin^2",NA,NA,NA,NA,NA,NA,-0.342852781217615,0.400054185748666,NA,NA,NA,NA,-0.497314934750551,0.413213044736586,NA,NA,NA,NA,NA,NA,NA,NA,NA,NA,-0.670903104450008,0.459586610945666,NA,NA,NA,NA,NA,NA,NA,NA,NA,NA,NA,NA,NA,NA,NA,NA,-0.910558925780685,0.189076717413082,NA,NA,NA,NA,-0.156992777589282,0.164344660181244,NA,NA,NA,NA,NA,NA,-0.69148672579005,0.585831494208826,0,17.8253778183582,207.818533618575,6,61,427.63706723715,4.12654125236423,0.0114039005955301,NA,0.571009311293135
"6","6","~Elevation ~ Tmin ~ 1 ~ Tmin",NA,NA,NA,NA,NA,NA,-0.316458002837607,0.389617906554027,NA,NA,NA,NA,-0.48137070436151,0.40766116450197,NA,NA,NA,NA,NA,NA,NA,NA,NA,NA,-0.645359685101316,0.452628026417943,NA,NA,NA,NA,NA,NA,NA,NA,NA,NA,NA,NA,NA,NA,NA,NA,-0.885641492491331,0.185280323454257,NA,NA,NA,NA,-0.121101958070306,0.165527789539186,NA,NA,NA,NA,1.00823994209607,0.78720273350598,-0.604742633813978,0.618716419551998,0,31.2121579519082,206.842267563495,7,61,427.68453512699,4.17400914220451,0.011136427695963,NA,0.582145738989098
"66","66","~Elevation^2 ~ Tmin^2 ~ 1 ~ Tmin^2",NA,NA,NA,NA,NA,NA,-0.316458002837607,0.389617906554027,NA,NA,NA,NA,-0.48137070436151,0.40766116450197,NA,NA,NA,NA,NA,NA,NA,NA,NA,NA,-0.645359685101316,0.452628026417943,NA,NA,NA,NA,NA,NA,NA,NA,NA,NA,NA,NA,NA,NA,NA,NA,-0.885641492491331,0.185280323454257,NA,NA,NA,NA,-0.121101958070306,0.165527789539186,NA,NA,NA,NA,1.00823994209607,0.78720273350598,-0.604742633813978,0.618716419551998,0,31.2121579519082,206.842267563495,7,61,427.68453512699,4.17400914220451,0.011136427695963,NA,0.593282166685062
"120","120","~Elevation^2 ~ 1 ~ ForestLossCT ~ ForestLossCT",NA,NA,NA,NA,NA,NA,-0.472284435844557,0.382977076249265,NA,NA,NA,NA,NA,NA,NA,NA,NA,NA,NA,NA,NA,NA,-0.911192077851984,1.02158998231546,-0.986796564418667,0.566520868526657,NA,NA,NA,NA,NA,NA,NA,NA,NA,NA,NA,NA,NA,NA,-0.33465079768269,0.238726054767333,-0.897372583402588,0.180893438908085,NA,NA,NA,NA,NA,NA,NA,NA,NA,NA,1.0966463583366,0.81704285974954,-0.521213612724508,0.647514254404084,0,45.6585217052086,206.894557953218,7,61,427.789115906437,4.27858992165091,0.0105690626924291,NA,0.603851229377491
"61","61","~Elevation ~ 1 ~ Tvar + Biotic ~ Tvar + Biotic",NA,NA,NA,NA,NA,NA,-0.229066629377695,0.451537286291821,NA,NA,NA,NA,NA,NA,NA,NA,NA,NA,NA,NA,-0.228791733522127,0.474221105936532,NA,NA,-0.790383008211901,0.642055196979082,NA,NA,NA,NA,NA,NA,NA,NA,-0.294698895154211,0.769027591964131,NA,NA,0.260421472591487,0.167772074333348,NA,NA,-1.00953286826388,0.213093205534167,NA,NA,NA,NA,NA,NA,NA,NA,0.302162740143224,0.217658764922128,1.22363143708502,0.837761396366476,-0.497736166935655,0.659681538717973,0,64.1953181603109,204.902657075811,9,61,427.805314151623,4.29478816683724,0.0104838082670368,NA,0.614335037644527
"114","114","~Elevation^2 ~ 1 ~ Tvar^2 + Biotic ~ Tvar^2 + Biotic",NA,NA,NA,NA,NA,NA,-0.229066629377695,0.451537286291821,NA,NA,NA,NA,NA,NA,NA,NA,NA,NA,NA,NA,-0.228791733522127,0.474221105936532,NA,NA,-0.790383008211901,0.642055196979082,NA,NA,NA,NA,NA,NA,NA,NA,-0.294698895154211,0.769027591964131,NA,NA,0.260421472591487,0.167772074333348,NA,NA,-1.00953286826388,0.213093205534167,NA,NA,NA,NA,NA,NA,NA,NA,0.302162740143224,0.217658764922128,1.22363143708502,0.837761396366476,-0.497736166935655,0.659681538717973,0,64.1953181603109,204.902657075811,9,61,427.805314151623,4.29478816683724,0.0104838082670368,NA,0.624818845911564
"27","27","~1 ~ Biotic + Tmin ~ 1 ~ Biotic + Tmin",NA,NA,0.283989445494332,0.427108377888054,NA,NA,-0.398740000815455,0.473948291919353,NA,NA,NA,NA,-0.486783570347355,0.428995314225528,NA,NA,NA,NA,NA,NA,NA,NA,NA,NA,-0.709855534933334,0.470986431389609,NA,NA,NA,NA,NA,NA,NA,NA,NA,NA,NA,NA,0.248605670993958,0.139441713499705,NA,NA,-1.03179571541075,0.204366985484321,NA,NA,NA,NA,-0.128985638394947,0.16590000419764,NA,NA,NA,NA,NA,NA,-0.598307956659227,0.599356429929996,0,32.0067305717444,205.906632336731,8,61,427.813264673461,4.30273868867579,0.0104422151203266,NA,0.635261061031891
"84","84","~1 ~ Biotic + Tmin^2 ~ 1 ~ Biotic + Tmin^2",NA,NA,0.283989445494332,0.427108377888054,NA,NA,-0.398740000815455,0.473948291919353,NA,NA,NA,NA,-0.486783570347355,0.428995314225528,NA,NA,NA,NA,NA,NA,NA,NA,NA,NA,-0.709855534933334,0.470986431389609,NA,NA,NA,NA,NA,NA,NA,NA,NA,NA,NA,NA,0.248605670993958,0.139441713499705,NA,NA,-1.03179571541075,0.204366985484321,NA,NA,NA,NA,-0.128985638394947,0.16590000419764,NA,NA,NA,NA,NA,NA,-0.598307956659227,0.599356429929996,0,32.0067305717444,205.906632336731,8,61,427.813264673461,4.30273868867579,0.0104422151203266,NA,0.645703276152217
"51","51","~1 ~ Tvar * Biotic ~ 1 ~ Tvar * Biotic",NA,NA,0.659560417694879,0.456985963981348,NA,NA,-0.510853694932346,0.535709686178719,NA,NA,NA,NA,NA,NA,-0.567417643159133,0.507652598113775,0.762038586444889,0.598152732832681,NA,NA,NA,NA,NA,NA,-0.659717625767027,0.467227542469531,NA,NA,NA,NA,NA,NA,NA,NA,NA,NA,NA,NA,0.307166213284465,0.156439458004476,NA,NA,-0.948633877335788,0.196349013057445,NA,NA,NA,NA,NA,NA,0.191290635721883,0.219361866435372,0.163672239397705,0.197943467282352,NA,NA,-0.683778275145381,0.587349187174741,0,40.0802615243703,203.97452877714,10,61,427.949057554281,4.43853156949501,0.00975675919718062,NA,0.655460035349398
"104","104","~1 ~ Tvar^2 * Biotic ~ 1 ~ Tvar^2 * Biotic",NA,NA,0.659560417694879,0.456985963981348,NA,NA,-0.510853694932346,0.535709686178719,NA,NA,NA,NA,NA,NA,-0.567417643159133,0.507652598113775,0.762038586444889,0.598152732832681,NA,NA,NA,NA,NA,NA,-0.659717625767027,0.467227542469531,NA,NA,NA,NA,NA,NA,NA,NA,NA,NA,NA,NA,0.307166213284465,0.156439458004476,NA,NA,-0.948633877335788,0.196349013057445,NA,NA,NA,NA,NA,NA,0.191290635721883,0.219361866435372,0.163672239397705,0.197943467282352,NA,NA,-0.683778275145381,0.587349187174741,0,40.0802615243703,203.97452877714,10,61,427.949057554281,4.43853156949501,0.00975675919718062,NA,0.665216794546578
"15","15","~1 ~ Tvar ~ 1 ~ Tvar",NA,NA,NA,NA,NA,NA,-0.301529957212605,0.408133605112795,NA,NA,NA,NA,NA,NA,NA,NA,0.47945046585858,0.47759877630376,NA,NA,NA,NA,NA,NA,-0.680867561117042,0.4765864978538,NA,NA,NA,NA,NA,NA,NA,NA,NA,NA,NA,NA,NA,NA,NA,NA,-0.837063329973829,0.182994062714031,NA,NA,NA,NA,NA,NA,NA,NA,0.233017510361348,0.210885482030636,NA,NA,-0.764530172757878,0.570740311695675,0,13.3262640626219,207.977154376341,6,61,427.954308752681,4.44378276789564,0.0097311754590534,NA,0.674947970005632
"75","75","~1 ~ Tvar^2 ~ 1 ~ Tvar^2",NA,NA,NA,NA,NA,NA,-0.301529957212605,0.408133605112795,NA,NA,NA,NA,NA,NA,NA,NA,0.47945046585858,0.47759877630376,NA,NA,NA,NA,NA,NA,-0.680867561117042,0.4765864978538,NA,NA,NA,NA,NA,NA,NA,NA,NA,NA,NA,NA,NA,NA,NA,NA,-0.837063329973829,0.182994062714031,NA,NA,NA,NA,NA,NA,NA,NA,0.233017510361348,0.210885482030636,NA,NA,-0.764530172757878,0.570740311695675,0,13.3262640626219,207.977154376341,6,61,427.954308752681,4.44378276789564,0.0097311754590534,NA,0.684679145464685
"117","117","~1 ~ 1 ~ ForestLossCT ~ ForestLossCT",NA,NA,NA,NA,NA,NA,-0.498991451878753,0.394037501581394,NA,NA,NA,NA,NA,NA,NA,NA,NA,NA,NA,NA,NA,NA,-1.03177598430238,1.14503148767825,-1.03428299332787,0.607812776618934,NA,NA,NA,NA,NA,NA,NA,NA,NA,NA,NA,NA,NA,NA,-0.349824593960212,0.244185276483758,-0.910851486201725,0.183876796086523,NA,NA,NA,NA,NA,NA,NA,NA,NA,NA,NA,NA,-0.646772288520728,0.601245525627711,0,58.1640887538018,207.995229049211,6,61,427.990458098422,4.47993211363604,0.00955686766953926,NA,0.694236013134225
"23","23","~Elevation ~ Biotic ~ Biotic ~ Biotic",NA,NA,0.214986276518232,0.336226417166351,NA,NA,-0.334822650421231,0.416392339812585,NA,NA,NA,NA,NA,NA,NA,NA,NA,NA,NA,NA,-0.111339819634177,0.440734752353814,NA,NA,-0.69058919305706,0.493804255511874,NA,NA,NA,NA,NA,NA,NA,NA,NA,NA,NA,NA,0.228563627687338,0.155136834243974,NA,NA,-0.98803874368115,0.203998730060764,NA,NA,NA,NA,NA,NA,NA,NA,NA,NA,1.06455683521183,0.81152612517791,-0.569487365698907,0.628859785751331,0,49.1468562275408,206.032249382863,8,61,428.064498765726,4.55397278094,0.00920953803637868,NA,0.703445551170603
"80","80","~Elevation^2 ~ Biotic ~ Biotic ~ Biotic",NA,NA,0.214986276518232,0.336226417166351,NA,NA,-0.334822650421231,0.416392339812585,NA,NA,NA,NA,NA,NA,NA,NA,NA,NA,NA,NA,-0.111339819634177,0.440734752353814,NA,NA,-0.69058919305706,0.493804255511874,NA,NA,NA,NA,NA,NA,NA,NA,NA,NA,NA,NA,0.228563627687338,0.155136834243974,NA,NA,-0.98803874368115,0.203998730060764,NA,NA,NA,NA,NA,NA,NA,NA,NA,NA,1.06455683521183,0.81152612517791,-0.569487365698907,0.628859785751331,0,49.1468562275408,206.032249382863,8,61,428.064498765726,4.55397278094,0.00920953803637868,NA,0.712655089206982
"20","20","~1 ~ Biotic ~ Biotic ~ Biotic",NA,NA,0.299408691980696,0.397205567701282,NA,NA,-0.390241965352433,0.448334378750749,NA,NA,NA,NA,NA,NA,NA,NA,NA,NA,NA,NA,-0.0124846308738946,0.468361362585703,NA,NA,-0.757401375149687,0.537397808379902,NA,NA,NA,NA,NA,NA,NA,NA,NA,NA,NA,NA,0.258578062597418,0.160965606614767,NA,NA,-1.01419809959304,0.21089167255523,NA,NA,NA,NA,NA,NA,NA,NA,NA,NA,NA,NA,-0.660315967643827,0.594165963320622,0,34.7119095055308,207.036036216,7,61,428.072072432,4.56154644721477,0.00917472900216175,NA,0.721829818209144
"19","19","~Elevation ~ 1 ~ Tvar ~ Tvar",NA,NA,NA,NA,NA,NA,-0.343852348888295,0.39687010651388,NA,NA,NA,NA,NA,NA,NA,NA,NA,NA,NA,NA,NA,NA,NA,NA,-0.788969142995321,0.574126631611349,NA,NA,NA,NA,NA,NA,NA,NA,-0.179842306385312,0.669244460306726,NA,NA,NA,NA,NA,NA,-0.8536823463523,0.186940943845627,NA,NA,NA,NA,NA,NA,NA,NA,0.259944741334514,0.212040415722778,1.23591563817743,0.828203353237614,-0.529242961366161,0.653704926666804,0,28.4562446371443,207.060001081784,7,61,428.120002163567,4.60947617878162,0.00895747152392789,NA,0.730787289733072
"79","79","~Elevation^2 ~ 1 ~ Tvar^2 ~ Tvar^2",NA,NA,NA,NA,NA,NA,-0.343852348888295,0.39687010651388,NA,NA,NA,NA,NA,NA,NA,NA,NA,NA,NA,NA,NA,NA,NA,NA,-0.788969142995321,0.574126631611349,NA,NA,NA,NA,NA,NA,NA,NA,-0.179842306385312,0.669244460306726,NA,NA,NA,NA,NA,NA,-0.8536823463523,0.186940943845627,NA,NA,NA,NA,NA,NA,NA,NA,0.259944741334514,0.212040415722778,1.23591563817743,0.828203353237614,-0.529242961366161,0.653704926666804,0,28.4562446371443,207.060001081784,7,61,428.120002163567,4.60947617878162,0.00895747152392789,NA,0.739744761256999
"30","30","~Elevation ~ Biotic + Tmin ~ 1 ~ Biotic + Tmin",NA,NA,0.170333526427043,0.354416890095862,NA,NA,-0.292730322572241,0.433000717817086,NA,NA,NA,NA,-0.453652395126676,0.42191941837683,NA,NA,NA,NA,NA,NA,NA,NA,NA,NA,-0.654630554747945,0.453845976488541,NA,NA,NA,NA,NA,NA,NA,NA,NA,NA,NA,NA,0.236733877875028,0.140987644398626,NA,NA,-0.999989818277057,0.204097035059639,NA,NA,NA,NA,-0.0953108585958239,0.167558696356042,NA,NA,NA,NA,0.950234086317725,0.821635899644958,-0.581623219894301,0.619600899533764,0,54.097140666097,205.189275952485,9,61,428.37855190497,4.86802592018444,0.00787122040139791,NA,0.747615981658397
"87","87","~Elevation^2 ~ Biotic + Tmin^2 ~ 1 ~ Biotic + Tmin^2",NA,NA,0.170333526427043,0.354416890095862,NA,NA,-0.292730322572241,0.433000717817086,NA,NA,NA,NA,-0.453652395126676,0.42191941837683,NA,NA,NA,NA,NA,NA,NA,NA,NA,NA,-0.654630554747945,0.453845976488541,NA,NA,NA,NA,NA,NA,NA,NA,NA,NA,NA,NA,0.236733877875028,0.140987644398626,NA,NA,-0.999989818277057,0.204097035059639,NA,NA,NA,NA,-0.0953108585958239,0.167558696356042,NA,NA,NA,NA,0.950234086317725,0.821635899644958,-0.581623219894301,0.619600899533764,0,54.097140666097,205.189275952485,9,61,428.37855190497,4.86802592018444,0.00787122040139791,NA,0.755487202059795
"58","58","~1 ~ 1 ~ Tvar + Biotic ~ Tvar + Biotic",NA,NA,NA,NA,NA,NA,-0.240496337720741,0.450618351993654,NA,NA,NA,NA,NA,NA,NA,NA,NA,NA,NA,NA,-0.147069677897165,0.458804445143061,NA,NA,-0.884872882170208,0.689005738605463,NA,NA,NA,NA,NA,NA,NA,NA,-0.430998366972162,0.822626959098612,NA,NA,0.284882335619344,0.166738167869059,NA,NA,-1.03675874048239,0.21855091772557,NA,NA,NA,NA,NA,NA,NA,NA,0.24944596232823,0.214956618353418,NA,NA,-0.709666230858788,0.582845997568506,0,75.8941612244654,206.269324090572,8,61,428.538648181143,5.02812219635763,0.00726570245311006,NA,0.762752904512905
"111","111","~1 ~ 1 ~ Tvar^2 + Biotic ~ Tvar^2 + Biotic",NA,NA,NA,NA,NA,NA,-0.240496337720741,0.450618351993654,NA,NA,NA,NA,NA,NA,NA,NA,NA,NA,NA,NA,-0.147069677897165,0.458804445143061,NA,NA,-0.884872882170208,0.689005738605463,NA,NA,NA,NA,NA,NA,NA,NA,-0.430998366972162,0.822626959098612,NA,NA,0.284882335619344,0.166738167869059,NA,NA,-1.03675874048239,0.21855091772557,NA,NA,NA,NA,NA,NA,NA,NA,0.24944596232823,0.214956618353418,NA,NA,-0.709666230858788,0.582845997568506,0,75.8941612244654,206.269324090572,8,61,428.538648181143,5.02812219635763,0.00726570245311006,NA,0.770018606966015
"47","47","~Elevation ~ Tmax * Biotic ~ Tmax * Biotic ~ Tmax * Biotic",NA,NA,3.90038793271837,2.65472147580249,NA,NA,-2.06330993833752,0.8144804029305,-4.5596573874523,2.81243326547888,1.00109665787191,0.989184711183047,NA,NA,NA,NA,NA,NA,NA,NA,-0.124329741791411,0.405951397570377,NA,NA,-0.812052370095149,0.486444600122821,-0.286017165757167,0.379679721378363,0.252890321390884,0.463015387743257,NA,NA,NA,NA,NA,NA,NA,NA,0.174934032066027,0.137401979131729,NA,NA,-0.96779874799229,0.183606995662545,0.0132758752103726,0.143177861679319,0.229726953282231,0.173972169771963,NA,NA,NA,NA,NA,NA,1.54574770938159,0.973600646961762,-0.0582329857921871,0.798509144112907,0,1778.13949777461,200.377142558599,14,61,428.754285117199,5.24375913241312,0.00652307906929873,NA,0.776541686035314
"17","17","~Elevation ~ Tvar ~ Tvar ~ Tvar",NA,NA,NA,NA,NA,NA,-0.321311472307474,0.4042729195574,NA,NA,NA,NA,NA,NA,NA,NA,0.506519144207876,0.491811262373374,NA,NA,NA,NA,NA,NA,-0.684664493300645,0.503915075053504,NA,NA,NA,NA,NA,NA,NA,NA,0.0495178440755315,0.572009660720814,NA,NA,NA,NA,NA,NA,-0.83426065379882,0.181397423465932,NA,NA,NA,NA,NA,NA,NA,NA,0.28407890739825,0.209528491116018,1.28816882113146,0.845287246337291,-0.504930709352265,0.656516103915085,0,29.5291192991187,206.425412975611,8,61,428.850825951223,5.34029996643721,0.00621568600220752,NA,0.782757372037522
"77","77","~Elevation^2 ~ Tvar^2 ~ Tvar^2 ~ Tvar^2",NA,NA,NA,NA,NA,NA,-0.321311472307474,0.4042729195574,NA,NA,NA,NA,NA,NA,NA,NA,0.506519144207876,0.491811262373374,NA,NA,NA,NA,NA,NA,-0.684664493300645,0.503915075053504,NA,NA,NA,NA,NA,NA,NA,NA,0.0495178440755315,0.572009660720814,NA,NA,NA,NA,NA,NA,-0.83426065379882,0.181397423465932,NA,NA,NA,NA,NA,NA,NA,NA,0.28407890739825,0.209528491116018,1.28816882113146,0.845287246337291,-0.504930709352265,0.656516103915085,0,29.5291192991187,206.425412975611,8,61,428.850825951223,5.34029996643721,0.00621568600220752,NA,0.788973058039729
"16","16","~1 ~ 1 ~ Tvar ~ Tvar",NA,NA,NA,NA,NA,NA,-0.357272477266808,0.39956922174461,NA,NA,NA,NA,NA,NA,NA,NA,NA,NA,NA,NA,NA,NA,NA,NA,-0.814793285795497,0.601798648213873,NA,NA,NA,NA,NA,NA,NA,NA,-0.226976539264464,0.717413495181536,NA,NA,NA,NA,NA,NA,-0.860803629276393,0.190935324090662,NA,NA,NA,NA,NA,NA,NA,NA,0.21660695322937,0.214564977007708,NA,NA,-0.770942578665142,0.570525896147526,0,28.9399409119916,208.534584835477,6,61,429.069169670955,5.55864368616915,0.00557283687449534,NA,0.794545894914224
"76","76","~1 ~ 1 ~ Tvar^2 ~ Tvar^2",NA,NA,NA,NA,NA,NA,-0.357272477266808,0.39956922174461,NA,NA,NA,NA,NA,NA,NA,NA,NA,NA,NA,NA,NA,NA,NA,NA,-0.814793285795497,0.601798648213873,NA,NA,NA,NA,NA,NA,NA,NA,-0.226976539264464,0.717413495181536,NA,NA,NA,NA,NA,NA,-0.860803629276393,0.190935324090662,NA,NA,NA,NA,NA,NA,NA,NA,0.21660695322937,0.214564977007708,NA,NA,-0.770942578665142,0.570525896147526,0,28.9399409119916,208.534584835477,6,61,429.069169670955,5.55864368616915,0.00557283687449534,NA,0.80011873178872
"4","4","~1 ~ 1 ~ Tmin ~ Tmin",NA,NA,NA,NA,NA,NA,-0.270881737138314,0.421733351202628,NA,NA,NA,NA,NA,NA,NA,NA,NA,NA,NA,NA,NA,NA,NA,NA,-0.701052506505337,0.479357008428013,NA,NA,NA,NA,-0.0639448630197517,0.451084411254969,NA,NA,NA,NA,NA,NA,NA,NA,NA,NA,-0.939371100761059,0.193340174094708,NA,NA,NA,NA,-0.195418773598941,0.174140998974371,NA,NA,NA,NA,NA,NA,-0.706735541544145,0.581353624505918,0,17.6945785836289,208.553624642957,6,61,429.107249285915,5.59672330112909,0.00546773486932199,NA,0.805586466658042
"64","64","~1 ~ 1 ~ Tmin^2 ~ Tmin^2",NA,NA,NA,NA,NA,NA,-0.270881737138314,0.421733351202628,NA,NA,NA,NA,NA,NA,NA,NA,NA,NA,NA,NA,NA,NA,NA,NA,-0.701052506505337,0.479357008428013,NA,NA,NA,NA,-0.0639448630197517,0.451084411254969,NA,NA,NA,NA,NA,NA,NA,NA,NA,NA,-0.939371100761059,0.193340174094708,NA,NA,NA,NA,-0.195418773598941,0.174140998974371,NA,NA,NA,NA,NA,NA,-0.706735541544145,0.581353624505918,0,17.6945785836289,208.553624642957,6,61,429.107249285915,5.59672330112909,0.00546773486932199,NA,0.811054201527364
"7","7","~Elevation ~ 1 ~ Tmin ~ Tmin",NA,NA,NA,NA,NA,NA,-0.282247535905286,0.410536597108064,NA,NA,NA,NA,NA,NA,NA,NA,NA,NA,NA,NA,NA,NA,NA,NA,-0.692919206770341,0.475641324065956,NA,NA,NA,NA,-0.0401845836288051,0.449636612165886,NA,NA,NA,NA,NA,NA,NA,NA,NA,NA,-0.91486597242436,0.189573808443935,NA,NA,NA,NA,-0.154985045371946,0.176267384040381,NA,NA,NA,NA,1.01615459151059,0.790446833485919,-0.613574399316563,0.615722905310155,0,31.7598374814629,207.555156671035,7,61,429.110313342071,5.59978735728538,0.00545936455939043,NA,0.816513566086754
"67","67","~Elevation^2 ~ 1 ~ Tmin^2 ~ Tmin^2",NA,NA,NA,NA,NA,NA,-0.282247535905286,0.410536597108064,NA,NA,NA,NA,NA,NA,NA,NA,NA,NA,NA,NA,NA,NA,NA,NA,-0.692919206770341,0.475641324065956,NA,NA,NA,NA,-0.0401845836288051,0.449636612165886,NA,NA,NA,NA,NA,NA,NA,NA,NA,NA,-0.91486597242436,0.189573808443935,NA,NA,NA,NA,-0.154985045371946,0.176267384040381,NA,NA,NA,NA,1.01615459151059,0.790446833485919,-0.613574399316563,0.615722905310155,0,31.7598374814629,207.555156671035,7,61,429.110313342071,5.59978735728538,0.00545936455939043,NA,0.821972930646145
"12","12","~Elevation ~ Tmax ~ 1 ~ Tmax",NA,NA,NA,NA,NA,NA,-0.402247749129742,0.385116680660205,NA,NA,-0.113377103106693,0.379475602008106,NA,NA,NA,NA,NA,NA,NA,NA,NA,NA,NA,NA,-0.801309862449266,0.509512791914094,NA,NA,NA,NA,NA,NA,NA,NA,NA,NA,NA,NA,NA,NA,NA,NA,-0.858959038054784,0.183246338669816,NA,NA,0.130384076216752,0.158370571578531,NA,NA,NA,NA,NA,NA,1.20487478156472,0.829751780880787,-0.537026006250627,0.651509183097014,0,33.6882112147384,207.56497679309,7,61,429.129953586181,5.61942760139522,0.00540601530987214,NA,0.827378945956017
"72","72","~Elevation^2 ~ Tmax^2 ~ 1 ~ Tmax^2",NA,NA,NA,NA,NA,NA,-0.402247749129742,0.385116680660205,NA,NA,-0.113377103106693,0.379475602008106,NA,NA,NA,NA,NA,NA,NA,NA,NA,NA,NA,NA,-0.801309862449266,0.509512791914094,NA,NA,NA,NA,NA,NA,NA,NA,NA,NA,NA,NA,NA,NA,NA,NA,-0.858959038054784,0.183246338669816,NA,NA,0.130384076216752,0.158370571578531,NA,NA,NA,NA,NA,NA,1.20487478156472,0.829751780880787,-0.537026006250627,0.651509183097014,0,33.6882112147384,207.56497679309,7,61,429.129953586181,5.61942760139522,0.00540601530987214,NA,0.832784961265889
"42","42","~Elevation ~ Tmax + Biotic ~ 1 ~ Tmax + Biotic",NA,NA,0.192486981789592,0.351898875738731,NA,NA,-0.354453735358428,0.419406741514386,NA,NA,-0.0798547095484081,0.408269624570755,NA,NA,NA,NA,NA,NA,NA,NA,NA,NA,NA,NA,-0.785698659424276,0.510801151615636,NA,NA,NA,NA,NA,NA,NA,NA,NA,NA,NA,NA,0.264660077140434,0.143976184485119,NA,NA,-0.990015796266636,0.205876033608208,NA,NA,0.153417570329084,0.158447988113911,NA,NA,NA,NA,NA,NA,1.16437141240133,0.84734690778391,-0.522082534394332,0.651060365710131,0,56.4030204987716,205.578419496318,9,61,429.156838992636,5.64631300785049,0.00533383011948644,NA,0.838118791385375
"99","99","~Elevation^2 ~ Tmax^2 + Biotic ~ 1 ~ Tmax^2 + Biotic",NA,NA,0.192486981789592,0.351898875738731,NA,NA,-0.354453735358428,0.419406741514386,NA,NA,-0.0798547095484081,0.408269624570755,NA,NA,NA,NA,NA,NA,NA,NA,NA,NA,NA,NA,-0.785698659424276,0.510801151615636,NA,NA,NA,NA,NA,NA,NA,NA,NA,NA,NA,NA,0.264660077140434,0.143976184485119,NA,NA,-0.990015796266636,0.205876033608208,NA,NA,0.153417570329084,0.158447988113911,NA,NA,NA,NA,NA,NA,1.16437141240133,0.84734690778391,-0.522082534394332,0.651060365710131,0,56.4030204987716,205.578419496318,9,61,429.156838992636,5.64631300785049,0.00533383011948644,NA,0.843452621504862
"13","13","~Elevation ~ 1 ~ Tmax ~ Tmax",NA,NA,NA,NA,NA,NA,-0.41557153247994,0.393014077898447,NA,NA,NA,NA,NA,NA,NA,NA,NA,NA,NA,NA,NA,NA,NA,NA,-0.821440904482717,0.527982128289104,NA,NA,0.10611156849732,0.4761884631791,NA,NA,NA,NA,NA,NA,NA,NA,NA,NA,NA,NA,-0.867729634370465,0.185412104295233,NA,NA,0.146478523910743,0.172043332120653,NA,NA,NA,NA,NA,NA,1.24576838078382,0.842004494646915,-0.516318086095092,0.658936425991526,0,35.6592427897801,207.583945541333,7,61,429.167891082666,5.65736509788076,0.00530443642438424,NA,0.848757057929246
"73","73","~Elevation^2 ~ 1 ~ Tmax^2 ~ Tmax^2",NA,NA,NA,NA,NA,NA,-0.41557153247994,0.393014077898447,NA,NA,NA,NA,NA,NA,NA,NA,NA,NA,NA,NA,NA,NA,NA,NA,-0.821440904482717,0.527982128289104,NA,NA,0.10611156849732,0.4761884631791,NA,NA,NA,NA,NA,NA,NA,NA,NA,NA,NA,NA,-0.867729634370465,0.185412104295233,NA,NA,0.146478523910743,0.172043332120653,NA,NA,NA,NA,NA,NA,1.24576838078382,0.842004494646915,-0.516318086095092,0.658936425991526,0,35.6592427897801,207.583945541333,7,61,429.167891082666,5.65736509788076,0.00530443642438424,NA,0.85406149435363
"43","43","~Elevation ~ 1 ~ Tmax + Biotic ~ Tmax + Biotic",NA,NA,NA,NA,NA,NA,-0.409653582863063,0.512058846972261,NA,NA,NA,NA,NA,NA,NA,NA,NA,NA,NA,NA,-0.408726335984168,0.759792393553215,NA,NA,-0.875707289786395,0.696259316916622,NA,NA,0.214083798299511,0.754345297940428,NA,NA,NA,NA,NA,NA,NA,NA,0.204313547404754,0.172911782906717,NA,NA,-1.00715700446715,0.207517867373971,NA,NA,0.216897945407711,0.21250454735749,NA,NA,NA,NA,NA,NA,1.29622203823227,0.872271504134395,-0.459000524883225,0.678415439277208,0,113.272787266765,205.6007407793,9,61,429.2014815586,5.69095557381456,0.00521609111926181,NA,0.859277585472892
"100","100","~Elevation^2 ~ 1 ~ Tmax^2 + Biotic ~ Tmax^2 + Biotic",NA,NA,NA,NA,NA,NA,-0.409653582863063,0.512058846972261,NA,NA,NA,NA,NA,NA,NA,NA,NA,NA,NA,NA,-0.408726335984168,0.759792393553215,NA,NA,-0.875707289786395,0.696259316916622,NA,NA,0.214083798299511,0.754345297940428,NA,NA,NA,NA,NA,NA,NA,NA,0.204313547404754,0.172911782906717,NA,NA,-1.00715700446715,0.207517867373971,NA,NA,0.216897945407711,0.21250454735749,NA,NA,NA,NA,NA,NA,1.29622203823227,0.872271504134395,-0.459000524883225,0.678415439277208,0,113.272787266765,205.6007407793,9,61,429.2014815586,5.69095557381456,0.00521609111926181,NA,0.864493676592154
"59","59","~Elevation ~ Tvar + Biotic ~ Tvar + Biotic ~ Tvar + Biotic",NA,NA,0.369868447487903,0.361553142589599,NA,NA,-0.270177648334515,0.4551133763687,NA,NA,NA,NA,NA,NA,NA,NA,0.754979521480443,0.645356453884256,NA,NA,-0.27172054205596,0.417756582107758,NA,NA,-0.551230493118003,0.491066640774062,NA,NA,NA,NA,NA,NA,NA,NA,0.0462966180631671,0.576869874443958,NA,NA,0.228478443421693,0.151511435785201,NA,NA,-0.946196500697332,0.20096244527096,NA,NA,NA,NA,NA,NA,NA,NA,0.339436924710882,0.209282411102126,1.26873244593641,0.857633826005128,-0.475721403347788,0.664999153706138,0,57.72413116925,203.715874526042,11,61,429.431749052085,5.92122306729914,0.00464882522043298,NA,0.869142501812587
"112","112","~Elevation^2 ~ Tvar^2 + Biotic ~ Tvar^2 + Biotic ~ Tvar^2 + Biotic",NA,NA,0.369868447487903,0.361553142589599,NA,NA,-0.270177648334515,0.4551133763687,NA,NA,NA,NA,NA,NA,NA,NA,0.754979521480443,0.645356453884256,NA,NA,-0.27172054205596,0.417756582107758,NA,NA,-0.551230493118003,0.491066640774062,NA,NA,NA,NA,NA,NA,NA,NA,0.0462966180631671,0.576869874443958,NA,NA,0.228478443421693,0.151511435785201,NA,NA,-0.946196500697332,0.20096244527096,NA,NA,NA,NA,NA,NA,NA,NA,0.339436924710882,0.209282411102126,1.26873244593641,0.857633826005128,-0.475721403347788,0.664999153706138,0,57.72413116925,203.715874526042,11,61,429.431749052085,5.92122306729914,0.00464882522043298,NA,0.87379132703302
"39","39","~1 ~ Tmax + Biotic ~ 1 ~ Tmax + Biotic",NA,NA,0.259556571495947,0.392370533374327,NA,NA,-0.412944175475915,0.44979880620601,NA,NA,-0.149813573863866,0.41496118516909,NA,NA,NA,NA,NA,NA,NA,NA,NA,NA,NA,NA,-0.808421177112708,0.517681666431743,NA,NA,NA,NA,NA,NA,NA,NA,NA,NA,NA,NA,0.279680079337038,0.143284085132825,NA,NA,-1.01148948050977,0.207198758351792,NA,NA,0.111735613925843,0.15561209312079,NA,NA,NA,NA,NA,NA,NA,NA,-0.663805299072615,0.592721655727716,0,29.6317558787448,206.719268155131,8,61,429.438536310262,5.92801032547618,0.00463307557128656,NA,0.878424402604306
"96","96","~1 ~ Tmax^2 + Biotic ~ 1 ~ Tmax^2 + Biotic",NA,NA,0.259556571495947,0.392370533374327,NA,NA,-0.412944175475915,0.44979880620601,NA,NA,-0.149813573863866,0.41496118516909,NA,NA,NA,NA,NA,NA,NA,NA,NA,NA,NA,NA,-0.808421177112708,0.517681666431743,NA,NA,NA,NA,NA,NA,NA,NA,NA,NA,NA,NA,0.279680079337038,0.143284085132825,NA,NA,-1.01148948050977,0.207198758351792,NA,NA,0.111735613925843,0.15561209312079,NA,NA,NA,NA,NA,NA,NA,NA,-0.663805299072615,0.592721655727716,0,29.6317558787448,206.719268155131,8,61,429.438536310262,5.92801032547618,0.00463307557128656,NA,0.883057478175593
"2","2","~1 ~ Tmin ~ Tmin ~ Tmin",NA,NA,NA,NA,NA,NA,-0.346269738030069,0.399113786627305,NA,NA,NA,NA,-0.505722077251338,0.414297683452878,NA,NA,NA,NA,NA,NA,NA,NA,NA,NA,-0.6847791539979,0.461042935164417,NA,NA,NA,NA,-0.11062401116668,0.435047806911852,NA,NA,NA,NA,NA,NA,NA,NA,NA,NA,-0.91061815325076,0.189215593153713,NA,NA,NA,NA,-0.167390023680185,0.169461104781915,NA,NA,NA,NA,NA,NA,-0.686905614791657,0.587214306678621,0,18.2766326348303,207.786085228536,7,61,429.572170457072,6.06164447228662,0.00433362270404043,NA,0.887391100879633
"62","62","~1 ~ Tmin^2 ~ Tmin^2 ~ Tmin^2",NA,NA,NA,NA,NA,NA,-0.346269738030069,0.399113786627305,NA,NA,NA,NA,-0.505722077251338,0.414297683452878,NA,NA,NA,NA,NA,NA,NA,NA,NA,NA,-0.6847791539979,0.461042935164417,NA,NA,NA,NA,-0.11062401116668,0.435047806911852,NA,NA,NA,NA,NA,NA,NA,NA,NA,NA,-0.91061815325076,0.189215593153713,NA,NA,NA,NA,-0.167390023680185,0.169461104781915,NA,NA,NA,NA,NA,NA,-0.686905614791657,0.587214306678621,0,18.2766326348303,207.786085228536,7,61,429.572170457072,6.06164447228662,0.00433362270404043,NA,0.891724723583674
"5","5","~Elevation ~ Tmin ~ Tmin ~ Tmin",NA,NA,NA,NA,NA,NA,-0.316945551084545,0.38841344531731,NA,NA,NA,NA,-0.487050319549516,0.407822160551038,NA,NA,NA,NA,NA,NA,NA,NA,NA,NA,-0.654196796439624,0.452367511352038,NA,NA,NA,NA,-0.0854817198098451,0.428791306371618,NA,NA,NA,NA,NA,NA,NA,NA,NA,NA,-0.884661840764266,0.185272111983926,NA,NA,NA,NA,-0.12882745882853,0.169948149817383,NA,NA,NA,NA,1.00350741515537,0.786746911521893,-0.604629452077325,0.618508208826705,0,31.6227580645562,206.822377698638,8,61,429.644755397277,6.13422941249098,0.00417916461761023,NA,0.895903888201284
"65","65","~Elevation^2 ~ Tmin^2 ~ Tmin^2 ~ Tmin^2",NA,NA,NA,NA,NA,NA,-0.316945551084545,0.38841344531731,NA,NA,NA,NA,-0.487050319549516,0.407822160551038,NA,NA,NA,NA,NA,NA,NA,NA,NA,NA,-0.654196796439624,0.452367511352038,NA,NA,NA,NA,-0.0854817198098451,0.428791306371618,NA,NA,NA,NA,NA,NA,NA,NA,NA,NA,-0.884661840764266,0.185272111983926,NA,NA,NA,NA,-0.12882745882853,0.169948149817383,NA,NA,NA,NA,1.00350741515537,0.786746911521893,-0.604629452077325,0.618508208826705,0,31.6227580645562,206.822377698638,8,61,429.644755397277,6.13422941249098,0.00417916461761023,NA,0.900083052818894
"28","28","~1 ~ 1 ~ Biotic + Tmin ~ Biotic + Tmin",NA,NA,NA,NA,NA,NA,-0.167125617443587,0.458709640937085,NA,NA,NA,NA,NA,NA,NA,NA,NA,NA,NA,NA,-0.0572928529750992,0.422193449592612,NA,NA,-0.710274690705273,0.508752601955782,NA,NA,NA,NA,-0.113473650120802,0.458975515948664,NA,NA,NA,NA,NA,NA,0.244038019344377,0.152927300481692,NA,NA,-1.06974430555931,0.21457212416788,NA,NA,NA,NA,-0.172179120523726,0.175944112858665,NA,NA,NA,NA,NA,NA,-0.661762556202698,0.589479825738241,0,29.8740393440722,206.88261359542,8,61,429.76522719084,6.25470120605473,0.00393486068641166,NA,0.904017913505306
"85","85","~1 ~ 1 ~ Biotic + Tmin^2 ~ Biotic + Tmin^2",NA,NA,NA,NA,NA,NA,-0.167125617443587,0.458709640937085,NA,NA,NA,NA,NA,NA,NA,NA,NA,NA,NA,NA,-0.0572928529750992,0.422193449592612,NA,NA,-0.710274690705273,0.508752601955782,NA,NA,NA,NA,-0.113473650120802,0.458975515948664,NA,NA,NA,NA,NA,NA,0.244038019344377,0.152927300481692,NA,NA,-1.06974430555931,0.21457212416788,NA,NA,NA,NA,-0.172179120523726,0.175944112858665,NA,NA,NA,NA,NA,NA,-0.661762556202698,0.589479825738241,0,29.8740393440722,206.88261359542,8,61,429.76522719084,6.25470120605473,0.00393486068641166,NA,0.907952774191718
"33","33","~1 ~ Biotic * Tmin ~ 1 ~ Biotic * Tmin",-0.489817340257961,0.621850591186103,0.283108519868752,0.443089733320141,NA,NA,-0.426439771011213,0.43659864018838,NA,NA,NA,NA,-0.281253759080372,0.456554591985993,NA,NA,NA,NA,NA,NA,NA,NA,NA,NA,-0.723550647781996,0.467566410288244,NA,NA,NA,NA,NA,NA,NA,NA,NA,NA,0.181426657230561,0.153971219431663,0.283587751913249,0.14740760242209,NA,NA,-1.02242242533743,0.20204601696586,NA,NA,NA,NA,-0.207205859656367,0.178795243524295,NA,NA,NA,NA,NA,NA,-0.659605658833392,0.590493020566128,0,47.6707803971585,204.890674041082,10,61,429.781348082163,6.27082209737779,0.00390327143840302,NA,0.911856045630121
"90","90","~1 ~ Biotic * Tmin^2 ~ 1 ~ Biotic * Tmin^2",-0.489817340257961,0.621850591186103,0.283108519868752,0.443089733320141,NA,NA,-0.426439771011213,0.43659864018838,NA,NA,NA,NA,-0.281253759080372,0.456554591985993,NA,NA,NA,NA,NA,NA,NA,NA,NA,NA,-0.723550647781996,0.467566410288244,NA,NA,NA,NA,NA,NA,NA,NA,NA,NA,0.181426657230561,0.153971219431663,0.283587751913249,0.14740760242209,NA,NA,-1.02242242533743,0.20204601696586,NA,NA,NA,NA,-0.207205859656367,0.178795243524295,NA,NA,NA,NA,NA,NA,-0.659605658833392,0.590493020566128,0,47.6707803971585,204.890674041082,10,61,429.781348082163,6.27082209737779,0.00390327143840302,NA,0.915759317068524
"9","9","~1 ~ Tmax ~ 1 ~ Tmax",NA,NA,NA,NA,NA,NA,-0.403601136216591,0.387520935973999,NA,NA,-0.16117326635286,0.373461582808284,NA,NA,NA,NA,NA,NA,NA,NA,NA,NA,NA,NA,-0.787452728084026,0.501760227820975,NA,NA,NA,NA,NA,NA,NA,NA,NA,NA,NA,NA,NA,NA,NA,NA,-0.865619074589837,0.18496987675901,NA,NA,0.0897148219362075,0.156533445245863,NA,NA,NA,NA,NA,NA,NA,NA,-0.752601652894812,0.574432688650297,0,16.1065821412821,208.944283895348,6,61,429.888567790695,6.37804180590973,0.00369952775458307,NA,0.919458844823107
"69","69","~1 ~ Tmax^2 ~ 1 ~ Tmax^2",NA,NA,NA,NA,NA,NA,-0.403601136216591,0.387520935973999,NA,NA,-0.16117326635286,0.373461582808284,NA,NA,NA,NA,NA,NA,NA,NA,NA,NA,NA,NA,-0.787452728084026,0.501760227820975,NA,NA,NA,NA,NA,NA,NA,NA,NA,NA,NA,NA,NA,NA,NA,NA,-0.865619074589837,0.18496987675901,NA,NA,0.0897148219362075,0.156533445245863,NA,NA,NA,NA,NA,NA,NA,NA,-0.752601652894812,0.574432688650297,0,16.1065821412821,208.944283895348,6,61,429.888567790695,6.37804180590973,0.00369952775458307,NA,0.92315837257769
"36","36","~Elevation ~ Biotic * Tmin ~ 1 ~ Biotic * Tmin",-0.63962128279876,0.705952290246633,0.300494398930682,0.522550645022971,NA,NA,-0.393366740637156,0.429075860852853,NA,NA,NA,NA,-0.240537463500228,0.447232080523782,NA,NA,NA,NA,NA,NA,NA,NA,NA,NA,-0.690119302023357,0.458671140382197,NA,NA,NA,NA,NA,NA,NA,NA,NA,NA,0.1810814408131,0.157882699940804,0.269723548890354,0.147401193794049,NA,NA,-1.00054138315757,0.200205801770464,NA,NA,NA,NA,-0.173161471857256,0.181109941177932,NA,NA,NA,NA,1.02264451380861,0.809936125051556,-0.569157239681946,0.638085680000357,0,77.2125687725898,203.962591162305,11,61,429.925182324611,6.41465633982529,0.003632415705865,NA,0.926790788283555
"93","93","~Elevation^2 ~ Biotic * Tmin^2 ~ 1 ~ Biotic * Tmin^2",-0.63962128279876,0.705952290246633,0.300494398930682,0.522550645022971,NA,NA,-0.393366740637156,0.429075860852853,NA,NA,NA,NA,-0.240537463500228,0.447232080523782,NA,NA,NA,NA,NA,NA,NA,NA,NA,NA,-0.690119302023357,0.458671140382197,NA,NA,NA,NA,NA,NA,NA,NA,NA,NA,0.1810814408131,0.157882699940804,0.269723548890354,0.147401193794049,NA,NA,-1.00054138315757,0.200205801770464,NA,NA,NA,NA,-0.173161471857256,0.181109941177932,NA,NA,NA,NA,1.02264451380861,0.809936125051556,-0.569157239681946,0.638085680000357,0,77.2125687725898,203.962591162305,11,61,429.925182324611,6.41465633982529,0.003632415705865,NA,0.93042320398942
"31","31","~Elevation ~ 1 ~ Biotic + Tmin ~ Biotic + Tmin",NA,NA,NA,NA,NA,NA,-0.184230335946019,0.447352850596206,NA,NA,NA,NA,NA,NA,NA,NA,NA,NA,NA,NA,-0.116069859152885,0.433700938430213,NA,NA,-0.672276792360372,0.494071269902884,NA,NA,NA,NA,-0.0789698631004654,0.457281734494507,NA,NA,NA,NA,NA,NA,0.227964768198143,0.154198540877861,NA,NA,-1.03511140565219,0.209429492247892,NA,NA,NA,NA,-0.131237534451712,0.178991884640172,NA,NA,NA,NA,0.996151409093024,0.797808898083469,-0.591262871558618,0.619315578222761,0,51.5503003991919,205.969434077819,9,61,429.938868155638,6.42834217085226,0.00360764424325405,NA,0.934030848232674
"88","88","~Elevation^2 ~ 1 ~ Biotic + Tmin^2 ~ Biotic + Tmin^2",NA,NA,NA,NA,NA,NA,-0.184230335946019,0.447352850596206,NA,NA,NA,NA,NA,NA,NA,NA,NA,NA,NA,NA,-0.116069859152885,0.433700938430213,NA,NA,-0.672276792360372,0.494071269902884,NA,NA,NA,NA,-0.0789698631004654,0.457281734494507,NA,NA,NA,NA,NA,NA,0.227964768198143,0.154198540877861,NA,NA,-1.03511140565219,0.209429492247892,NA,NA,NA,NA,-0.131237534451712,0.178991884640172,NA,NA,NA,NA,0.996151409093024,0.797808898083469,-0.591262871558618,0.619315578222761,0,51.5503003991919,205.969434077819,9,61,429.938868155638,6.42834217085226,0.00360764424325405,NA,0.937638492475928
"14","14","~1 ~ Tvar ~ Tvar ~ Tvar",NA,NA,NA,NA,NA,NA,-0.297662681082313,0.41184262931005,NA,NA,NA,NA,NA,NA,NA,NA,0.494810812705603,0.518395642696852,NA,NA,NA,NA,NA,NA,-0.664912411194877,0.508121951251248,NA,NA,NA,NA,NA,NA,NA,NA,0.0486763319868158,0.593223293378179,NA,NA,NA,NA,NA,NA,-0.835635803634294,0.183606148337965,NA,NA,NA,NA,NA,NA,NA,NA,0.235309139346709,0.213413340259558,NA,NA,-0.761735353212715,0.572307655556619,0,20.5026497732489,207.973890233292,7,61,429.947780466584,6.43725448179833,0.00359160378554478,NA,0.941230096261473
"74","74","~1 ~ Tvar^2 ~ Tvar^2 ~ Tvar^2",NA,NA,NA,NA,NA,NA,-0.297662681082313,0.41184262931005,NA,NA,NA,NA,NA,NA,NA,NA,0.494810812705603,0.518395642696852,NA,NA,NA,NA,NA,NA,-0.664912411194877,0.508121951251248,NA,NA,NA,NA,NA,NA,NA,NA,0.0486763319868158,0.593223293378179,NA,NA,NA,NA,NA,NA,-0.835635803634294,0.183606148337965,NA,NA,NA,NA,NA,NA,NA,NA,0.235309139346709,0.213413340259558,NA,NA,-0.761735353212715,0.572307655556619,0,20.5026497732489,207.973890233292,7,61,429.947780466584,6.43725448179833,0.00359160378554478,NA,0.944821700047017
"10","10","~1 ~ 1 ~ Tmax ~ Tmax",NA,NA,NA,NA,NA,NA,-0.398328400868552,0.391515486785703,NA,NA,NA,NA,NA,NA,NA,NA,NA,NA,NA,NA,NA,NA,NA,NA,-0.796420251655518,0.514404511053085,NA,NA,0.0373978959901184,0.461145078346702,NA,NA,NA,NA,NA,NA,NA,NA,NA,NA,NA,NA,-0.869288701903313,0.185929617635175,NA,NA,0.0946520618556253,0.167784826724545,NA,NA,NA,NA,NA,NA,NA,NA,-0.756731406467607,0.57284660461258,0,16.2272711415709,209.034949659329,6,61,430.069899318658,6.55937333387237,0.00337886351107366,NA,0.948200563558091
"70","70","~1 ~ 1 ~ Tmax^2 ~ Tmax^2",NA,NA,NA,NA,NA,NA,-0.398328400868552,0.391515486785703,NA,NA,NA,NA,NA,NA,NA,NA,NA,NA,NA,NA,NA,NA,NA,NA,-0.796420251655518,0.514404511053085,NA,NA,0.0373978959901184,0.461145078346702,NA,NA,NA,NA,NA,NA,NA,NA,NA,NA,NA,NA,-0.869288701903313,0.185929617635175,NA,NA,0.0946520618556253,0.167784826724545,NA,NA,NA,NA,NA,NA,NA,NA,-0.756731406467607,0.57284660461258,0,16.2272711415709,209.034949659329,6,61,430.069899318658,6.55937333387237,0.00337886351107366,NA,0.951579427069165
"40","40","~1 ~ 1 ~ Tmax + Biotic ~ Tmax + Biotic",NA,NA,NA,NA,NA,NA,-0.311185062265374,0.440902159665324,NA,NA,NA,NA,NA,NA,NA,NA,NA,NA,NA,NA,-0.167658095999962,0.533668068025236,NA,NA,-0.793734891170707,0.542966940526264,NA,NA,-0.0125937652794166,0.518752587427278,NA,NA,NA,NA,NA,NA,NA,NA,0.25133226063957,0.171332084033824,NA,NA,-1.01143311778899,0.207488643879301,NA,NA,0.12558337958164,0.178944132089143,NA,NA,NA,NA,NA,NA,NA,NA,-0.710919874446579,0.582773157194687,0,33.2994264325778,207.042837489157,8,61,430.085674978313,6.57514899352782,0.00335231644768806,NA,0.954931743516853
"97","97","~1 ~ 1 ~ Tmax^2 + Biotic ~ Tmax^2 + Biotic",NA,NA,NA,NA,NA,NA,-0.311185062265374,0.440902159665324,NA,NA,NA,NA,NA,NA,NA,NA,NA,NA,NA,NA,-0.167658095999962,0.533668068025236,NA,NA,-0.793734891170707,0.542966940526264,NA,NA,-0.0125937652794166,0.518752587427278,NA,NA,NA,NA,NA,NA,NA,NA,0.25133226063957,0.171332084033824,NA,NA,-1.01143311778899,0.207488643879301,NA,NA,0.12558337958164,0.178944132089143,NA,NA,NA,NA,NA,NA,NA,NA,-0.710919874446579,0.582773157194687,0,33.2994264325778,207.042837489157,8,61,430.085674978313,6.57514899352782,0.00335231644768806,NA,0.958284059964541
"56","56","~1 ~ Tvar + Biotic ~ Tvar + Biotic ~ Tvar + Biotic",NA,NA,0.418532847325281,0.376344790247335,NA,NA,-0.250222480131327,0.477686424623284,NA,NA,NA,NA,NA,NA,NA,NA,0.761234303246413,0.716408555948257,NA,NA,-0.199398966604469,0.405422220371501,NA,NA,-0.549051332055927,0.502959377794173,NA,NA,NA,NA,NA,NA,NA,NA,0.024425234859649,0.632060338811097,NA,NA,0.244969578327574,0.152936533277699,NA,NA,-0.956607140631041,0.20413073248281,NA,NA,NA,NA,NA,NA,NA,NA,0.280284212829347,0.214807657586883,NA,NA,-0.693505325893108,0.589782830783739,0,58.8682113998409,205.120474743825,10,61,430.240949487651,6.73042350286511,0.00310189845575572,NA,0.961385958420297
"109","109","~1 ~ Tvar^2 + Biotic ~ Tvar^2 + Biotic ~ Tvar^2 + Biotic",NA,NA,0.418532847325281,0.376344790247335,NA,NA,-0.250222480131327,0.477686424623284,NA,NA,NA,NA,NA,NA,NA,NA,0.761234303246413,0.716408555948257,NA,NA,-0.199398966604469,0.405422220371501,NA,NA,-0.549051332055927,0.502959377794173,NA,NA,NA,NA,NA,NA,NA,NA,0.024425234859649,0.632060338811097,NA,NA,0.244969578327574,0.152936533277699,NA,NA,-0.956607140631041,0.20413073248281,NA,NA,NA,NA,NA,NA,NA,NA,0.280284212829347,0.214807657586883,NA,NA,-0.693505325893108,0.589782830783739,0,58.8682113998409,205.120474743825,10,61,430.240949487651,6.73042350286511,0.00310189845575572,NA,0.964487856876052
"55","55","~Elevation ~ 1 ~ Tvar * Biotic ~ Tvar * Biotic",NA,NA,NA,NA,NA,NA,-0.212460574000561,0.445549687108355,NA,NA,NA,NA,NA,NA,NA,NA,NA,NA,NA,NA,-0.0216752061355643,0.494062629735445,NA,NA,-0.939383725981673,0.667178626783564,NA,NA,NA,NA,NA,NA,0.0703517281094535,0.467178152705103,-0.351646257267345,0.722632939005086,NA,NA,0.345967951461725,0.165485554888813,NA,NA,-1.03428503163521,0.20742661865126,NA,NA,NA,NA,NA,NA,0.203523616527504,0.201658532048461,0.221293091695653,0.199412290178868,1.19676240499187,0.853623954536231,-0.496695129406958,0.656191237646987,0,70.3012518335245,204.516368400469,11,61,431.032736800938,7.52221081615272,0.00208782044486961,NA,0.966575677320922
"108","108","~Elevation^2 ~ 1 ~ Tvar^2 * Biotic ~ Tvar^2 * Biotic",NA,NA,NA,NA,NA,NA,-0.212460574000561,0.445549687108355,NA,NA,NA,NA,NA,NA,NA,NA,NA,NA,NA,NA,-0.0216752061355643,0.494062629735445,NA,NA,-0.939383725981673,0.667178626783564,NA,NA,NA,NA,NA,NA,0.0703517281094535,0.467178152705103,-0.351646257267345,0.722632939005086,NA,NA,0.345967951461725,0.165485554888813,NA,NA,-1.03428503163521,0.20742661865126,NA,NA,NA,NA,NA,NA,0.203523616527504,0.201658532048461,0.221293091695653,0.199412290178868,1.19676240499187,0.853623954536231,-0.496695129406958,0.656191237646987,0,70.3012518335245,204.516368400469,11,61,431.032736800938,7.52221081615272,0.00208782044486961,NA,0.968663497765792
"11","11","~Elevation ~ Tmax ~ Tmax ~ Tmax",NA,NA,NA,NA,NA,NA,-0.404557383456196,0.388506572629731,NA,NA,-0.0982727642152051,0.39830270595459,NA,NA,NA,NA,NA,NA,NA,NA,NA,NA,NA,NA,-0.800187671052207,0.518408465193107,NA,NA,0.0699846362047468,0.481603893066685,NA,NA,NA,NA,NA,NA,NA,NA,NA,NA,NA,NA,-0.861615686912872,0.185093365928695,NA,NA,0.13959894432038,0.171281121126172,NA,NA,NA,NA,NA,NA,1.21854028573453,0.839556261765126,-0.530118220171846,0.656077210807419,0,35.668274786108,207.554206817772,8,61,431.108413635545,7.59788765075911,0.00201029656343133,NA,0.970673794329223
"71","71","~Elevation^2 ~ Tmax^2 ~ Tmax^2 ~ Tmax^2",NA,NA,NA,NA,NA,NA,-0.404557383456196,0.388506572629731,NA,NA,-0.0982727642152051,0.39830270595459,NA,NA,NA,NA,NA,NA,NA,NA,NA,NA,NA,NA,-0.800187671052207,0.518408465193107,NA,NA,0.0699846362047468,0.481603893066685,NA,NA,NA,NA,NA,NA,NA,NA,NA,NA,NA,NA,-0.861615686912872,0.185093365928695,NA,NA,0.13959894432038,0.171281121126172,NA,NA,NA,NA,NA,NA,1.21854028573453,0.839556261765126,-0.530118220171846,0.656077210807419,0,35.668274786108,207.554206817772,8,61,431.108413635545,7.59788765075911,0.00201029656343133,NA,0.972684090892654
"52","52","~1 ~ 1 ~ Tvar * Biotic ~ Tvar * Biotic",NA,NA,NA,NA,NA,NA,-0.244453783583026,0.449264961585749,NA,NA,NA,NA,NA,NA,NA,NA,NA,NA,NA,NA,0.0572613578386217,0.484243273363953,NA,NA,-1.03322447401598,0.703666430399271,NA,NA,NA,NA,NA,NA,0.093199845158079,0.483853953412823,-0.434956901693594,0.776519423537998,NA,NA,0.364951742181197,0.158406551536234,NA,NA,-1.05233304514124,0.206474492784878,NA,NA,NA,NA,NA,NA,0.214679177617739,0.191246941993216,0.185316683905573,0.192885988191854,NA,NA,-0.678455000654108,0.580940441452844,0,80.5921402846511,205.738907856902,10,61,431.477815713805,7.96728972901906,0.00167126565403554,NA,0.97435535654669
"105","105","~1 ~ 1 ~ Tvar^2 * Biotic ~ Tvar^2 * Biotic",NA,NA,NA,NA,NA,NA,-0.244453783583026,0.449264961585749,NA,NA,NA,NA,NA,NA,NA,NA,NA,NA,NA,NA,0.0572613578386217,0.484243273363953,NA,NA,-1.03322447401598,0.703666430399271,NA,NA,NA,NA,NA,NA,0.093199845158079,0.483853953412823,-0.434956901693594,0.776519423537998,NA,NA,0.364951742181197,0.158406551536234,NA,NA,-1.05233304514124,0.206474492784878,NA,NA,NA,NA,NA,NA,0.214679177617739,0.191246941993216,0.185316683905573,0.192885988191854,NA,NA,-0.678455000654108,0.580940441452844,0,80.5921402846511,205.738907856902,10,61,431.477815713805,7.96728972901906,0.00167126565403554,NA,0.976026622200725
"26","26","~1 ~ Biotic + Tmin ~ Biotic + Tmin ~ Biotic + Tmin",NA,NA,0.846760795734833,0.937318689505436,NA,NA,-0.846483931031943,0.706367223424085,NA,NA,NA,NA,-0.604165921801602,0.488628400664831,NA,NA,NA,NA,NA,NA,0.29751367285939,0.372296715381741,NA,NA,-1.17608973746847,0.641901717637123,NA,NA,NA,NA,-0.355269605093153,0.555107082760249,NA,NA,NA,NA,NA,NA,0.308837070148189,0.130479982160063,NA,NA,-1.11857307585949,0.198287041550007,NA,NA,NA,NA,-0.167294177573217,0.17561010681435,NA,NA,NA,NA,NA,NA,-0.431290141550875,0.592484583642261,0,130.700541994848,205.743785516979,10,61,431.487571033958,7.97704504917277,0.00166313363700721,NA,0.977689755837733
"83","83","~1 ~ Biotic + Tmin^2 ~ Biotic + Tmin^2 ~ Biotic + Tmin^2",NA,NA,0.846760795734833,0.937318689505436,NA,NA,-0.846483931031943,0.706367223424085,NA,NA,NA,NA,-0.604165921801602,0.488628400664831,NA,NA,NA,NA,NA,NA,0.29751367285939,0.372296715381741,NA,NA,-1.17608973746847,0.641901717637123,NA,NA,NA,NA,-0.355269605093153,0.555107082760249,NA,NA,NA,NA,NA,NA,0.308837070148189,0.130479982160063,NA,NA,-1.11857307585949,0.198287041550007,NA,NA,NA,NA,-0.167294177573217,0.17561010681435,NA,NA,NA,NA,NA,NA,-0.431290141550875,0.592484583642261,0,130.700541994848,205.743785516979,10,61,431.487571033958,7.97704504917277,0.00166313363700721,NA,0.97935288947474
"8","8","~1 ~ Tmax ~ Tmax ~ Tmax",NA,NA,NA,NA,NA,NA,-0.404052910499864,0.387751313391713,NA,NA,-0.162942514445177,0.382514907032345,NA,NA,NA,NA,NA,NA,NA,NA,NA,NA,NA,NA,-0.788547028024418,0.504161322245409,NA,NA,-0.00919858591809663,0.46022360792628,NA,NA,NA,NA,NA,NA,NA,NA,NA,NA,NA,NA,-0.865506251865178,0.184967327078483,NA,NA,0.0885776359853782,0.166018086184953,NA,NA,NA,NA,NA,NA,NA,NA,-0.752244968137738,0.574603178994944,0,16.4522724411101,208.94408039397,7,61,431.88816078794,8.37763480315425,0.00136125719248356,NA,0.980714146667223
"68","68","~1 ~ Tmax^2 ~ Tmax^2 ~ Tmax^2",NA,NA,NA,NA,NA,NA,-0.404052910499864,0.387751313391713,NA,NA,-0.162942514445177,0.382514907032345,NA,NA,NA,NA,NA,NA,NA,NA,NA,NA,NA,NA,-0.788547028024418,0.504161322245409,NA,NA,-0.00919858591809663,0.46022360792628,NA,NA,NA,NA,NA,NA,NA,NA,NA,NA,NA,NA,-0.865506251865178,0.184967327078483,NA,NA,0.0885776359853782,0.166018086184953,NA,NA,NA,NA,NA,NA,NA,NA,-0.752244968137738,0.574603178994944,0,16.4522724411101,208.94408039397,7,61,431.88816078794,8.37763480315425,0.00136125719248356,NA,0.982075403859707
"29","29","~Elevation ~ Biotic + Tmin ~ Biotic + Tmin ~ Biotic + Tmin",NA,NA,0.169219142683027,0.354074573617542,NA,NA,-0.299532243645153,0.428990094597806,NA,NA,NA,NA,-0.45904221830122,0.42077914900364,NA,NA,NA,NA,NA,NA,-0.0861296427785676,0.407461810547056,NA,NA,-0.642257470440477,0.485522316709882,NA,NA,NA,NA,-0.12770531323839,0.433608292101258,NA,NA,NA,NA,NA,NA,0.225951859220138,0.152304295319652,NA,NA,-0.992573879131558,0.206755889341988,NA,NA,NA,NA,-0.10526181277881,0.172349938634283,NA,NA,NA,NA,0.952294563776219,0.821059037174191,-0.581873960537289,0.619908920516468,0,55.0927679201291,205.122625273367,11,61,432.245250546734,8.73472456194833,0.00113867328499267,NA,0.983214077144699
"86","86","~Elevation^2 ~ Biotic + Tmin^2 ~ Biotic + Tmin^2 ~ Biotic + Tmin^2",NA,NA,0.169219142683027,0.354074573617542,NA,NA,-0.299532243645153,0.428990094597806,NA,NA,NA,NA,-0.45904221830122,0.42077914900364,NA,NA,NA,NA,NA,NA,-0.0861296427785676,0.407461810547056,NA,NA,-0.642257470440477,0.485522316709882,NA,NA,NA,NA,-0.12770531323839,0.433608292101258,NA,NA,NA,NA,NA,NA,0.225951859220138,0.152304295319652,NA,NA,-0.992573879131558,0.206755889341988,NA,NA,NA,NA,-0.10526181277881,0.172349938634283,NA,NA,NA,NA,0.952294563776219,0.821059037174191,-0.581873960537289,0.619908920516468,0,55.0927679201291,205.122625273367,11,61,432.245250546734,8.73472456194833,0.00113867328499267,NA,0.984352750429692
"34","34","~1 ~ 1 ~ Biotic * Tmin ~ Biotic * Tmin",NA,NA,NA,NA,NA,NA,-0.171980000520107,0.454005189557698,NA,NA,NA,NA,NA,NA,NA,NA,NA,NA,-0.13708836487875,0.429693874913414,-0.0630112332746964,0.457218811906912,NA,NA,-0.731760134219237,0.517173918780011,NA,NA,NA,NA,-0.082537473018382,0.47131645756593,NA,NA,NA,NA,0.162564491177887,0.159172562769139,0.297472701056829,0.161695670906266,NA,NA,-1.06879761465126,0.214988456702854,NA,NA,NA,NA,-0.246321032308291,0.18867193987631,NA,NA,NA,NA,NA,NA,-0.665313238845888,0.590214308943392,0,43.8160801271895,206.186360411904,10,61,432.372720823808,8.86219483902266,0.00106836416518041,NA,0.985421114594873
"91","91","~1 ~ 1 ~ Biotic * Tmin^2 ~ Biotic * Tmin^2",NA,NA,NA,NA,NA,NA,-0.171980000520107,0.454005189557698,NA,NA,NA,NA,NA,NA,NA,NA,NA,NA,-0.13708836487875,0.429693874913414,-0.0630112332746964,0.457218811906912,NA,NA,-0.731760134219237,0.517173918780011,NA,NA,NA,NA,-0.082537473018382,0.47131645756593,NA,NA,NA,NA,0.162564491177887,0.159172562769139,0.297472701056829,0.161695670906266,NA,NA,-1.06879761465126,0.214988456702854,NA,NA,NA,NA,-0.246321032308291,0.18867193987631,NA,NA,NA,NA,NA,NA,-0.665313238845888,0.590214308943392,0,43.8160801271895,206.186360411904,10,61,432.372720823808,8.86219483902266,0.00106836416518041,NA,0.986489478760053
"49","49","~Elevation ~ 1 ~ Tmax * Biotic ~ Tmax * Biotic",NA,NA,NA,NA,NA,NA,-0.350964019677042,0.467277039703028,NA,NA,NA,NA,NA,NA,NA,NA,NA,NA,NA,NA,-0.264565135256654,0.634167145581412,NA,NA,-0.831714704850467,0.62247918500742,-0.0545032967863181,0.46801887159781,0.107280617565547,0.590705167815421,NA,NA,NA,NA,NA,NA,NA,NA,0.250486160911982,0.179941252662955,NA,NA,-0.996212711532472,0.208328108812593,0.112567579097569,0.153724645728211,0.115765833204618,0.215369449028423,NA,NA,NA,NA,NA,NA,1.22398313600877,0.863851198810873,-0.500487181194675,0.660612126074727,0,93.7158461639951,205.274517815343,11,61,432.549035630687,9.03850964590129,0.000978212118494921,NA,0.987467690878548
"102","102","~Elevation^2 ~ 1 ~ Tmax^2 * Biotic ~ Tmax^2 * Biotic",NA,NA,NA,NA,NA,NA,-0.350964019677042,0.467277039703028,NA,NA,NA,NA,NA,NA,NA,NA,NA,NA,NA,NA,-0.264565135256654,0.634167145581412,NA,NA,-0.831714704850467,0.62247918500742,-0.0545032967863181,0.46801887159781,0.107280617565547,0.590705167815421,NA,NA,NA,NA,NA,NA,NA,NA,0.250486160911982,0.179941252662955,NA,NA,-0.996212711532472,0.208328108812593,0.112567579097569,0.153724645728211,0.115765833204618,0.215369449028423,NA,NA,NA,NA,NA,NA,1.22398313600877,0.863851198810873,-0.500487181194675,0.660612126074727,0,93.7158461639951,205.274517815343,11,61,432.549035630687,9.03850964590129,0.000978212118494921,NA,0.988445902997043
"37","37","~Elevation ~ 1 ~ Biotic * Tmin ~ Biotic * Tmin",NA,NA,NA,NA,NA,NA,-0.173732872712832,0.441155279076666,NA,NA,NA,NA,NA,NA,NA,NA,NA,NA,-0.227356110325423,0.437256316043731,-0.168993952725528,0.459867830189397,NA,NA,-0.672777197350693,0.495467502668073,NA,NA,NA,NA,-0.0266758293213094,0.462454965276003,NA,NA,NA,NA,0.146561549666998,0.159173618429809,0.274425768732433,0.159761092396518,NA,NA,-1.0334943337964,0.209692912454675,NA,NA,NA,NA,-0.203925622661151,0.190523978549716,NA,NA,NA,NA,0.997675895414389,0.794510246921558,-0.606643008688956,0.616161727877616,0,65.5741766065272,205.280112888111,11,61,432.560225776223,9.04969979143709,0.000972754233379863,NA,0.989418657230423
"94","94","~Elevation^2 ~ 1 ~ Biotic * Tmin^2 ~ Biotic * Tmin^2",NA,NA,NA,NA,NA,NA,-0.173732872712832,0.441155279076666,NA,NA,NA,NA,NA,NA,NA,NA,NA,NA,-0.227356110325423,0.437256316043731,-0.168993952725528,0.459867830189397,NA,NA,-0.672777197350693,0.495467502668073,NA,NA,NA,NA,-0.0266758293213094,0.462454965276003,NA,NA,NA,NA,0.146561549666998,0.159173618429809,0.274425768732433,0.159761092396518,NA,NA,-1.0334943337964,0.209692912454675,NA,NA,NA,NA,-0.203925622661151,0.190523978549716,NA,NA,NA,NA,0.997675895414389,0.794510246921558,-0.606643008688956,0.616161727877616,0,65.5741766065272,205.280112888111,11,61,432.560225776223,9.04969979143709,0.000972754233379863,NA,0.990391411463802
"44","44","~1 ~ Tmax * Biotic ~ Tmax * Biotic ~ Tmax * Biotic",NA,NA,0.76865431680757,0.757221011211555,NA,NA,-0.959084591456796,0.558005023267733,-1.18780567479036,0.785274934531265,0.0559502657654498,0.482207484601721,NA,NA,NA,NA,NA,NA,NA,NA,-0.143572838324174,0.450380408424156,NA,NA,-0.77137817555364,0.526437171180726,-0.194720541533495,0.427750620768411,-0.026381466178503,0.511241269716572,NA,NA,NA,NA,NA,NA,NA,NA,0.229757196761674,0.172107811430309,NA,NA,-0.920821437908778,0.198420969012745,0.0873153909982866,0.163385024267461,0.0677173039865524,0.197409834668003,NA,NA,NA,NA,NA,NA,NA,NA,-0.727811574848041,0.591065818253045,0,146.652580148444,203.295736921221,13,61,432.591473842442,9.08094785765661,0.000957674002809602,NA,0.991349085466612
"53","53","~Elevation ~ Tvar * Biotic ~ Tvar * Biotic ~ Tvar * Biotic",NA,NA,0.68340189069764,0.458795063009937,NA,NA,-0.533039138135632,0.520010249764955,NA,NA,NA,NA,NA,NA,-0.669590549729642,0.548371679683418,0.765774707791454,0.619223081228625,NA,NA,-0.317294570161443,0.50878041085139,NA,NA,-0.529069970308321,0.48604087611161,NA,NA,NA,NA,NA,NA,-0.493600561083081,0.660126730662788,0.112378191091961,0.630291182653634,NA,NA,0.240143613717995,0.224641928124866,NA,NA,-0.909685714063002,0.194472101345502,NA,NA,NA,NA,NA,NA,0.111157546861477,0.402704514228578,0.191632359758955,0.268466954909776,1.16837164920217,0.812174036452742,-0.546166697158394,0.647639911477917,0,66.5615788526754,202.412074734208,14,61,432.824149468415,9.3136234836295,0.000852496938313463,NA,0.992201582404926
"106","106","~Elevation^2 ~ Tvar^2 * Biotic ~ Tvar^2 * Biotic ~ Tvar^2 * Biotic",NA,NA,0.68340189069764,0.458795063009937,NA,NA,-0.533039138135632,0.520010249764955,NA,NA,NA,NA,NA,NA,-0.669590549729642,0.548371679683418,0.765774707791454,0.619223081228625,NA,NA,-0.317294570161443,0.50878041085139,NA,NA,-0.529069970308321,0.48604087611161,NA,NA,NA,NA,NA,NA,-0.493600561083081,0.660126730662788,0.112378191091961,0.630291182653634,NA,NA,0.240143613717995,0.224641928124866,NA,NA,-0.909685714063002,0.194472101345502,NA,NA,NA,NA,NA,NA,0.111157546861477,0.402704514228578,0.191632359758955,0.268466954909776,1.16837164920217,0.812174036452742,-0.546166697158394,0.647639911477917,0,66.5615788526754,202.412074734208,14,61,432.824149468415,9.3136234836295,0.000852496938313463,NA,0.993054079343239
"38","38","~1 ~ Tmax + Biotic ~ Tmax + Biotic ~ Tmax + Biotic",NA,NA,0.816039351488598,0.667397507019846,NA,NA,-0.969488089604883,0.657315660091174,NA,NA,-0.449393445997684,0.524283620982102,NA,NA,NA,NA,NA,NA,NA,NA,0.340025097849831,0.369441744432946,NA,NA,-1.33362538226123,0.597953544357283,NA,NA,-0.407080115458983,0.47937162677015,NA,NA,NA,NA,NA,NA,NA,NA,0.359848480352533,0.129344048969213,NA,NA,-1.10496443330223,0.184876093462194,NA,NA,0.049799519515318,0.158712653003597,NA,NA,NA,NA,NA,NA,NA,NA,-0.445277431271287,0.589159586180521,0,83.4453050185751,206.462405113946,10,61,432.924810227892,9.41428424310607,0.000810652304677742,NA,0.993864731647917
"95","95","~1 ~ Tmax^2 + Biotic ~ Tmax^2 + Biotic ~ Tmax^2 + Biotic",NA,NA,0.816039351488598,0.667397507019846,NA,NA,-0.969488089604883,0.657315660091174,NA,NA,-0.449393445997684,0.524283620982102,NA,NA,NA,NA,NA,NA,NA,NA,0.340025097849831,0.369441744432946,NA,NA,-1.33362538226123,0.597953544357283,NA,NA,-0.407080115458983,0.47937162677015,NA,NA,NA,NA,NA,NA,NA,NA,0.359848480352533,0.129344048969213,NA,NA,-1.10496443330223,0.184876093462194,NA,NA,0.049799519515318,0.158712653003597,NA,NA,NA,NA,NA,NA,NA,NA,-0.445277431271287,0.589159586180521,0,83.4453050185751,206.462405113946,10,61,432.924810227892,9.41428424310607,0.000810652304677742,NA,0.994675383952595
"98","98","~1 ~ Tmax^2 + Biotic ~ Tmax^2 + Biotic ~ Tmax^2 + Biotic",NA,NA,0.816039351488598,0.667397507019846,NA,NA,-0.969488089604883,0.657315660091174,NA,NA,-0.449393445997684,0.524283620982102,NA,NA,NA,NA,NA,NA,NA,NA,0.340025097849831,0.369441744432946,NA,NA,-1.33362538226123,0.597953544357283,NA,NA,-0.407080115458983,0.47937162677015,NA,NA,NA,NA,NA,NA,NA,NA,0.359848480352533,0.129344048969213,NA,NA,-1.10496443330223,0.184876093462194,NA,NA,0.049799519515318,0.158712653003597,NA,NA,NA,NA,NA,NA,NA,NA,-0.445277431271287,0.589159586180521,0,83.4453050185751,206.462405113946,10,61,432.924810227892,9.41428424310607,0.000810652304677742,NA,0.995486036257272
"46","46","~1 ~ 1 ~ Tmax * Biotic ~ Tmax * Biotic",NA,NA,NA,NA,NA,NA,-0.338553221303858,0.444054641678031,NA,NA,NA,NA,NA,NA,NA,NA,NA,NA,NA,NA,-0.0235797405270359,0.560439219412953,NA,NA,-0.935674441839707,0.644490670677264,0.0658827084315717,0.438241101031487,-0.101172465706081,0.524594772728102,NA,NA,NA,NA,NA,NA,NA,NA,0.307997708525318,0.169588834205574,NA,NA,-1.03241585257109,0.21256070786011,0.15906042929616,0.149902809490893,0.022778722174746,0.188653118732129,NA,NA,NA,NA,NA,NA,NA,NA,-0.654690586387999,0.591771113840667,0,72.1996130164974,206.476761211359,10,61,432.953522422717,9.44299643793164,0.000799097639620769,NA,0.996285133896893
"101","101","~1 ~ 1 ~ Tmax^2 * Biotic ~ Tmax^2 * Biotic",NA,NA,NA,NA,NA,NA,-0.338553221303858,0.444054641678031,NA,NA,NA,NA,NA,NA,NA,NA,NA,NA,NA,NA,-0.0235797405270359,0.560439219412953,NA,NA,-0.935674441839707,0.644490670677264,0.0658827084315717,0.438241101031487,-0.101172465706081,0.524594772728102,NA,NA,NA,NA,NA,NA,NA,NA,0.307997708525318,0.169588834205574,NA,NA,-1.03241585257109,0.21256070786011,0.15906042929616,0.149902809490893,0.022778722174746,0.188653118732129,NA,NA,NA,NA,NA,NA,NA,NA,-0.654690586387999,0.591771113840667,0,72.1996130164974,206.476761211359,10,61,432.953522422717,9.44299643793164,0.000799097639620769,NA,0.997084231536514
"41","41","~Elevation ~ Tmax + Biotic ~ Tmax + Biotic ~ Tmax + Biotic",NA,NA,0.170721343926464,0.35894096828355,NA,NA,-0.378073034404745,0.432233478781322,NA,NA,-0.0404911217644013,0.461359931998404,NA,NA,NA,NA,NA,NA,NA,NA,-0.214775790711591,0.596664741749737,NA,NA,-0.754934546256922,0.544598066653368,NA,NA,0.0476120847362889,0.597407593550732,NA,NA,NA,NA,NA,NA,NA,NA,0.229944902402782,0.17380713168772,NA,NA,-0.97857803399559,0.205633963420705,NA,NA,0.173841859097192,0.195590853659237,NA,NA,NA,NA,NA,NA,1.21247356429108,0.874679607695333,-0.508393558348058,0.664726033750145,0,73.4798060987809,205.494392242321,11,61,432.988784484642,9.47825849985605,0.000785132198720267,NA,0.997869363735234
"50","50","~1 ~ Tvar * Biotic ~ Tvar * Biotic ~ Tvar * Biotic",NA,NA,0.705586213592552,0.454903955714644,NA,NA,-0.535417355684053,0.533896091069465,NA,NA,NA,NA,NA,NA,-0.684921273863924,0.564623981114919,0.793126090160302,0.633342784718011,NA,NA,-0.257709584024673,0.511880657660442,NA,NA,-0.544724892356747,0.497031520545023,NA,NA,NA,NA,NA,NA,-0.449878052571801,0.710742141258996,0.120599594496256,0.627038503819648,NA,NA,0.253817487240229,0.200770972314332,NA,NA,-0.918265824232371,0.19358495326297,NA,NA,NA,NA,NA,NA,0.12641335390358,0.313661033822209,0.153789564756612,0.222599722807407,NA,NA,-0.744793470977806,0.58014267284881,0,63.2746772586016,203.75124811539,13,61,433.50249623078,9.99197024599482,0.000607283805737847,NA,0.998476647540972
"103","103","~1 ~ Tvar^2 * Biotic ~ Tvar^2 * Biotic ~ Tvar^2 * Biotic",NA,NA,0.705586213592552,0.454903955714644,NA,NA,-0.535417355684053,0.533896091069465,NA,NA,NA,NA,NA,NA,-0.684921273863924,0.564623981114919,0.793126090160302,0.633342784718011,NA,NA,-0.257709584024673,0.511880657660442,NA,NA,-0.544724892356747,0.497031520545023,NA,NA,NA,NA,NA,NA,-0.449878052571801,0.710742141258996,0.120599594496256,0.627038503819648,NA,NA,0.253817487240229,0.200770972314332,NA,NA,-0.918265824232371,0.19358495326297,NA,NA,NA,NA,NA,NA,0.12641335390358,0.313661033822209,0.153789564756612,0.222599722807407,NA,NA,-0.744793470977806,0.58014267284881,0,63.2746772586016,203.75124811539,13,61,433.50249623078,9.99197024599482,0.000607283805737847,NA,0.99908393134671
"35","35","~Elevation ~ Biotic * Tmin ~ Biotic * Tmin ~ Biotic * Tmin",-0.658120077569924,0.707703380989455,0.299348905290493,0.516891137264668,NA,NA,-0.393510419740423,0.427187862505018,NA,NA,NA,NA,-0.260114491219221,0.448508995415876,NA,NA,NA,NA,-0.247262597202907,0.426985675482067,-0.133202813059817,0.450405762409352,NA,NA,-0.682829348714253,0.493063496060785,NA,NA,NA,NA,-0.0915334341313692,0.45404725814534,NA,NA,NA,NA,0.16497141250541,0.163931304416639,0.252053518120118,0.158053911765619,NA,NA,-0.989468068821564,0.203836388951223,NA,NA,NA,NA,-0.179234082578141,0.18552709469846,NA,NA,NA,NA,1.04764495149672,0.798534336979995,-0.561570444921007,0.648235640737339,0,81.0888014677663,203.722413052715,14,61,435.44482610543,11.9343001206449,0.00022994296484174,NA,0.999313874311551
"92","92","~Elevation^2 ~ Biotic * Tmin^2 ~ Biotic * Tmin^2 ~ Biotic * Tmin^2",-0.658120077569924,0.707703380989455,0.299348905290493,0.516891137264668,NA,NA,-0.393510419740423,0.427187862505018,NA,NA,NA,NA,-0.260114491219221,0.448508995415876,NA,NA,NA,NA,-0.247262597202907,0.426985675482067,-0.133202813059817,0.450405762409352,NA,NA,-0.682829348714253,0.493063496060785,NA,NA,NA,NA,-0.0915334341313692,0.45404725814534,NA,NA,NA,NA,0.16497141250541,0.163931304416639,0.252053518120118,0.158053911765619,NA,NA,-0.989468068821564,0.203836388951223,NA,NA,NA,NA,-0.179234082578141,0.18552709469846,NA,NA,NA,NA,1.04764495149672,0.798534336979995,-0.561570444921007,0.648235640737339,0,81.0888014677663,203.722413052715,14,61,435.44482610543,11.9343001206449,0.00022994296484174,NA,0.999543817276393
"32","32","~1 ~ Biotic * Tmin ~ Biotic * Tmin ~ Biotic * Tmin",-0.514012030110398,0.625273691363943,0.279230073208664,0.454525746739571,NA,NA,-0.432372814041422,0.440563929260112,NA,NA,NA,NA,-0.286439553683034,0.453897354144008,NA,NA,NA,NA,-0.142824680511406,0.450300105932287,-0.0338392490663425,0.497203036227563,NA,NA,-0.760279453667575,0.540204032754987,NA,NA,NA,NA,-0.150064872517712,0.477334209142918,NA,NA,NA,NA,0.172348258784284,0.163260813220518,0.278876864585966,0.167806738210356,NA,NA,-1.02104369656775,0.210724074087359,NA,NA,NA,NA,-0.220234551086017,0.185583339197018,NA,NA,NA,NA,NA,NA,-0.665198742410732,0.599731128138824,0,60.4203287785157,204.730498093582,13,61,435.460996187164,11.9504702023787,0.000228091361803329,NA,0.999771908638197
"89","89","~1 ~ Biotic * Tmin^2 ~ Biotic * Tmin^2 ~ Biotic * Tmin^2",-0.514012030110398,0.625273691363943,0.279230073208664,0.454525746739571,NA,NA,-0.432372814041422,0.440563929260112,NA,NA,NA,NA,-0.286439553683034,0.453897354144008,NA,NA,NA,NA,-0.142824680511406,0.450300105932287,-0.0338392490663425,0.497203036227563,NA,NA,-0.760279453667575,0.540204032754987,NA,NA,NA,NA,-0.150064872517712,0.477334209142918,NA,NA,NA,NA,0.172348258784284,0.163260813220518,0.278876864585966,0.167806738210356,NA,NA,-1.02104369656775,0.210724074087359,NA,NA,NA,NA,-0.220234551086017,0.185583339197018,NA,NA,NA,NA,NA,NA,-0.665198742410732,0.599731128138824,0,60.4203287785157,204.730498093582,13,61,435.460996187164,11.9504702023787,0.000228091361803329,NA,1
