"","model","formula","col(Biotic:Tmin)","SEcol(Biotic:Tmin)","col(Biotic)","SEcol(Biotic)","col(Int)","SEcol(Int)","col(Tmax:Biotic)","SEcol(Tmax:Biotic)","col(Tmax)","SEcol(Tmax)","col(Tmin)","SEcol(Tmin)","col(Tvar:Biotic)","SEcol(Tvar:Biotic)","col(Tvar)","SEcol(Tvar)","ext(Biotic:Tmin)","SEext(Biotic:Tmin)","ext(Biotic)","SEext(Biotic)","ext(Int)","SEext(Int)","ext(Tmax:Biotic)","SEext(Tmax:Biotic)","ext(Tmax)","SEext(Tmax)","ext(Tmin)","SEext(Tmin)","ext(Tvar:Biotic)","SEext(Tvar:Biotic)","ext(Tvar)","SEext(Tvar)","p(Biotic:Tmin)","SEp(Biotic:Tmin)","p(Biotic)","SEp(Biotic)","p(Int)","SEp(Int)","p(Tmax:Biotic)","SEp(Tmax:Biotic)","p(Tmax)","SEp(Tmax)","p(Tmin)","SEp(Tmin)","p(Tvar:Biotic)","SEp(Tvar:Biotic)","p(Tvar)","SEp(Tvar)","psi(Elevation)","SEpsi(Elevation)","psi(Int)","SEpsi(Int)","Converge","CondNum","negLogLike","nPars","n","AIC","delta","AICwt","Rsq","cumltvWt"
"1","1","~1 ~ 1 ~ 1 ~ 1",NA,NA,NA,NA,-1.16595184476394,0.522812487816065,NA,NA,NA,NA,NA,NA,NA,NA,NA,NA,NA,NA,NA,NA,-1.02563503019528,0.475800283893987,NA,NA,NA,NA,NA,NA,NA,NA,NA,NA,NA,NA,NA,NA,-1.55436573083424,0.174509436094568,NA,NA,NA,NA,NA,NA,NA,NA,NA,NA,NA,NA,0.752328337512515,0.76363617518696,0,30.669474298394,260.053478213441,4,61,528.106956426881,0,0.102313467732127,NA,0.102313467732127
"10","10","~1 ~ 1 ~ Tmax ~ Tmax",NA,NA,NA,NA,-1.10600069515851,0.531375869771406,NA,NA,NA,NA,NA,NA,NA,NA,NA,NA,NA,NA,NA,NA,-0.983264117513058,0.476010753700056,NA,NA,-0.189920527854949,0.625785794207825,NA,NA,NA,NA,NA,NA,NA,NA,NA,NA,-1.60868272323677,0.175931005823757,NA,NA,0.221702464982535,0.154337309136968,NA,NA,NA,NA,NA,NA,NA,NA,0.751027070372336,0.740745922392754,0,36.6697424960026,258.975083970848,6,61,529.950167941695,1.8432115148139,0.040708444653524,NA,0.143021912385651
"57","57","~1 ~ 1 ~ Tmax^2 ~ Tmax^2",NA,NA,NA,NA,-1.10600069515851,0.531375869771406,NA,NA,NA,NA,NA,NA,NA,NA,NA,NA,NA,NA,NA,NA,-0.983264117513058,0.476010753700056,NA,NA,-0.189920527854949,0.625785794207825,NA,NA,NA,NA,NA,NA,NA,NA,NA,NA,-1.60868272323677,0.175931005823757,NA,NA,0.221702464982535,0.154337309136968,NA,NA,NA,NA,NA,NA,NA,NA,0.751027070372336,0.740745922392754,0,36.6697424960026,258.975083970848,6,61,529.950167941695,1.8432115148139,0.040708444653524,NA,0.183730357039175
"9","9","~1 ~ Tmax ~ 1 ~ Tmax",NA,NA,NA,NA,-1.18594010866894,0.553763061863504,NA,NA,0.120775216207576,0.459832570953126,NA,NA,NA,NA,NA,NA,NA,NA,NA,NA,-1.04211467529777,0.469149403511984,NA,NA,NA,NA,NA,NA,NA,NA,NA,NA,NA,NA,NA,NA,-1.61306571042379,0.175707880415405,NA,NA,0.22339485963936,0.155388935801776,NA,NA,NA,NA,NA,NA,NA,NA,0.79336517286789,0.75065892135158,0,37.5769421789983,258.988722952972,6,61,529.977445905943,1.87048947906203,0.0401569920789911,NA,0.223887349118166
"56","56","~1 ~ Tmax^2 ~ 1 ~ Tmax^2",NA,NA,NA,NA,-1.18594010866894,0.553763061863504,NA,NA,0.120775216207576,0.459832570953126,NA,NA,NA,NA,NA,NA,NA,NA,NA,NA,-1.04211467529777,0.469149403511984,NA,NA,NA,NA,NA,NA,NA,NA,NA,NA,NA,NA,NA,NA,-1.61306571042379,0.175707880415405,NA,NA,0.22339485963936,0.155388935801776,NA,NA,NA,NA,NA,NA,NA,NA,0.79336517286789,0.75065892135158,0,37.5769421789983,258.988722952972,6,61,529.977445905943,1.87048947906203,0.0401569920789911,NA,0.264044341197157
"4","4","~1 ~ 1 ~ Tmin ~ Tmin",NA,NA,NA,NA,-1.26272059727817,0.581980650819434,NA,NA,NA,NA,NA,NA,NA,NA,NA,NA,NA,NA,NA,NA,-1.23154072050817,0.710100563552554,NA,NA,NA,NA,0.717483486717228,0.690339369353399,NA,NA,NA,NA,NA,NA,NA,NA,-1.59733017763702,0.199715108895667,NA,NA,NA,NA,0.0971049340111171,0.182085841271875,NA,NA,NA,NA,NA,NA,1.01718456079727,0.963442031599767,0,65.4884474507286,259.18388579872,6,61,530.367771597441,2.26081517055945,0.0330371844427629,NA,0.29708152563992
"51","51","~1 ~ 1 ~ Tmin^2 ~ Tmin^2",NA,NA,NA,NA,-1.26272059727817,0.581980650819434,NA,NA,NA,NA,NA,NA,NA,NA,NA,NA,NA,NA,NA,NA,-1.23154072050817,0.710100563552554,NA,NA,NA,NA,0.717483486717228,0.690339369353399,NA,NA,NA,NA,NA,NA,NA,NA,-1.59733017763702,0.199715108895667,NA,NA,NA,NA,0.0971049340111171,0.182085841271875,NA,NA,NA,NA,NA,NA,1.01718456079727,0.963442031599767,0,65.4884474507286,259.18388579872,6,61,530.367771597441,2.26081517055945,0.0330371844427629,NA,0.330118710082683
"38","38","~1 ~ 1 ~ Tmax * Biotic ~ Tmax * Biotic",NA,NA,NA,NA,-0.730825124005143,0.463244119358433,NA,NA,NA,NA,NA,NA,NA,NA,NA,NA,NA,NA,0.908975632327906,1.23268044264982,-1.2922912348059,0.647384567292189,3.5922399094139,2.43192587577946,-1.1620676272816,1.16296091058555,NA,NA,NA,NA,NA,NA,NA,NA,0.300185787405392,0.209869461438325,-1.52489590074667,0.178022739969767,-0.232971174317786,0.146754503441662,0.186099856030765,0.144548317377326,NA,NA,NA,NA,NA,NA,NA,NA,0.366036489366869,0.663952334579424,0,617.513413710796,255.270037209596,10,61,530.540074419191,2.43311799230992,0.0303101402281237,NA,0.360428850310806
"81","81","~1 ~ 1 ~ Tmax^2 * Biotic ~ Tmax^2 * Biotic",NA,NA,NA,NA,-0.730825124005143,0.463244119358433,NA,NA,NA,NA,NA,NA,NA,NA,NA,NA,NA,NA,0.908975632327906,1.23268044264982,-1.2922912348059,0.647384567292189,3.5922399094139,2.43192587577946,-1.1620676272816,1.16296091058555,NA,NA,NA,NA,NA,NA,NA,NA,0.300185787405392,0.209869461438325,-1.52489590074667,0.178022739969767,-0.232971174317786,0.146754503441662,0.186099856030765,0.144548317377326,NA,NA,NA,NA,NA,NA,NA,NA,0.366036489366869,0.663952334579424,0,617.513413710796,255.270037209596,10,61,530.540074419191,2.43311799230992,0.0303101402281237,NA,0.39073899053893
"15","15","~1 ~ Tvar ~ 1 ~ Tvar",NA,NA,NA,NA,-1.15922445043949,0.517231672928868,NA,NA,NA,NA,NA,NA,NA,NA,-0.316578013065037,0.601562430085206,NA,NA,NA,NA,-0.989973249925664,0.468512169023998,NA,NA,NA,NA,NA,NA,NA,NA,NA,NA,NA,NA,NA,NA,-1.55620065172471,0.173145297513535,NA,NA,NA,NA,NA,NA,NA,NA,0.118738211397838,0.148208275789238,NA,NA,0.752377643972208,0.764143631675878,0,32.3718297840449,259.536827563051,6,61,531.073655126101,2.96669869921993,0.0232125240804087,NA,0.413951514619339
"62","62","~1 ~ Tvar^2 ~ 1 ~ Tvar^2",NA,NA,NA,NA,-1.15922445043949,0.517231672928868,NA,NA,NA,NA,NA,NA,NA,NA,-0.316578013065037,0.601562430085206,NA,NA,NA,NA,-0.989973249925664,0.468512169023998,NA,NA,NA,NA,NA,NA,NA,NA,NA,NA,NA,NA,NA,NA,-1.55620065172471,0.173145297513535,NA,NA,NA,NA,NA,NA,NA,NA,0.118738211397838,0.148208275789238,NA,NA,0.752377643972208,0.764143631675878,0,32.3718297840449,259.536827563051,6,61,531.073655126101,2.96669869921993,0.0232125240804087,NA,0.437164038699748
"16","16","~1 ~ 1 ~ Tvar ~ Tvar",NA,NA,NA,NA,-1.20009915165809,0.534558684434886,NA,NA,NA,NA,NA,NA,NA,NA,NA,NA,NA,NA,NA,NA,-1.09864736654626,0.504985912505606,NA,NA,NA,NA,NA,NA,NA,NA,0.221759195913962,0.495582515800116,NA,NA,NA,NA,-1.56811258205961,0.172117332902811,NA,NA,NA,NA,NA,NA,NA,NA,0.11459830764234,0.150256841023757,NA,NA,0.746030173110342,0.743463953430678,0,30.8091241331422,259.616209556773,6,61,531.232419113546,3.12546268666426,0.0214411070646118,NA,0.458605145764359
"63","63","~1 ~ 1 ~ Tvar^2 ~ Tvar^2",NA,NA,NA,NA,-1.20009915165809,0.534558684434886,NA,NA,NA,NA,NA,NA,NA,NA,NA,NA,NA,NA,NA,NA,-1.09864736654626,0.504985912505606,NA,NA,NA,NA,NA,NA,NA,NA,0.221759195913962,0.495582515800116,NA,NA,NA,NA,-1.56811258205961,0.172117332902811,NA,NA,NA,NA,NA,NA,NA,NA,0.11459830764234,0.150256841023757,NA,NA,0.746030173110342,0.743463953430678,0,30.8091241331422,259.616209556773,6,61,531.232419113546,3.12546268666426,0.0214411070646118,NA,0.480046252828971
"3","3","~1 ~ Tmin ~ 1 ~ Tmin",NA,NA,NA,NA,-1.08394037129869,0.512384312161867,NA,NA,NA,NA,-0.21831527249066,0.47333011710021,NA,NA,NA,NA,NA,NA,NA,NA,-1.00698864236325,0.477418626099309,NA,NA,NA,NA,NA,NA,NA,NA,NA,NA,NA,NA,NA,NA,-1.53103663753903,0.17850217835004,NA,NA,NA,NA,0.104844569370372,0.192952891616509,NA,NA,NA,NA,NA,NA,0.585454346578567,0.720308246492933,0,28.5819419868918,259.78689587884,6,61,531.573791757679,3.46683533079806,0.0180766969648859,NA,0.498122949793857
"50","50","~1 ~ Tmin^2 ~ 1 ~ Tmin^2",NA,NA,NA,NA,-1.08394037129869,0.512384312161867,NA,NA,NA,NA,-0.21831527249066,0.47333011710021,NA,NA,NA,NA,NA,NA,NA,NA,-1.00698864236325,0.477418626099309,NA,NA,NA,NA,NA,NA,NA,NA,NA,NA,NA,NA,NA,NA,-1.53103663753903,0.17850217835004,NA,NA,NA,NA,0.104844569370372,0.192952891616509,NA,NA,NA,NA,NA,NA,0.585454346578567,0.720308246492933,0,28.5819419868918,259.78689587884,6,61,531.573791757679,3.46683533079806,0.0180766969648859,NA,0.516199646758743
"21","21","~1 ~ Biotic ~ 1 ~ Biotic",NA,NA,0.283174709817,0.58114048484506,-1.20665152758567,0.558686412819438,NA,NA,NA,NA,NA,NA,NA,NA,NA,NA,NA,NA,NA,NA,-1.04586220841761,0.493213359891419,NA,NA,NA,NA,NA,NA,NA,NA,NA,NA,NA,NA,0.0761646346096458,0.199473929015939,-1.535898543277,0.187002539589257,NA,NA,NA,NA,NA,NA,NA,NA,NA,NA,NA,NA,0.715844233838804,0.765371247307127,0,37.3539774096634,259.823845060616,6,61,531.647690121232,3.54073369435093,0.0174209667510859,NA,0.533620613509829
"13","13","~Elevation ~ 1 ~ Tmax ~ Tmax",NA,NA,NA,NA,-1.06820537408438,0.529953824647031,NA,NA,NA,NA,NA,NA,NA,NA,NA,NA,NA,NA,NA,NA,-0.957305554768432,0.471851235830939,NA,NA,-0.206707072014608,0.629763226644057,NA,NA,NA,NA,NA,NA,NA,NA,NA,NA,-1.60459697206763,0.175557437017095,NA,NA,0.223712464126815,0.15470452731748,NA,NA,NA,NA,NA,NA,0.342939681153911,1.0086614338741,0.918803825484934,0.949266854370108,0,93.8592782786817,258.913853942723,7,61,531.827707885447,3.72075145856525,0.0159214233749741,NA,0.549542036884803
"60","60","~Elevation^2 ~ 1 ~ Tmax^2 ~ Tmax^2",NA,NA,NA,NA,-1.06820537408438,0.529953824647031,NA,NA,NA,NA,NA,NA,NA,NA,NA,NA,NA,NA,NA,NA,-0.957305554768432,0.471851235830939,NA,NA,-0.206707072014608,0.629763226644057,NA,NA,NA,NA,NA,NA,NA,NA,NA,NA,-1.60459697206763,0.175557437017095,NA,NA,0.223712464126815,0.15470452731748,NA,NA,NA,NA,NA,NA,0.342939681153911,1.0086614338741,0.918803825484934,0.949266854370108,0,93.8592782786817,258.913853942723,7,61,531.827707885447,3.72075145856525,0.0159214233749741,NA,0.565463460259777
"22","22","~1 ~ 1 ~ Biotic ~ Biotic",NA,NA,NA,NA,-1.13989401403252,0.508962134154355,NA,NA,NA,NA,NA,NA,NA,NA,NA,NA,NA,NA,0.167450742341637,0.8016088995318,-0.981031448834908,0.490217555018528,NA,NA,NA,NA,NA,NA,NA,NA,NA,NA,NA,NA,0.129011428730143,0.276277549820615,-1.51844257105352,0.1852232781214,NA,NA,NA,NA,NA,NA,NA,NA,NA,NA,NA,NA,0.680240955133936,0.752774032533172,0,40.7974671342196,259.935807099613,6,61,531.871614199227,3.76465777234534,0.0155757065421301,NA,0.581039166801907
"12","12","~Elevation ~ Tmax ~ 1 ~ Tmax",NA,NA,NA,NA,-1.15062183841048,0.553107678460878,NA,NA,0.106831087995603,0.458044640266809,NA,NA,NA,NA,NA,NA,NA,NA,NA,NA,-1.02046774118399,0.465900036810015,NA,NA,NA,NA,NA,NA,NA,NA,NA,NA,NA,NA,NA,NA,-1.60885897322497,0.175467519125604,NA,NA,0.225759612593759,0.155754930041037,NA,NA,NA,NA,NA,NA,0.293083832744701,0.998096980725618,0.933016319004024,0.938190893633574,0,89.7191101659734,258.94388695906,7,61,531.887773918119,3.7808174912376,0.0154503640791428,NA,0.59648953088105
"59","59","~Elevation^2 ~ Tmax^2 ~ 1 ~ Tmax^2",NA,NA,NA,NA,-1.15062183841048,0.553107678460878,NA,NA,0.106831087995603,0.458044640266809,NA,NA,NA,NA,NA,NA,NA,NA,NA,NA,-1.02046774118399,0.465900036810015,NA,NA,NA,NA,NA,NA,NA,NA,NA,NA,NA,NA,NA,NA,-1.60885897322497,0.175467519125604,NA,NA,0.225759612593759,0.155754930041037,NA,NA,NA,NA,NA,NA,0.293083832744701,0.998096980725618,0.933016319004024,0.938190893633574,0,89.7191101659734,258.94388695906,7,61,531.887773918119,3.7808174912376,0.0154503640791428,NA,0.611939894960193
"8","8","~1 ~ Tmax ~ Tmax ~ Tmax",NA,NA,NA,NA,-1.14434498012592,0.576840877704479,NA,NA,0.0869539260383458,0.479387692413876,NA,NA,NA,NA,NA,NA,NA,NA,NA,NA,-1.00004337416845,0.489158132312294,NA,NA,-0.154953627443119,0.645795463866714,NA,NA,NA,NA,NA,NA,NA,NA,NA,NA,-1.61119762806337,0.176370984617517,NA,NA,0.222259814134038,0.154333675290696,NA,NA,NA,NA,NA,NA,NA,NA,0.77635780826939,0.756596270062658,0,44.2363595366092,258.95874051757,7,61,531.91748103514,3.81052460825867,0.0152225671777719,NA,0.627162462137965
"55","55","~1 ~ Tmax^2 ~ Tmax^2 ~ Tmax^2",NA,NA,NA,NA,-1.14434498012592,0.576840877704479,NA,NA,0.0869539260383458,0.479387692413876,NA,NA,NA,NA,NA,NA,NA,NA,NA,NA,-1.00004337416845,0.489158132312294,NA,NA,-0.154953627443119,0.645795463866714,NA,NA,NA,NA,NA,NA,NA,NA,NA,NA,-1.61119762806337,0.176370984617517,NA,NA,0.222259814134038,0.154333675290696,NA,NA,NA,NA,NA,NA,NA,NA,0.77635780826939,0.756596270062658,0,44.2363595366092,258.95874051757,7,61,531.91748103514,3.81052460825867,0.0152225671777719,NA,0.642385029315736
"7","7","~Elevation ~ 1 ~ Tmin ~ Tmin",NA,NA,NA,NA,-1.20858148538114,0.584421681892786,NA,NA,NA,NA,NA,NA,NA,NA,NA,NA,NA,NA,NA,NA,-1.15819894480336,0.704649036280599,NA,NA,NA,NA,0.66853682725686,0.675874706517041,NA,NA,NA,NA,NA,NA,NA,NA,-1.57999729000115,0.205819832317998,NA,NA,NA,NA,0.107377076198264,0.189118349126952,NA,NA,NA,NA,0.267648771269737,1.12750385473416,1.08523540444019,1.0394036615661,0,86.6246854188148,259.155967525025,7,61,532.31193505005,4.20497862316836,0.0124977921673231,NA,0.65488282148306
"54","54","~Elevation^2 ~ 1 ~ Tmin^2 ~ Tmin^2",NA,NA,NA,NA,-1.20858148538114,0.584421681892786,NA,NA,NA,NA,NA,NA,NA,NA,NA,NA,NA,NA,NA,NA,-1.15819894480336,0.704649036280599,NA,NA,NA,NA,0.66853682725686,0.675874706517041,NA,NA,NA,NA,NA,NA,NA,NA,-1.57999729000115,0.205819832317998,NA,NA,NA,NA,0.107377076198264,0.189118349126952,NA,NA,NA,NA,0.267648771269737,1.12750385473416,1.08523540444019,1.0394036615661,0,86.6246854188148,259.155967525025,7,61,532.31193505005,4.20497862316836,0.0124977921673231,NA,0.667380613650383
"2","2","~1 ~ Tmin ~ Tmin ~ Tmin",NA,NA,NA,NA,-1.22445501844458,0.603755427863532,NA,NA,NA,NA,-0.0960205075149166,0.498959547675329,NA,NA,NA,NA,NA,NA,NA,NA,-1.22576604895669,0.700611880354438,NA,NA,NA,NA,0.690349643394077,0.695873196112313,NA,NA,NA,NA,NA,NA,NA,NA,-1.59252245363325,0.200006446938798,NA,NA,NA,NA,0.0994135032340006,0.183351750580715,NA,NA,NA,NA,NA,NA,0.959477269403719,0.977421463698503,0,69.0161758549841,259.165103069928,7,61,532.330206139855,4.22324971297405,0.0123841379627832,NA,0.679764751613166
"49","49","~1 ~ Tmin^2 ~ Tmin^2 ~ Tmin^2",NA,NA,NA,NA,-1.22445501844458,0.603755427863532,NA,NA,NA,NA,-0.0960205075149166,0.498959547675329,NA,NA,NA,NA,NA,NA,NA,NA,-1.22576604895669,0.700611880354438,NA,NA,NA,NA,0.690349643394077,0.695873196112313,NA,NA,NA,NA,NA,NA,NA,NA,-1.59252245363325,0.200006446938798,NA,NA,NA,NA,0.0994135032340006,0.183351750580715,NA,NA,NA,NA,NA,NA,0.959477269403719,0.977421463698503,0,69.0161758549841,259.165103069928,7,61,532.330206139855,4.22324971297405,0.0123841379627832,NA,0.692148889575949
"40","40","~Elevation ~ 1 ~ Tmax * Biotic ~ Tmax * Biotic",NA,NA,NA,NA,-0.721584108626897,0.459062031732388,NA,NA,NA,NA,NA,NA,NA,NA,NA,NA,NA,NA,0.867690409466991,1.20705652971159,-1.29088358942271,0.649454931540134,3.66728840684462,2.43014098241949,-1.18449278139363,1.16848538124805,NA,NA,NA,NA,NA,NA,NA,NA,0.285444919516675,0.21638672110658,-1.52974409264986,0.180248168459835,-0.224472901664778,0.151045792885729,0.189887057581468,0.145966532007634,NA,NA,NA,NA,NA,NA,0.254993676620633,0.919830522818391,0.498564775831774,0.859318207113282,0,605.769490150968,255.229491139798,11,61,532.458982279597,4.35202585271531,0.0116118762301854,NA,0.703760765806135
"82","82","~Elevation^2 ~ 1 ~ Tmax^2 * Biotic ~ Tmax^2 * Biotic",NA,NA,NA,NA,-0.721584108626897,0.459062031732388,NA,NA,NA,NA,NA,NA,NA,NA,NA,NA,NA,NA,0.867690409466991,1.20705652971159,-1.29088358942271,0.649454931540134,3.66728840684462,2.43014098241949,-1.18449278139363,1.16848538124805,NA,NA,NA,NA,NA,NA,NA,NA,0.285444919516675,0.21638672110658,-1.52974409264986,0.180248168459835,-0.224472901664778,0.151045792885729,0.189887057581468,0.145966532007634,NA,NA,NA,NA,NA,NA,0.254993676620633,0.919830522818391,0.498564775831774,0.859318207113282,0,605.769490150968,255.229491139798,11,61,532.458982279597,4.35202585271531,0.0116118762301854,NA,0.71537264203632
"18","18","~Elevation ~ Tvar ~ 1 ~ Tvar",NA,NA,NA,NA,-1.11627478668817,0.508087875321828,NA,NA,NA,NA,NA,NA,NA,NA,-0.39348716822236,0.6392932735829,NA,NA,NA,NA,-0.943818338213584,0.45897478987543,NA,NA,NA,NA,NA,NA,NA,NA,NA,NA,NA,NA,NA,NA,-1.54812274276393,0.171317829746762,NA,NA,NA,NA,NA,NA,NA,NA,0.118739509163026,0.14908616990544,0.478253721278537,1.07564282880739,0.997456809008923,1.04844352856002,0,101.829092625567,259.427986360973,7,61,532.855972721946,4.74901629506496,0.00952131687216886,NA,0.724893958908489
"65","65","~Elevation^2 ~ Tvar^2 ~ 1 ~ Tvar^2",NA,NA,NA,NA,-1.11627478668817,0.508087875321828,NA,NA,NA,NA,NA,NA,NA,NA,-0.39348716822236,0.6392932735829,NA,NA,NA,NA,-0.943818338213584,0.45897478987543,NA,NA,NA,NA,NA,NA,NA,NA,NA,NA,NA,NA,NA,NA,-1.54812274276393,0.171317829746762,NA,NA,NA,NA,NA,NA,NA,NA,0.118739509163026,0.14908616990544,0.478253721278537,1.07564282880739,0.997456809008923,1.04844352856002,0,101.829092625567,259.427986360973,7,61,532.855972721946,4.74901629506496,0.00952131687216886,NA,0.734415275780658
"28","28","~Elevation ~ 1 ~ Biotic + Tmin ~ Biotic + Tmin",NA,NA,NA,NA,-1.3386697960392,0.585432357766187,NA,NA,NA,NA,NA,NA,NA,NA,NA,NA,NA,NA,5.17721143236895,4.6475039603601,-5.0546049664168,4.12126341413096,NA,NA,NA,NA,4.86359547892062,3.93217913842793,NA,NA,NA,NA,NA,NA,0.399231260757833,0.16957261097605,-1.64876344808654,0.154725047642174,NA,NA,NA,NA,0.072489705029224,0.170567055057083,NA,NA,NA,NA,-0.417668364572907,1.36031809966635,0.854367647030449,0.845191339786667,0,3567.04586676705,257.43449627457,9,61,532.868992549139,4.76203612225777,0.00945953523674799,NA,0.743874811017406
"72","72","~Elevation^2 ~ 1 ~ Biotic + Tmin^2 ~ Biotic + Tmin^2",NA,NA,NA,NA,-1.3386697960392,0.585432357766187,NA,NA,NA,NA,NA,NA,NA,NA,NA,NA,NA,NA,5.17721143236895,4.6475039603601,-5.0546049664168,4.12126341413096,NA,NA,NA,NA,4.86359547892062,3.93217913842793,NA,NA,NA,NA,NA,NA,0.399231260757833,0.16957261097605,-1.64876344808654,0.154725047642174,NA,NA,NA,NA,0.072489705029224,0.170567055057083,NA,NA,NA,NA,-0.417668364572907,1.36031809966635,0.854367647030449,0.845191339786667,0,3567.04586676705,257.43449627457,9,61,532.868992549139,4.76203612225777,0.00945953523674799,NA,0.753334346254154
"46","46","~1 ~ 1 ~ Tvar + Biotic ~ Tvar + Biotic",NA,NA,NA,NA,-1.1232519889644,0.430755915281371,NA,NA,NA,NA,NA,NA,NA,NA,NA,NA,NA,NA,3.24016500507269,2.78010956253631,-2.05454288403288,1.51233972507846,NA,NA,NA,NA,NA,NA,NA,NA,1.72638299198991,1.7202233774508,NA,NA,0.497346553446322,0.181528875596159,-1.51835400172154,0.15194319874793,NA,NA,NA,NA,NA,NA,NA,NA,0.287285080224944,0.154865102266972,NA,NA,0.284286100334758,0.523611987247299,0,793.981518467107,258.449362741403,8,61,532.898725482806,4.79176905592487,0.00931994554356711,NA,0.762654291797721
"88","88","~1 ~ 1 ~ Tvar^2 + Biotic ~ Tvar^2 + Biotic",NA,NA,NA,NA,-1.1232519889644,0.430755915281371,NA,NA,NA,NA,NA,NA,NA,NA,NA,NA,NA,NA,3.24016500507269,2.78010956253631,-2.05454288403288,1.51233972507846,NA,NA,NA,NA,NA,NA,NA,NA,1.72638299198991,1.7202233774508,NA,NA,0.497346553446322,0.181528875596159,-1.51835400172154,0.15194319874793,NA,NA,NA,NA,NA,NA,NA,NA,0.287285080224944,0.154865102266972,NA,NA,0.284286100334758,0.523611987247299,0,793.981518467107,258.449362741403,8,61,532.898725482806,4.79176905592487,0.00931994554356711,NA,0.771974237341288
"14","14","~1 ~ Tvar ~ Tvar ~ Tvar",NA,NA,NA,NA,-1.17315954139195,0.521316637758356,NA,NA,NA,NA,NA,NA,NA,NA,-0.269338470628019,0.605649035158317,NA,NA,NA,NA,-1.02250516734943,0.498934194847236,NA,NA,NA,NA,NA,NA,NA,NA,0.150563885271581,0.534547111152424,NA,NA,NA,NA,-1.55510773249102,0.17276962162054,NA,NA,NA,NA,NA,NA,NA,NA,0.112817291634302,0.150344916841286,NA,NA,0.730706181899865,0.751130081671949,0,31.0528493817899,259.501069378097,7,61,533.002138756195,4.89518232931346,0.00885028931124113,NA,0.780824526652529
"61","61","~1 ~ Tvar^2 ~ Tvar^2 ~ Tvar^2",NA,NA,NA,NA,-1.17315954139195,0.521316637758356,NA,NA,NA,NA,NA,NA,NA,NA,-0.269338470628019,0.605649035158317,NA,NA,NA,NA,-1.02250516734943,0.498934194847236,NA,NA,NA,NA,NA,NA,NA,NA,0.150563885271581,0.534547111152424,NA,NA,NA,NA,-1.55510773249102,0.17276962162054,NA,NA,NA,NA,NA,NA,NA,NA,0.112817291634302,0.150344916841286,NA,NA,0.730706181899865,0.751130081671949,0,31.0528493817899,259.501069378097,7,61,533.002138756195,4.89518232931346,0.00885028931124113,NA,0.78967481596377
"34","34","~1 ~ 1 ~ Tmax + Biotic ~ Tmax + Biotic",NA,NA,NA,NA,-1.12328795849192,0.523720776879249,NA,NA,NA,NA,NA,NA,NA,NA,NA,NA,NA,NA,0.685754111487285,1.31467007123035,-1.07822307519379,0.703544288502644,NA,NA,0.114297292312492,0.74663394265481,NA,NA,NA,NA,NA,NA,NA,NA,0.277279529195272,0.297534638470868,-1.58406860397893,0.190362025310798,NA,NA,0.275825453371107,0.164872129334164,NA,NA,NA,NA,NA,NA,NA,NA,0.68512015079225,0.712009935497101,0,155.179176667724,258.555707057431,8,61,533.111414114862,5.00445768798068,0.00837970297778663,NA,0.798054518941557
"78","78","~1 ~ 1 ~ Tmax^2 + Biotic ~ Tmax^2 + Biotic",NA,NA,NA,NA,-1.12328795849192,0.523720776879249,NA,NA,NA,NA,NA,NA,NA,NA,NA,NA,NA,NA,0.685754111487285,1.31467007123035,-1.07822307519379,0.703544288502644,NA,NA,0.114297292312492,0.74663394265481,NA,NA,NA,NA,NA,NA,NA,NA,0.277279529195272,0.297534638470868,-1.58406860397893,0.190362025310798,NA,NA,0.275825453371107,0.164872129334164,NA,NA,NA,NA,NA,NA,NA,NA,0.68512015079225,0.712009935497101,0,155.179176667724,258.555707057431,8,61,533.111414114862,5.00445768798068,0.00837970297778663,NA,0.806434221919343
"19","19","~Elevation ~ 1 ~ Tvar ~ Tvar",NA,NA,NA,NA,-1.17463345377851,0.535517384426825,NA,NA,NA,NA,NA,NA,NA,NA,NA,NA,NA,NA,NA,NA,-1.07677503052688,0.504638439695948,NA,NA,NA,NA,NA,NA,NA,NA,0.205878291411931,0.50264186350298,NA,NA,NA,NA,-1.56400309108635,0.172075333844358,NA,NA,NA,NA,NA,NA,NA,NA,0.11603753711031,0.150701674943753,0.224927429075498,1.00745509898739,0.855150539062023,0.929866693499554,0,79.4359897835491,259.590424663468,7,61,533.180849326935,5.07389290005403,0.00809377189160911,NA,0.814527993810953
"66","66","~Elevation^2 ~ 1 ~ Tvar^2 ~ Tvar^2",NA,NA,NA,NA,-1.17463345377851,0.535517384426825,NA,NA,NA,NA,NA,NA,NA,NA,NA,NA,NA,NA,NA,NA,-1.07677503052688,0.504638439695948,NA,NA,NA,NA,NA,NA,NA,NA,0.205878291411931,0.50264186350298,NA,NA,NA,NA,-1.56400309108635,0.172075333844358,NA,NA,NA,NA,NA,NA,NA,NA,0.11603753711031,0.150701674943753,0.224927429075498,1.00745509898739,0.855150539062023,0.929866693499554,0,79.4359897835491,259.590424663468,7,61,533.180849326935,5.07389290005403,0.00809377189160911,NA,0.822621765702562
"42","42","~1 ~ 1 ~ Tvar * Biotic ~ Tvar * Biotic",NA,NA,NA,NA,-1.11349184242657,0.521157770118533,NA,NA,NA,NA,NA,NA,NA,NA,NA,NA,NA,NA,2.68541661923417,3.24574176790108,-1.97389479141724,1.45066688810847,NA,NA,NA,NA,NA,NA,-0.471447163517235,0.682401748992,1.01351114277775,1.35238768810699,NA,NA,0.457255837692015,0.213647353388459,-1.58697414118614,0.163548951027619,NA,NA,NA,NA,NA,NA,-0.290249261593177,0.152093103786457,0.00839398898220426,0.193285180422644,NA,NA,0.473590083592766,0.756267072391264,0,1799.25821759059,256.671794113608,10,61,533.343588227216,5.23663180033452,0.00746126830254316,NA,0.830083034005105
"84","84","~1 ~ 1 ~ Tvar^2 * Biotic ~ Tvar^2 * Biotic",NA,NA,NA,NA,-1.11349184242657,0.521157770118533,NA,NA,NA,NA,NA,NA,NA,NA,NA,NA,NA,NA,2.68541661923417,3.24574176790108,-1.97389479141724,1.45066688810847,NA,NA,NA,NA,NA,NA,-0.471447163517235,0.682401748992,1.01351114277775,1.35238768810699,NA,NA,0.457255837692015,0.213647353388459,-1.58697414118614,0.163548951027619,NA,NA,NA,NA,NA,NA,-0.290249261593177,0.152093103786457,0.00839398898220426,0.193285180422644,NA,NA,0.473590083592766,0.756267072391264,0,1799.25821759059,256.671794113608,10,61,533.343588227216,5.23663180033452,0.00746126830254316,NA,0.837544302307648
"20","20","~1 ~ Biotic ~ Biotic ~ Biotic",NA,NA,0.466724590729247,0.74812262618131,-1.27557375100999,0.626154265946258,NA,NA,NA,NA,NA,NA,NA,NA,NA,NA,NA,NA,0.414666760419484,0.764290555911843,-1.00267357400972,0.490189896038053,NA,NA,NA,NA,NA,NA,NA,NA,NA,NA,NA,NA,0.166758160850453,0.244431505232118,-1.52583413808972,0.184403405367833,NA,NA,NA,NA,NA,NA,NA,NA,NA,NA,NA,NA,0.749203107286471,0.784329943099826,0,56.9429597823402,259.695173451552,7,61,533.390346903105,5.28339047622353,0.00728885213076777,NA,0.844833154438416
"33","33","~1 ~ Tmax + Biotic ~ 1 ~ Tmax + Biotic",NA,NA,0.21399763994559,0.623097792929078,-1.19243932692989,0.565228847912902,NA,NA,-0.00601982244968631,0.473388675867016,NA,NA,NA,NA,NA,NA,NA,NA,NA,NA,-1.05641596153143,0.4803580717587,NA,NA,NA,NA,NA,NA,NA,NA,NA,NA,NA,NA,0.128995148356511,0.200580469428545,-1.57639781824762,0.183384600509349,NA,NA,0.237827972864867,0.157802792408203,NA,NA,NA,NA,NA,NA,NA,NA,0.695261038785875,0.72383150903008,0,40.9507299171594,258.714554364029,8,61,533.429108728058,5.32215230117617,0.00714894764309732,NA,0.851982102081513
"77","77","~1 ~ Tmax^2 + Biotic ~ 1 ~ Tmax^2 + Biotic",NA,NA,0.21399763994559,0.623097792929078,-1.19243932692989,0.565228847912902,NA,NA,-0.00601982244968631,0.473388675867016,NA,NA,NA,NA,NA,NA,NA,NA,NA,NA,-1.05641596153143,0.4803580717587,NA,NA,NA,NA,NA,NA,NA,NA,NA,NA,NA,NA,0.128995148356511,0.200580469428545,-1.57639781824762,0.183384600509349,NA,NA,0.237827972864867,0.157802792408203,NA,NA,NA,NA,NA,NA,NA,NA,0.695261038785875,0.72383150903008,0,40.9507299171594,258.714554364029,8,61,533.429108728058,5.32215230117617,0.00714894764309732,NA,0.85913104972461
"6","6","~Elevation ~ Tmin ~ 1 ~ Tmin",NA,NA,NA,NA,-1.05516766799908,0.503389134489259,NA,NA,NA,NA,-0.181301226334426,0.458692679632268,NA,NA,NA,NA,NA,NA,NA,NA,-0.968797153296668,0.47155078935215,NA,NA,NA,NA,NA,NA,NA,NA,NA,NA,NA,NA,NA,NA,-1.51964955085386,0.178242704986742,NA,NA,NA,NA,0.121982044199599,0.198312260187745,NA,NA,NA,NA,0.325421857332643,0.972050534713643,0.732157967322653,0.887227947070564,0,68.3126203019709,259.730450405816,7,61,533.460900811632,5.35394438475021,0.00703620611861128,NA,0.866167255843222
"53","53","~Elevation^2 ~ Tmin^2 ~ 1 ~ Tmin^2",NA,NA,NA,NA,-1.05516766799908,0.503389134489259,NA,NA,NA,NA,-0.181301226334426,0.458692679632268,NA,NA,NA,NA,NA,NA,NA,NA,-0.968797153296668,0.47155078935215,NA,NA,NA,NA,NA,NA,NA,NA,NA,NA,NA,NA,NA,NA,-1.51964955085386,0.178242704986742,NA,NA,NA,NA,0.121982044199599,0.198312260187745,NA,NA,NA,NA,0.325421857332643,0.972050534713643,0.732157967322653,0.887227947070564,0,68.3126203019709,259.730450405816,7,61,533.460900811632,5.35394438475021,0.00703620611861128,NA,0.873203461961833
"24","24","~Elevation ~ Biotic ~ 1 ~ Biotic",NA,NA,0.258386353845688,0.600431470592747,-1.18684744853106,0.568972023520847,NA,NA,NA,NA,NA,NA,NA,NA,NA,NA,NA,NA,NA,NA,-1.03243477661933,0.498620363226689,NA,NA,NA,NA,NA,NA,NA,NA,NA,NA,NA,NA,0.075236107721697,0.199321076219564,-1.53257954315585,0.187408948742933,NA,NA,NA,NA,NA,NA,NA,NA,NA,NA,0.121911046827483,1.05651276461467,0.767008064815612,0.902930121473165,0,83.3518274191792,259.817085984341,7,61,533.634171968683,5.52721554180141,0.00645227991005379,NA,0.879655741871887
"68","68","~Elevation^2 ~ Biotic ~ 1 ~ Biotic",NA,NA,0.258386353845688,0.600431470592747,-1.18684744853106,0.568972023520847,NA,NA,NA,NA,NA,NA,NA,NA,NA,NA,NA,NA,NA,NA,-1.03243477661933,0.498620363226689,NA,NA,NA,NA,NA,NA,NA,NA,NA,NA,NA,NA,0.075236107721697,0.199321076219564,-1.53257954315585,0.187408948742933,NA,NA,NA,NA,NA,NA,NA,NA,NA,NA,0.121911046827483,1.05651276461467,0.767008064815612,0.902930121473165,0,83.3518274191792,259.817085984341,7,61,533.634171968683,5.52721554180141,0.00645227991005379,NA,0.88610802178194
"11","11","~Elevation ~ Tmax ~ Tmax ~ Tmax",NA,NA,NA,NA,-1.09822527557884,0.580126806661807,NA,NA,0.0649206306786061,0.481284469319551,NA,NA,NA,NA,NA,NA,NA,NA,NA,NA,-0.970241636174302,0.486044595636315,NA,NA,-0.178896845174198,0.655829119886195,NA,NA,NA,NA,NA,NA,NA,NA,NA,NA,-1.60621723646088,0.176060440332675,NA,NA,0.224143674052623,0.154692755997555,NA,NA,NA,NA,NA,NA,0.325602562141049,1.01530806299337,0.927339159505322,0.948939761046348,0,93.5118694717596,258.904748981007,8,61,533.809497962014,5.70254153513292,0.00591073710980181,NA,0.892018758891742
"58","58","~Elevation^2 ~ Tmax^2 ~ Tmax^2 ~ Tmax^2",NA,NA,NA,NA,-1.09822527557884,0.580126806661807,NA,NA,0.0649206306786061,0.481284469319551,NA,NA,NA,NA,NA,NA,NA,NA,NA,NA,-0.970241636174302,0.486044595636315,NA,NA,-0.178896845174198,0.655829119886195,NA,NA,NA,NA,NA,NA,NA,NA,NA,NA,-1.60621723646088,0.176060440332675,NA,NA,0.224143674052623,0.154692755997555,NA,NA,NA,NA,NA,NA,0.325602562141049,1.01530806299337,0.927339159505322,0.948939761046348,0,93.5118694717596,258.904748981007,8,61,533.809497962014,5.70254153513292,0.00591073710980181,NA,0.897929496001544
"25","25","~Elevation ~ 1 ~ Biotic ~ Biotic",NA,NA,NA,NA,-1.12349722546462,0.50627442726836,NA,NA,NA,NA,NA,NA,NA,NA,NA,NA,NA,NA,0.123602079486658,0.789351163063095,-0.973776020358257,0.486439941003054,NA,NA,NA,NA,NA,NA,NA,NA,NA,NA,NA,NA,0.115295575455832,0.274853800458512,-1.51748772231373,0.183704607260477,NA,NA,NA,NA,NA,NA,NA,NA,NA,NA,0.225863357008676,1.01217863682287,0.790147323367411,0.93280360140468,0,84.1528924258888,259.910485501646,7,61,533.820971003292,5.71401457641014,0.00587692711297166,NA,0.903806423114516
"69","69","~Elevation^2 ~ 1 ~ Biotic ~ Biotic",NA,NA,NA,NA,-1.12349722546462,0.50627442726836,NA,NA,NA,NA,NA,NA,NA,NA,NA,NA,NA,NA,0.123602079486658,0.789351163063095,-0.973776020358257,0.486439941003054,NA,NA,NA,NA,NA,NA,NA,NA,NA,NA,NA,NA,0.115295575455832,0.274853800458512,-1.51748772231373,0.183704607260477,NA,NA,NA,NA,NA,NA,NA,NA,NA,NA,0.225863357008676,1.01217863682287,0.790147323367411,0.93280360140468,0,84.1528924258888,259.910485501646,7,61,533.820971003292,5.71401457641014,0.00587692711297166,NA,0.909683350227487
"45","45","~1 ~ Tvar + Biotic ~ 1 ~ Tvar + Biotic",NA,NA,0.302754299204874,0.586487591111547,-1.20807503899104,0.550538275079585,NA,NA,NA,NA,NA,NA,NA,NA,-0.343087247572221,0.551124758500914,NA,NA,NA,NA,-1.01600178090337,0.479898967599856,NA,NA,NA,NA,NA,NA,NA,NA,NA,NA,NA,NA,0.155470185178139,0.21104419231503,-1.51202739775414,0.182460421466967,NA,NA,NA,NA,NA,NA,NA,NA,0.160536493421838,0.163165038287478,NA,NA,0.656050033801322,0.738540176074532,0,39.7678748555503,259.072593349669,8,61,534.145186699337,6.03823027245585,0.00499744197964977,NA,0.914680792207137
"87","87","~1 ~ Tvar^2 + Biotic ~ 1 ~ Tvar^2 + Biotic",NA,NA,0.302754299204874,0.586487591111547,-1.20807503899104,0.550538275079585,NA,NA,NA,NA,NA,NA,NA,NA,-0.343087247572221,0.551124758500914,NA,NA,NA,NA,-1.01600178090337,0.479898967599856,NA,NA,NA,NA,NA,NA,NA,NA,NA,NA,NA,NA,0.155470185178139,0.21104419231503,-1.51202739775414,0.182460421466967,NA,NA,NA,NA,NA,NA,NA,NA,0.160536493421838,0.163165038287478,NA,NA,0.656050033801322,0.738540176074532,0,39.7678748555503,259.072593349669,8,61,534.145186699337,6.03823027245585,0.00499744197964977,NA,0.919678234186787
"5","5","~Elevation ~ Tmin ~ Tmin ~ Tmin",NA,NA,NA,NA,-1.17689019645715,0.6002198014019,NA,NA,NA,NA,-0.0847033999999893,0.475543457893072,NA,NA,NA,NA,NA,NA,NA,NA,-1.15682787701213,0.697171403227196,NA,NA,NA,NA,0.647652824909903,0.677634658962439,NA,NA,NA,NA,NA,NA,NA,NA,-1.57642999508914,0.205151591113543,NA,NA,NA,NA,0.110059373307766,0.190816142966507,NA,NA,NA,NA,0.255698494938764,1.12284819286348,1.03154644482151,1.05517073833849,0,86.9977449933958,259.139821132396,8,61,534.279642264792,6.17268583791076,0.00467251931790713,NA,0.924350753504694
"52","52","~Elevation^2 ~ Tmin^2 ~ Tmin^2 ~ Tmin^2",NA,NA,NA,NA,-1.17689019645715,0.6002198014019,NA,NA,NA,NA,-0.0847033999999893,0.475543457893072,NA,NA,NA,NA,NA,NA,NA,NA,-1.15682787701213,0.697171403227196,NA,NA,NA,NA,0.647652824909903,0.677634658962439,NA,NA,NA,NA,NA,NA,NA,NA,-1.57642999508914,0.205151591113543,NA,NA,NA,NA,0.110059373307766,0.190816142966507,NA,NA,NA,NA,0.255698494938764,1.12284819286348,1.03154644482151,1.05517073833849,0,86.9977449933958,259.139821132396,8,61,534.279642264792,6.17268583791076,0.00467251931790713,NA,0.929023272822601
"48","48","~Elevation ~ 1 ~ Tvar + Biotic ~ Tvar + Biotic",NA,NA,NA,NA,-1.14901353126874,0.436385255294432,NA,NA,NA,NA,NA,NA,NA,NA,NA,NA,NA,NA,3.36573574671051,2.83534947776767,-2.13164263613028,1.53132918994952,NA,NA,NA,NA,NA,NA,NA,NA,1.79769144219987,1.76653897905106,NA,NA,0.49587334158606,0.180654438829142,-1.52596317667472,0.152287567230922,NA,NA,NA,NA,NA,NA,NA,NA,0.283568215322854,0.155381121329533,-0.299929513896065,0.628538441301127,0.176639213085799,0.563597106795502,0,827.97658393291,258.333054624804,9,61,534.666109249609,6.55915282272736,0.00385150854842684,NA,0.932874781371028
"90","90","~Elevation^2 ~ 1 ~ Tvar^2 + Biotic ~ Tvar^2 + Biotic",NA,NA,NA,NA,-1.14901353126874,0.436385255294432,NA,NA,NA,NA,NA,NA,NA,NA,NA,NA,NA,NA,3.36573574671051,2.83534947776767,-2.13164263613028,1.53132918994952,NA,NA,NA,NA,NA,NA,NA,NA,1.79769144219987,1.76653897905106,NA,NA,0.49587334158606,0.180654438829142,-1.52596317667472,0.152287567230922,NA,NA,NA,NA,NA,NA,NA,NA,0.283568215322854,0.155381121329533,-0.299929513896065,0.628538441301127,0.176639213085799,0.563597106795502,0,827.97658393291,258.333054624804,9,61,534.666109249609,6.55915282272736,0.00385150854842684,NA,0.936726289919455
"43","43","~Elevation ~ 1 ~ Tvar * Biotic ~ Tvar * Biotic",NA,NA,NA,NA,-1.17399569812029,0.510289805844255,NA,NA,NA,NA,NA,NA,NA,NA,NA,NA,NA,NA,3.14297943411492,2.55304233309291,-2.21879525036243,1.36728833091004,NA,NA,NA,NA,NA,NA,-0.548512534874918,0.735971813098407,1.16333979752528,1.03343207058105,NA,NA,0.46351371277785,0.18577905367485,-1.60817169508511,0.163431301066948,NA,NA,NA,NA,NA,NA,-0.300185442750156,0.150278013066495,-0.00112914104794691,0.185184942517812,-0.596018471587773,0.805251571834905,0.308468194602634,0.640366695852018,0,1119.19144492013,256.365731808199,11,61,534.731463616399,6.62450718951754,0.0037276861979811,NA,0.940453976117436
"85","85","~Elevation^2 ~ 1 ~ Tvar^2 * Biotic ~ Tvar^2 * Biotic",NA,NA,NA,NA,-1.17399569812029,0.510289805844255,NA,NA,NA,NA,NA,NA,NA,NA,NA,NA,NA,NA,3.14297943411492,2.55304233309291,-2.21879525036243,1.36728833091004,NA,NA,NA,NA,NA,NA,-0.548512534874918,0.735971813098407,1.16333979752528,1.03343207058105,NA,NA,0.46351371277785,0.18577905367485,-1.60817169508511,0.163431301066948,NA,NA,NA,NA,NA,NA,-0.300185442750156,0.150278013066495,-0.00112914104794691,0.185184942517812,-0.596018471587773,0.805251571834905,0.308468194602634,0.640366695852018,0,1119.19144492013,256.365731808199,11,61,534.731463616399,6.62450718951754,0.0037276861979811,NA,0.944181662315417
"26","26","~1 ~ Biotic + Tmin ~ 1 ~ Biotic + Tmin",NA,NA,0.426646337932247,0.637099850366029,-1.13852957297058,0.575570987226253,NA,NA,NA,NA,-0.375377653752661,0.504250508463696,NA,NA,NA,NA,NA,NA,NA,NA,-1.07705553356056,0.51854495472609,NA,NA,NA,NA,NA,NA,NA,NA,NA,NA,NA,NA,0.0882345236201377,0.199130846125093,-1.51995835409957,0.190772167752324,NA,NA,NA,NA,0.0897710583464058,0.191991548905956,NA,NA,NA,NA,NA,NA,0.55292307583662,0.71072927145958,0,40.8617637174158,259.389240169294,8,61,534.778480338587,6.671523911706,0.00364107642040987,NA,0.947822738735827
"70","70","~1 ~ Biotic + Tmin^2 ~ 1 ~ Biotic + Tmin^2",NA,NA,0.426646337932247,0.637099850366029,-1.13852957297058,0.575570987226253,NA,NA,NA,NA,-0.375377653752661,0.504250508463696,NA,NA,NA,NA,NA,NA,NA,NA,-1.07705553356056,0.51854495472609,NA,NA,NA,NA,NA,NA,NA,NA,NA,NA,NA,NA,0.0882345236201377,0.199130846125093,-1.51995835409957,0.190772167752324,NA,NA,NA,NA,0.0897710583464058,0.191991548905956,NA,NA,NA,NA,NA,NA,0.55292307583662,0.71072927145958,0,40.8617637174158,259.389240169294,8,61,534.778480338587,6.671523911706,0.00364107642040987,NA,0.951463815156237
"17","17","~Elevation ~ Tvar ~ Tvar ~ Tvar",NA,NA,NA,NA,-1.12772405861871,0.514206857164164,NA,NA,NA,NA,NA,NA,NA,NA,-0.356638192783976,0.66330362062907,NA,NA,NA,NA,-0.965711980372589,0.489157475226042,NA,NA,NA,NA,NA,NA,NA,NA,0.0955608657630727,0.565750232420384,NA,NA,NA,NA,-1.54712331506351,0.171314299097463,NA,NA,NA,NA,NA,NA,NA,NA,0.114910343449111,0.151127553918918,0.434995887091755,1.08912826469391,0.95681003604299,1.0409881492264,0,105.738841278755,259.414692150955,8,61,534.829384301909,6.72242787502773,0.00354957321865845,NA,0.955013388374895
"64","64","~Elevation^2 ~ Tvar^2 ~ Tvar^2 ~ Tvar^2",NA,NA,NA,NA,-1.12772405861871,0.514206857164164,NA,NA,NA,NA,NA,NA,NA,NA,-0.356638192783976,0.66330362062907,NA,NA,NA,NA,-0.965711980372589,0.489157475226042,NA,NA,NA,NA,NA,NA,NA,NA,0.0955608657630727,0.565750232420384,NA,NA,NA,NA,-1.54712331506351,0.171314299097463,NA,NA,NA,NA,NA,NA,NA,NA,0.114910343449111,0.151127553918918,0.434995887091755,1.08912826469391,0.95681003604299,1.0409881492264,0,105.738841278755,259.414692150955,8,61,534.829384301909,6.72242787502773,0.00354957321865845,NA,0.958562961593554
"36","36","~Elevation ~ 1 ~ Tmax + Biotic ~ Tmax + Biotic",NA,NA,NA,NA,-1.11887292174333,0.529688213147741,NA,NA,NA,NA,NA,NA,NA,NA,NA,NA,NA,NA,0.633951748105466,1.44406181061093,-1.06013864216457,0.71240712233641,NA,NA,0.0953492302776212,0.784636843628538,NA,NA,NA,NA,NA,NA,NA,NA,0.266723495331286,0.331785889587297,-1.58195403322013,0.190429403759202,NA,NA,0.274096750066959,0.166608702314846,NA,NA,NA,NA,NA,NA,0.0712449440884655,1.14069581217508,0.722954045754615,0.944593061947066,0,238.256537248882,258.553777210587,9,61,535.107554421175,7.00059799429334,0.00308867537117461,NA,0.961651636964728
"80","80","~Elevation^2 ~ 1 ~ Tmax^2 + Biotic ~ Tmax^2 + Biotic",NA,NA,NA,NA,-1.11887292174333,0.529688213147741,NA,NA,NA,NA,NA,NA,NA,NA,NA,NA,NA,NA,0.633951748105466,1.44406181061093,-1.06013864216457,0.71240712233641,NA,NA,0.0953492302776212,0.784636843628538,NA,NA,NA,NA,NA,NA,NA,NA,0.266723495331286,0.331785889587297,-1.58195403322013,0.190429403759202,NA,NA,0.274096750066959,0.166608702314846,NA,NA,NA,NA,NA,NA,0.0712449440884655,1.14069581217508,0.722954045754615,0.944593061947066,0,238.256537248882,258.553777210587,9,61,535.107554421175,7.00059799429334,0.00308867537117461,NA,0.964740312335903
"44","44","~1 ~ Tvar + Biotic ~ Tvar + Biotic ~ Tvar + Biotic",NA,NA,0.958658861123816,0.840140777228426,-1.636905537945,0.676440153496043,NA,NA,NA,NA,NA,NA,NA,NA,-0.093804881426241,0.470829955699226,NA,NA,3.17184739337606,2.51621920793277,-2.05940437368745,1.39953559611186,NA,NA,NA,NA,NA,NA,NA,NA,1.85454696944836,1.57837837149012,NA,NA,0.460809223553366,0.203755632294246,-1.52941558225928,0.15702256463048,NA,NA,NA,NA,NA,NA,NA,NA,0.282519577188774,0.156505329893976,NA,NA,0.467202544796616,0.539103252433777,0,659.089188207023,257.589454172848,10,61,535.178908345697,7.07195191881556,0.00298042335025209,NA,0.967720735686155
"86","86","~1 ~ Tvar^2 + Biotic ~ Tvar^2 + Biotic ~ Tvar^2 + Biotic",NA,NA,0.958658861123816,0.840140777228426,-1.636905537945,0.676440153496043,NA,NA,NA,NA,NA,NA,NA,NA,-0.093804881426241,0.470829955699226,NA,NA,3.17184739337606,2.51621920793277,-2.05940437368745,1.39953559611186,NA,NA,NA,NA,NA,NA,NA,NA,1.85454696944836,1.57837837149012,NA,NA,0.460809223553366,0.203755632294246,-1.52941558225928,0.15702256463048,NA,NA,NA,NA,NA,NA,NA,NA,0.282519577188774,0.156505329893976,NA,NA,0.467202544796616,0.539103252433777,0,659.089188207023,257.589454172848,10,61,535.178908345697,7.07195191881556,0.00298042335025209,NA,0.970701159036407
"23","23","~Elevation ~ Biotic ~ Biotic ~ Biotic",NA,NA,0.618181115645618,1.00606147456943,-1.37252121334017,0.782218606155493,NA,NA,NA,NA,NA,NA,NA,NA,NA,NA,NA,NA,0.533787833294733,0.859471774331226,-1.02854849555134,0.511172188493804,NA,NA,NA,NA,NA,NA,NA,NA,NA,NA,NA,NA,0.189319370704769,0.246386800829889,-1.53631000677675,0.192639218372236,NA,NA,NA,NA,NA,NA,NA,NA,NA,NA,-0.31454967469121,1.29475099198668,0.670662263750945,0.796577711369,0,157.958263792383,259.667045464699,8,61,535.334090929397,7.2271345025157,0.00275791252603637,NA,0.973459071562443
"67","67","~Elevation^2 ~ Biotic ~ Biotic ~ Biotic",NA,NA,0.618181115645618,1.00606147456943,-1.37252121334017,0.782218606155493,NA,NA,NA,NA,NA,NA,NA,NA,NA,NA,NA,NA,0.533787833294733,0.859471774331226,-1.02854849555134,0.511172188493804,NA,NA,NA,NA,NA,NA,NA,NA,NA,NA,NA,NA,0.189319370704769,0.246386800829889,-1.53631000677675,0.192639218372236,NA,NA,NA,NA,NA,NA,NA,NA,NA,NA,-0.31454967469121,1.29475099198668,0.670662263750945,0.796577711369,0,157.958263792383,259.667045464699,8,61,535.334090929397,7.2271345025157,0.00275791252603637,NA,0.97621698408848
"35","35","~Elevation ~ Tmax + Biotic ~ 1 ~ Tmax + Biotic",NA,NA,0.17227546026882,0.625763241752907,-1.16383611456811,0.565712780722629,NA,NA,0.00112147425392671,0.470785828596424,NA,NA,NA,NA,NA,NA,NA,NA,NA,NA,-1.03944969627354,0.47808039224668,NA,NA,NA,NA,NA,NA,NA,NA,NA,NA,NA,NA,0.127076769244543,0.199514586603528,-1.57471983190272,0.18218535228436,NA,NA,0.239872855315774,0.158086689132965,NA,NA,NA,NA,NA,NA,0.203898121071392,1.01186851595326,0.796615077909468,0.916991760036581,0,102.412502712493,258.693911972826,9,61,535.387823945652,7.28086751877049,0.00268480353588921,NA,0.978901787624369
"79","79","~Elevation^2 ~ Tmax^2 + Biotic ~ 1 ~ Tmax^2 + Biotic",NA,NA,0.17227546026882,0.625763241752907,-1.16383611456811,0.565712780722629,NA,NA,0.00112147425392671,0.470785828596424,NA,NA,NA,NA,NA,NA,NA,NA,NA,NA,-1.03944969627354,0.47808039224668,NA,NA,NA,NA,NA,NA,NA,NA,NA,NA,NA,NA,0.127076769244543,0.199514586603528,-1.57471983190272,0.18218535228436,NA,NA,0.239872855315774,0.158086689132965,NA,NA,NA,NA,NA,NA,0.203898121071392,1.01186851595326,0.796615077909468,0.916991760036581,0,102.412502712493,258.693911972826,9,61,535.387823945652,7.28086751877049,0.00268480353588921,NA,0.981586591160258
"47","47","~Elevation ~ Tvar + Biotic ~ 1 ~ Tvar + Biotic",NA,NA,0.244620247274814,0.589692819405765,-1.17100596136727,0.540733277549877,NA,NA,NA,NA,NA,NA,NA,NA,-0.38836639784798,0.595249908609516,NA,NA,NA,NA,-0.98535126498312,0.477298087663218,NA,NA,NA,NA,NA,NA,NA,NA,NA,NA,NA,NA,0.148786142651495,0.208543774756022,-1.51031816265432,0.179236430531673,NA,NA,NA,NA,NA,NA,NA,NA,0.157089364248044,0.162614396119002,0.300764794543802,1.11644756781234,0.817373304842747,1.02015215256376,0,123.05927662751,259.034559103713,9,61,536.069118207425,7.96216178054385,0.00190972723585209,NA,0.98349631839611
"89","89","~Elevation^2 ~ Tvar^2 + Biotic ~ 1 ~ Tvar^2 + Biotic",NA,NA,0.244620247274814,0.589692819405765,-1.17100596136727,0.540733277549877,NA,NA,NA,NA,NA,NA,NA,NA,-0.38836639784798,0.595249908609516,NA,NA,NA,NA,-0.98535126498312,0.477298087663218,NA,NA,NA,NA,NA,NA,NA,NA,NA,NA,NA,NA,0.148786142651495,0.208543774756022,-1.51031816265432,0.179236430531673,NA,NA,NA,NA,NA,NA,NA,NA,0.157089364248044,0.162614396119002,0.300764794543802,1.11644756781234,0.817373304842747,1.02015215256376,0,123.05927662751,259.034559103713,9,61,536.069118207425,7.96216178054385,0.00190972723585209,NA,0.985406045631962
"37","37","~1 ~ Tmax * Biotic ~ 1 ~ Tmax * Biotic",NA,NA,0.241480856069329,0.66321912796937,-1.17004330507853,0.616301300303587,-0.155730055775832,0.610918058705138,0.141125525901484,0.710422027710952,NA,NA,NA,NA,NA,NA,NA,NA,NA,NA,-1.09228819928832,0.526528191308357,NA,NA,NA,NA,NA,NA,NA,NA,NA,NA,NA,NA,0.170358575789207,0.214989184985864,-1.60472879742573,0.191237281213631,-0.199352866415365,0.169978869217906,0.169655102563457,0.15359136088815,NA,NA,NA,NA,NA,NA,NA,NA,0.868242116810609,0.83180438120128,0,69.9573246445458,258.148236552748,10,61,536.296473105497,8.18951667861518,0.00170451902535091,NA,0.987110564657313
"30","30","~1 ~ 1 ~ Biotic * Tmin ~ Biotic * Tmin",NA,NA,NA,NA,-1.08647427329854,0.486670999787121,NA,NA,NA,NA,NA,NA,NA,NA,NA,NA,0.708695117030598,0.837334531147923,-0.197415726125266,0.870057252766249,-1.04946870250905,0.59400842753919,NA,NA,NA,NA,0.73894251743691,0.747021090901683,NA,NA,NA,NA,-0.11556875093321,0.293396433925401,0.0331278500142735,0.303081604814023,-1.52097265873274,0.188315320074687,NA,NA,NA,NA,0.0941655318456755,0.200975747717871,NA,NA,NA,NA,NA,NA,0.927884352242254,0.90218376912505,0,67.8123378013404,258.304377357841,10,61,536.608754715681,8.50179828879982,0.00145811159330872,NA,0.988568676250622
"74","74","~1 ~ 1 ~ Biotic * Tmin^2 ~ Biotic * Tmin^2",NA,NA,NA,NA,-1.08647427329854,0.486670999787121,NA,NA,NA,NA,NA,NA,NA,NA,NA,NA,0.708695117030598,0.837334531147923,-0.197415726125266,0.870057252766249,-1.04946870250905,0.59400842753919,NA,NA,NA,NA,0.73894251743691,0.747021090901683,NA,NA,NA,NA,-0.11556875093321,0.293396433925401,0.0331278500142735,0.303081604814023,-1.52097265873274,0.188315320074687,NA,NA,NA,NA,0.0941655318456755,0.200975747717871,NA,NA,NA,NA,NA,NA,0.927884352242254,0.90218376912505,0,67.8123378013404,258.304377357841,10,61,536.608754715681,8.50179828879982,0.00145811159330872,NA,0.990026787843931
"41","41","~1 ~ Tvar * Biotic ~ Tvar * Biotic ~ Tvar * Biotic",NA,NA,1.2801195932794,0.968360474373043,-1.76775093259716,0.778248691211432,NA,NA,NA,NA,NA,NA,-0.344982128381234,0.717082774012701,-0.0308729787528075,0.65226117576069,NA,NA,3.005625936222,2.60409140236067,-2.19216492910188,1.31382395200394,NA,NA,NA,NA,NA,NA,-0.579446401223148,0.684332362765625,1.19881647952381,1.13080267581488,NA,NA,0.428639927006216,0.195516457723461,-1.60424101866815,0.15864259182901,NA,NA,NA,NA,NA,NA,-0.300135315691195,0.145616278341511,-0.0096741891939371,0.181740646187772,NA,NA,0.663945173844437,0.641039396706215,0,1187.22384229738,255.360814923995,13,61,536.72162984799,8.61467342110814,0.00137809843478927,NA,0.99140488627872
"83","83","~1 ~ Tvar^2 * Biotic ~ Tvar^2 * Biotic ~ Tvar^2 * Biotic",NA,NA,1.2801195932794,0.968360474373043,-1.76775093259716,0.778248691211432,NA,NA,NA,NA,NA,NA,-0.344982128381234,0.717082774012701,-0.0308729787528075,0.65226117576069,NA,NA,3.005625936222,2.60409140236067,-2.19216492910188,1.31382395200394,NA,NA,NA,NA,NA,NA,-0.579446401223148,0.684332362765625,1.19881647952381,1.13080267581488,NA,NA,0.428639927006216,0.195516457723461,-1.60424101866815,0.15864259182901,NA,NA,NA,NA,NA,NA,-0.300135315691195,0.145616278341511,-0.0096741891939371,0.181740646187772,NA,NA,0.663945173844437,0.641039396706215,0,1187.22384229738,255.360814923995,13,61,536.72162984799,8.61467342110814,0.00137809843478927,NA,0.992782984713509
"27","27","~Elevation ~ Biotic + Tmin ~ 1 ~ Biotic + Tmin",NA,NA,0.422123687654479,0.711934294082602,-1.13519045713468,0.633126233780285,NA,NA,NA,NA,-0.372356070483255,0.54239710718965,NA,NA,NA,NA,NA,NA,NA,NA,-1.0739212462122,0.564010493681049,NA,NA,NA,NA,NA,NA,NA,NA,NA,NA,NA,NA,0.0880649896881743,0.19987441590695,-1.51902126533059,0.200070417384393,NA,NA,NA,NA,0.0907984934140594,0.208356652765816,NA,NA,NA,NA,0.0139268308397014,1.09442935056695,0.557412253738152,0.797773026580109,0,95.5050659163221,259.389155669135,9,61,536.77831133827,8.67135491138902,0.00133959034961737,NA,0.994122575063127
"71","71","~Elevation^2 ~ Biotic + Tmin^2 ~ 1 ~ Biotic + Tmin^2",NA,NA,0.422123687654479,0.711934294082602,-1.13519045713468,0.633126233780285,NA,NA,NA,NA,-0.372356070483255,0.54239710718965,NA,NA,NA,NA,NA,NA,NA,NA,-1.0739212462122,0.564010493681049,NA,NA,NA,NA,NA,NA,NA,NA,NA,NA,NA,NA,0.0880649896881743,0.19987441590695,-1.51902126533059,0.200070417384393,NA,NA,NA,NA,0.0907984934140594,0.208356652765816,NA,NA,NA,NA,0.0139268308397014,1.09442935056695,0.557412253738152,0.797773026580109,0,95.5050659163221,259.389155669135,9,61,536.77831133827,8.67135491138902,0.00133959034961737,NA,0.995462165412744
"29","29","~1 ~ Biotic * Tmin ~ 1 ~ Biotic * Tmin",-0.364514791529542,0.490827119899275,0.370644311966526,0.519860067537363,-1.03213900098335,0.49533981614106,NA,NA,NA,NA,-0.198155832423404,0.446246316228617,NA,NA,NA,NA,NA,NA,NA,NA,-0.903404109857311,0.479517824478777,NA,NA,NA,NA,NA,NA,NA,NA,NA,NA,-0.261559094477186,0.32473088053048,0.05985975527868,0.228074113589964,-1.45917463851093,0.195243841298028,NA,NA,NA,NA,0.0114310039768079,0.216667584552325,NA,NA,NA,NA,NA,NA,0.491759098297086,0.677425949211422,0,28.9986135255148,258.705503776098,10,61,537.411007552196,9.30405112531423,0.000976301087375584,NA,0.99643846650012
"73","73","~1 ~ Biotic * Tmin^2 ~ 1 ~ Biotic * Tmin^2",-0.364514791529542,0.490827119899275,0.370644311966526,0.519860067537363,-1.03213900098335,0.49533981614106,NA,NA,NA,NA,-0.198155832423404,0.446246316228617,NA,NA,NA,NA,NA,NA,NA,NA,-0.903404109857311,0.479517824478777,NA,NA,NA,NA,NA,NA,NA,NA,NA,NA,-0.261559094477186,0.32473088053048,0.05985975527868,0.228074113589964,-1.45917463851093,0.195243841298028,NA,NA,NA,NA,0.0114310039768079,0.216667584552325,NA,NA,NA,NA,NA,NA,0.491759098297086,0.677425949211422,0,28.9986135255148,258.705503776098,10,61,537.411007552196,9.30405112531423,0.000976301087375584,NA,0.997414767587495
"39","39","~Elevation ~ Tmax * Biotic ~ 1 ~ Tmax * Biotic",NA,NA,0.271576229453745,0.748365994722694,-1.18599994907304,0.654692025416407,-0.166435810874527,0.635599492636942,0.146085757278614,0.722687581623875,NA,NA,NA,NA,NA,NA,NA,NA,NA,NA,-1.10192304281041,0.547328613586223,NA,NA,NA,NA,NA,NA,NA,NA,NA,NA,NA,NA,0.172011894464998,0.216428938776301,-1.60693274250199,0.193694020672063,-0.203452882796617,0.174100998902602,0.167297425911346,0.154780707858057,NA,NA,NA,NA,NA,NA,-0.119314053617691,1.19388247580518,0.821915062581948,0.92535291827514,0,155.022931644196,258.143202490278,11,61,538.286404980556,10.1794485536743,0.000630222111900065,NA,0.998044989699395
"32","32","~Elevation ~ 1 ~ Biotic * Tmin ~ Biotic * Tmin",NA,NA,NA,NA,-1.06190416421926,0.484484246855151,NA,NA,NA,NA,NA,NA,NA,NA,NA,NA,0.740118654749783,0.828361896906184,-0.151685017593801,0.808129022503113,-1.00928176838884,0.578304718396453,NA,NA,NA,NA,0.749099911123422,0.730542457049986,NA,NA,NA,NA,-0.0900007616951374,0.282856807580873,0.0415573746059458,0.280451182960551,-1.51499029226642,0.185473522727331,NA,NA,NA,NA,0.107092637497282,0.205878956722751,NA,NA,NA,NA,0.249939053123966,1.21587011352253,1.02864394478115,1.07425289824571,0,121.912241139052,258.283982634408,11,61,538.567965268816,10.4610088419349,0.000547461517578565,NA,0.998592451216974
"76","76","~Elevation^2 ~ 1 ~ Biotic * Tmin^2 ~ Biotic * Tmin^2",NA,NA,NA,NA,-1.06190416421926,0.484484246855151,NA,NA,NA,NA,NA,NA,NA,NA,NA,NA,0.740118654749783,0.828361896906184,-0.151685017593801,0.808129022503113,-1.00928176838884,0.578304718396453,NA,NA,NA,NA,0.749099911123422,0.730542457049986,NA,NA,NA,NA,-0.0900007616951374,0.282856807580873,0.0415573746059458,0.280451182960551,-1.51499029226642,0.185473522727331,NA,NA,NA,NA,0.107092637497282,0.205878956722751,NA,NA,NA,NA,0.249939053123966,1.21587011352253,1.02864394478115,1.07425289824571,0,121.912241139052,258.283982634408,11,61,538.567965268816,10.4610088419349,0.000547461517578565,NA,0.999139912734552
"31","31","~Elevation ~ Biotic * Tmin ~ 1 ~ Biotic * Tmin",-0.404635254060607,0.547023900083602,0.405782925506973,0.626936657174824,-1.22468513489644,0.805597459327861,NA,NA,NA,NA,-0.243845409315131,0.548087057094718,NA,NA,NA,NA,NA,NA,NA,NA,-1.00636712513055,0.635552278096862,NA,NA,NA,NA,NA,NA,NA,NA,NA,NA,-0.330563655533529,0.339078478421416,0.0748994778155235,0.229537042565921,-1.49333636466044,0.232993636987941,NA,NA,NA,NA,-0.0532748295627297,0.243317268551683,NA,NA,NA,NA,-0.658981282494295,1.36076567111302,0.495117256628904,0.824329309873511,0,141.731054603271,258.52538813111,11,61,539.050776262221,10.9438198353394,0.000430043632723799,NA,0.999569956367276
"75","75","~Elevation^2 ~ Biotic * Tmin^2 ~ 1 ~ Biotic * Tmin^2",-0.404635254060607,0.547023900083602,0.405782925506973,0.626936657174824,-1.22468513489644,0.805597459327861,NA,NA,NA,NA,-0.243845409315131,0.548087057094718,NA,NA,NA,NA,NA,NA,NA,NA,-1.00636712513055,0.635552278096862,NA,NA,NA,NA,NA,NA,NA,NA,NA,NA,-0.330563655533529,0.339078478421416,0.0748994778155235,0.229537042565921,-1.49333636466044,0.232993636987941,NA,NA,NA,NA,-0.0532748295627297,0.243317268551683,NA,NA,NA,NA,-0.658981282494295,1.36076567111302,0.495117256628904,0.824329309873511,0,141.731054603271,258.52538813111,11,61,539.050776262221,10.9438198353394,0.000430043632723799,NA,1
